#{"t_start": 1777931314.6209788, "env_id": "None"}
r,l,t
4.569171,64,4.615288
26.522523,388,4.980767
20.780729,468,5.434835
-15.652052,900,6.257743
39.352271,788,6.970989
1.398215,86,7.07911
3.792707,278,7.3311
-2.194178,66,7.408157
7.742781,148,7.565265
-16.017099,1,7.596006
25.384965,108,13.881963
65.484184,192,14.087626
-16.013872,1,14.111814
33.374435,105,14.227236
19.827712,78,14.313071
34.723482,109,14.423178
22.217753,88,14.534724
19.326291,119,14.661454
4.404779,48,14.724505
-16.014912,1,14.751338
33.7839,109,19.404406
13.609129,90,19.533402
19.762053,90,19.646547
66.058891,182,19.872482
66.448029,148,20.057465
57.859855,153,20.251476
34.587596,117,20.378189
57.706813,159,20.575862
51.974777,163,20.747739
9.853962,91,20.85874
14.68694,60,27.215388
23.447502,81,27.311391
23.213376,64,27.393845
28.132544,89,27.511197
52.79375,132,27.650949
52.354562,116,27.775368
23.375059,85,27.869154
52.258013,124,28.005882
51.699541,141,28.154293
22.490817,88,28.258369
44.576215,95,35.215541
30.724893,80,35.320378
30.841969,78,35.425369
17.745426,61,35.504096
30.551508,71,35.586802
14.957257,56,35.659285
61.270123,102,35.839419
36.226469,95,35.945782
8.475282,36,36.000536
19.417179,56,36.08096
33.682803,75,42.032971
33.251374,79,42.145802
53.561556,112,42.296612
44.248057,86,42.411787
44.558392,90,42.521821
30.326374,66,42.619095
16.017604,53,42.703504
23.516379,68,42.799468
15.924865,59,42.877966
16.046501,58,42.963439
14.3192,54,50.708261
46.557104,90,50.829973
6.290975,34,50.889115
81.721292,123,51.055059
33.920216,68,51.152863
28.308511,66,51.25476
47.167644,87,51.363254
20.726079,51,51.455114
14.40188,55,51.545008
45.072362,84,51.673273
81.45537,122,58.473429
34.069708,66,58.56376
14.52986,47,58.640014
23.929476,58,58.722473
33.712458,72,58.820572
81.347785,130,58.989272
6.206561,38,59.055826
46.683196,91,59.168877
14.571611,49,59.24841
47.064198,88,59.363885
52.791145,89,67.077761
6.475498,37,67.209739
46.753279,83,67.32077
179.063789,208,67.582858
47.030806,80,67.683948
175.296475,209,67.901188
15.554248,53,67.967833
15.405156,51,68.035675
38.98464,73,68.116424
46.94504,81,68.20763
47.348154,77,76.008677
227.399498,276,76.290014
227.468992,287,76.574712
227.596132,273,76.860242
227.549186,279,77.154723
15.508915,44,77.208191
227.846208,280,77.508313
82.077516,108,77.640218
81.932213,109,77.769064
14.618677,43,77.832717
47.787249,72,83.816976
80.713485,110,83.967554
15.523349,51,84.040892
47.829592,74,84.142181
46.321678,74,84.23973
6.431576,29,84.300236
227.714027,277,84.649008
181.468865,197,84.891466
59.802044,87,85.036379
180.892331,203,85.257727
115.49763,144,92.459421
71.250162,93,92.560448
14.203755,43,92.62736
241.282526,289,92.950488
234.783256,275,93.238361
242.064506,293,93.537809
115.338435,144,93.732277
14.263224,44,93.855979
48.916122,79,93.947418
115.709563,142,94.118911
70.90412,95,99.376824
-16.070889,1,99.402642
115.54504,143,99.605834
220.842836,257,99.907109
238.866743,275,100.22187
71.369362,97,100.324239
235.23865,270,100.624251
115.313631,142,100.807976
47.412475,70,100.891848
15.529346,48,100.956823
290.841011,312,108.176502
81.856775,99,108.294817
14.062892,44,108.361346
71.647421,95,108.461206
103.370363,126,108.600984
292.146867,313,108.918519
-8.046694,1,108.943141
13.971553,41,109.004447
15.58539,45,109.070946
4.996615,31,109.116652
47.323927,68,116.102992
207.51121,202,116.30928
200.475029,211,116.525127
303.773018,304,116.839339
70.890155,90,116.948687
71.062014,92,117.042348
81.865665,96,117.166115
81.744367,95,117.284343
103.067555,118,117.424027
191.105555,200,117.649864
81.665102,97,122.898563
297.010159,306,123.231519
47.035063,70,123.309268
81.637033,100,123.490476
239.31721,249,123.737956
115.391954,125,123.897402
207.493908,199,124.104287
298.641768,302,124.398033
268.969678,252,124.640923
395.796567,401,125.06887
792.26909,770,132.723829
395.419712,394,133.21055
348.287922,345,133.566677
46.926822,69,133.654541
289.593367,294,133.955769
81.728379,100,134.085302
76.136666,92,134.180047
81.213325,101,134.301411
290.766417,295,134.604415
206.937452,201,134.816832
47.091919,67,139.616355
790.221354,785,140.502366
81.412238,95,140.620629
15.873888,39,140.670974
81.327177,99,140.795118
46.964762,65,140.876834
15.841613,38,140.929497
-16.066214,1,140.95611
70.429432,89,141.045267
47.909974,66,141.127908
15.55669,39,147.439991
-8.037986,1,147.465543
789.487074,793,148.384607
789.15579,794,149.190519
14.715479,36,149.249494
642.109192,643,149.92797
233.909737,226,150.214423
16.155384,36,150.274784
641.84851,662,150.938862
16.175005,36,150.986171
70.370358,86,157.357808
70.266346,91,157.458114
288.326032,300,157.760316
13.841749,39,157.824095
229.793881,218,158.0598
14.274011,38,158.120342
286.614529,265,158.390031
309.399104,308,158.716652
789.087137,769,159.496971
711.291618,480,159.970657
309.763251,314,164.822033
309.482969,314,165.145785
102.707821,118,165.279885
102.308482,122,165.422152
712.810316,488,165.885507
388.032309,381,166.278304
788.861332,744,167.034026
309.123099,322,167.370389
102.304995,120,167.51488
49.890527,70,167.592902
309.546512,295,174.060382
16.157468,37,174.119222
711.56701,458,174.548288
712.407134,464,175.005533
243.724799,218,175.238091
309.181046,310,175.547076
-8.065145,1,175.575577
15.448329,36,175.624937
50.257885,68,175.713093
102.610931,116,175.84727
-16.068384,1,182.667979
71.164837,87,182.767462
102.583944,112,182.903394
17.172413,38,182.955425
241.173556,210,183.166438
309.485039,289,183.478558
71.070395,88,183.565738
15.88939,40,183.621645
71.358261,90,183.711728
14.185819,40,183.774004
80.029644,88,188.236181
788.619312,712,188.951866
70.426641,84,189.041832
239.404575,209,189.262731
50.376677,69,189.347459
50.081206,67,189.424668
309.310051,288,189.718952
15.794659,38,189.778148
70.182034,83,189.866025
70.790227,88,189.960691
-16.053049,1,195.744787
15.662689,40,195.803869
16.007199,42,195.859814
15.538261,39,195.921799
789.493667,713,196.653901
51.09823,67,196.735607
13.980168,38,196.796365
14.639744,39,196.856745
713.080691,441,197.275574
15.624293,41,197.328067
50.667389,68,201.602142
102.538119,117,201.7382
14.192523,39,201.798743
50.121156,67,201.876526
1076.239969,784,202.676292
50.616528,72,202.768836
1076.774961,793,203.643507
242.226584,208,203.864178
102.889508,114,203.997259
303.219107,288,204.295902
70.689158,87,210.363028
316.718638,292,210.663977
75.625333,91,210.766355
712.896809,430,211.166755
15.307776,35,211.232369
102.683549,114,211.371351
15.420999,37,211.434303
68.989171,83,211.528311
13.866119,39,211.588004
102.369687,115,211.724034
70.737494,80,217.856981
287.129451,233,218.090095
75.692741,86,218.184376
286.97288,231,218.404742
50.627823,65,218.483169
15.339345,37,218.522383
15.158765,36,218.58599
712.373163,424,218.982681
50.318254,65,219.060901
70.626798,82,219.168179
50.265249,63,223.724793
16.081313,35,223.779406
791.130532,682,224.47567
70.485488,81,224.566432
70.917944,83,224.657584
98.768742,107,224.783799
244.433782,207,224.9973
712.3171,424,225.403864
68.294212,85,225.496943
287.724803,233,225.733944
14.944469,37,231.528439
14.936549,36,231.590364
49.8938,64,231.684095
233.031734,186,231.876833
286.977847,230,232.112202
789.930245,671,232.818173
70.710187,82,232.904937
17.018367,38,232.960058
68.736357,82,233.057814
1076.009089,728,233.815634
14.425858,36,237.930084
15.736364,36,237.991407
71.217049,78,238.077127
70.315668,80,238.167696
15.527417,41,238.224009
308.81835,279,238.530864
321.503505,285,238.841335
14.249445,34,238.89491
1074.483351,723,239.621742
15.808072,39,239.677901
316.906807,272,245.660381
80.77203,86,245.770379
68.155246,79,245.862544
286.265186,224,246.075556
50.483082,61,246.165111
14.420232,34,246.220241
712.800487,417,246.62892
71.335098,81,246.723353
70.942725,77,246.807242
15.857479,38,246.864436
15.801255,38,252.884088
322.304048,277,253.163371
75.71184,86,253.257509
411.697863,353,253.610435
15.000689,37,253.663082
711.589524,409,254.052109
69.799898,79,254.141
287.319443,220,254.368645
711.845208,405,254.756243
105.842247,102,254.883137
102.367194,104,258.91696
710.939319,416,259.312556
13.969076,34,259.367623
50.236931,62,259.444289
14.113186,37,259.497061
15.426261,37,259.551331
70.784532,80,259.637608
288.993159,219,259.861517
102.394738,105,259.98851
1076.15482,700,260.718402
790.87538,646,267.409862
69.923456,82,267.49584
285.609314,219,267.725037
245.408184,193,267.91387
239.048853,185,268.125736
75.819632,84,268.225706
22.554067,41,268.277516
102.245582,103,268.40872
14.606725,32,268.530561
316.607362,259,268.802056
101.924731,105,272.601266
15.733492,39,272.662158
311.43003,251,272.909776
14.349287,36,272.968751
104.827539,102,273.097245
712.932735,398,273.507898
46.634838,61,273.58366
102.507336,106,273.698595
15.639951,33,273.763946
15.522295,37,273.819841
321.807488,262,279.974038
70.192851,75,280.059346
14.289345,31,280.109492
63.117929,71,280.200213
70.588273,80,280.290277
712.209086,382,280.651455
218.247246,172,280.84194
49.695296,63,280.932941
15.642207,40,280.990042
102.574992,99,281.108894
75.480077,85,286.935684
71.239165,75,287.020278
712.258853,376,287.38422
712.712252,371,287.74768
70.148267,80,287.849029
-8.055033,1,287.872097
70.645703,75,287.950722
712.193664,375,288.315291
71.332569,79,288.406235
16.105575,36,288.459064
15.99833,34,292.673528
1078.117232,662,293.351876
-16.059917,1,293.376638
15.700251,37,293.431452
317.565402,249,293.684286
805.223239,603,294.289989
16.043586,39,294.3439
566.143063,291,294.632334
102.268126,101,294.758961
74.754919,84,294.84929
70.763369,77,300.987621
15.857526,39,301.102317
106.552648,105,301.207105
75.590204,79,301.298959
15.489223,32,301.346508
102.48795,100,301.47832
713.576635,365,301.829398
322.798337,251,302.092836
102.725036,96,302.214835
342.287324,263,302.486023
713.938879,357,308.711396
15.912571,39,308.764726
102.765526,97,308.886558
290.515294,225,309.119903
310.080517,231,309.353121
70.675428,72,309.428183
106.860005,90,309.529447
15.991625,38,309.589626
83.551946,56,309.655815
15.786062,36,309.710997
15.395857,35,313.652769
48.449701,55,313.721442
712.837216,364,314.085356
343.275141,264,314.357404
83.375017,85,314.448387
15.759663,34,314.501782
68.498875,75,314.588578
75.842608,76,314.67936
304.519118,234,314.922076
14.652399,34,314.982716
794.055088,563,321.492713
71.096975,77,321.583144
15.445778,39,321.636169
344.098677,259,321.908413
713.059788,358,322.249933
15.821698,35,322.306478
713.615,359,322.652767
75.386258,81,322.74071
713.738624,361,323.095851
389.627911,283,323.469722
1077.852593,632,328.334069
107.914332,91,328.439422
277.027131,194,328.636613
102.471244,97,328.75732
712.673844,356,329.102307
1077.740415,630,329.735429
712.0412,363,330.08904
15.959211,35,330.140053
15.508361,34,330.192699
-16.063217,1,330.22153
791.572432,554,336.653439
106.51924,100,336.764588
240.955715,171,336.945371
391.465281,285,337.248953
298.403663,219,337.497603
1080.254415,607,338.132757
15.741147,37,338.187827
304.08469,229,338.429888
62.693933,64,338.509314
50.574823,58,338.575971
102.228165,99,344.681346
50.058183,59,344.742102
74.335853,70,344.831017
68.395903,74,344.908673
232.318086,165,345.075584
15.499881,36,345.132278
244.474154,170,345.303087
713.667071,347,345.620162
1079.524043,608,346.251419
-16.045849,1,346.275402
241.550725,165,350.513416
82.571363,46,350.584258
102.826206,93,350.778541
68.671314,76,350.881361
14.584903,32,350.940445
98.96868,92,351.076806
231.001067,164,351.258467
642.082314,440,351.709661
82.375919,82,351.796067
714.778104,345,352.167729
50.078226,59,357.892369
325.32355,241,358.147426
246.150314,170,358.328085
15.215953,36,358.388697
102.636626,93,358.496629
102.804935,93,358.612824
15.272332,34,358.669178
714.936436,339,358.995191
71.891055,79,359.082704
23.604106,41,359.147552
102.369048,94,363.555289
74.321887,68,363.6592
713.165942,347,363.999665
50.024828,57,364.075169
286.738933,188,364.270425
286.731469,193,364.468984
1079.817948,593,365.071082
713.111413,348,365.416295
70.496498,77,365.501433
714.895099,345,365.831384
242.033047,163,371.893408
15.75294,37,371.951335
794.650608,522,372.519384
15.661115,36,372.572443
15.911015,36,372.625772
101.241779,96,372.743912
75.980529,76,372.840599
714.179584,330,373.167414
897.046701,428,373.581179
6.177024,26,373.631962
362.833756,244,379.990708
50.092469,60,380.054772
103.918549,91,380.173556
76.135673,78,380.26384
103.551686,93,380.37825
14.158152,36,380.433554
102.18797,94,380.548725
409.914277,289,380.876201
102.376051,91,380.992619
23.451356,41,381.051786
15.895136,36,385.053384
72.012897,75,385.143115
1079.423163,573,385.755297
81.097486,78,385.855564
106.381891,100,385.970205
15.697999,38,386.019499
102.473655,95,386.140971
71.33436,76,386.228126
343.714787,246,386.474662
792.390459,523,387.017124
714.812006,332,393.316075
229.536919,182,393.525828
795.419121,518,394.188563
344.372443,234,394.469448
70.532561,77,394.565119
15.735079,37,394.631481
16.821303,36,394.69833
23.155711,41,394.764772
15.981843,34,394.824181
81.950925,86,394.931
714.215308,331,399.750956
298.197963,206,399.956177
344.864686,242,400.209301
70.211958,72,400.289509
72.120247,72,400.376463
15.816119,35,400.428021
1080.094017,569,401.003866
324.125654,224,401.251111
103.843598,92,401.367384
1080.98786,559,401.947214
106.60917,101,408.108522
344.326162,239,408.421395
49.8153,60,408.498393
15.501282,38,408.554516
343.788246,247,408.824197
79.821096,79,408.927199
102.464514,94,409.043824
72.376331,73,409.132391
242.373306,159,409.298769
714.672403,336,409.628515
15.230236,36,415.188005
102.621243,90,415.305208
313.781758,212,415.532221
80.191723,77,415.632077
15.748939,36,415.686725
71.771735,72,415.76656
51.036053,60,415.843154
15.259388,41,415.900412
413.651101,282,416.190971
107.533503,100,416.294026
50.816008,58,420.304022
106.595173,99,420.413613
-8.058433,1,420.443838
50.270553,57,420.512769
286.501982,186,420.706645
71.284809,76,420.790379
102.927121,90,420.91276
-16.049904,1,420.939583
23.706638,37,421.000008
343.20263,233,421.256555
108.725452,85,427.123626
102.487401,91,427.237113
76.212116,77,427.322716
70.667732,73,427.401881
242.342423,164,427.596377
71.937285,75,427.682195
1081.041059,539,428.262129
14.250691,32,428.312902
397.233534,263,428.60606
715.272178,326,428.944528
102.601566,92,434.833038
1082.959942,541,435.355157
105.620331,104,435.465445
187.596955,151,435.608014
507.04353,219,435.865781
71.556767,74,435.947488
106.83889,96,436.049193
284.870471,194,436.259435
1081.548779,533,436.834956
222.9521,171,437.033972
244.282225,154,441.825737
414.836462,271,442.156708
106.718601,100,442.279127
325.570857,220,442.556658
897.852458,400,443.021874
71.685327,75,443.127573
75.695736,81,443.233222
716.27914,326,443.646343
414.481013,272,444.006016
72.00189,70,444.101464
305.596248,213,450.224947
297.889956,188,450.424924
229.540667,176,450.595199
15.677327,38,450.643295
50.301534,58,450.715371
241.550256,156,450.885934
15.542927,39,450.938914
1082.307511,531,451.478952
99.630253,85,451.585471
102.973316,87,451.694355
304.78179,203,456.003127
299.521894,198,456.208188
716.952433,315,456.520584
15.48856,38,456.584682
71.960811,77,456.669623
412.81192,264,456.959965
-8.066445,1,456.985647
411.888527,272,457.292961
228.686571,182,457.474609
1080.757174,531,458.020078
50.204714,59,463.957512
75.942802,75,464.055856
343.712063,223,464.316247
415.428896,268,464.601387
49.870565,62,464.729163
343.988593,222,464.966755
15.586805,40,465.028455
285.019256,186,465.230962
345.596088,218,465.464114
50.177995,56,465.534108
287.218467,176,471.940475
242.637201,155,472.097623
80.949395,74,472.199936
106.26072,97,472.29723
15.500605,37,472.346431
412.620847,269,472.604555
103.033475,87,472.718189
16.821368,39,472.763228
568.157587,254,473.01722
15.509121,39,473.063199
102.95771,88,477.281995
795.384252,495,477.79118
99.488199,86,477.903644
245.171866,156,478.057366
-16.046583,1,478.090459
278.082358,171,478.285937
289.055841,184,478.475632
15.277648,40,478.53575
50.013886,58,478.607839
244.300937,154,478.784223
410.808709,263,484.746087
900.748294,383,485.116513
715.68793,305,485.416826
289.476148,178,485.606568
107.075492,95,485.704738
1082.679213,528,486.238516
22.398857,39,486.301105
143.360636,114,486.438566
343.790487,224,486.673395
801.152111,483,487.188062
410.801161,262,491.296925
288.151947,175,491.486771
716.153987,304,491.771736
898.495407,390,492.164832
1082.076617,521,492.696542
50.11929,59,492.830216
121.978302,105,492.941029
102.558112,91,493.05212
714.962844,309,493.359546
15.378667,38,493.404825
124.803865,102,499.527285
71.715313,74,499.616505
15.391327,38,499.670012
15.706849,42,499.72765
102.514523,89,499.837076
245.387176,154,500.003798
1082.351755,511,500.522717
15.710886,40,500.58279
23.784716,37,500.640074
15.489409,42,500.693021
714.952167,313,506.962255
714.968094,313,507.252331
899.128606,382,507.626533
16.859088,39,507.682312
412.366484,260,507.951751
106.328359,97,508.055792
714.922674,316,508.363782
898.855694,378,508.73393
415.022446,258,509.004767
101.983661,95,509.102366
4.747333,25,513.16854
899.786203,385,513.633169
899.440352,379,514.001745
102.676667,90,514.118696
898.94193,384,514.509915
715.907024,307,514.809234
105.986943,98,514.919927
23.361933,39,514.97837
297.550873,189,515.177403
80.869372,74,515.273241
23.657697,41,520.965064
125.541582,112,521.084529
714.890808,315,521.398636
897.522214,380,521.765381
81.074566,75,521.863881
71.502201,70,521.941913
107.292129,99,522.042308
72.651022,71,522.123831
15.677871,36,522.181019
411.969189,259,522.447221
716.413178,304,526.908952
714.881477,304,527.213539
898.39064,377,527.576113
899.719623,390,527.955045
70.175073,73,528.092661
15.427329,37,528.146428
411.580132,251,528.42058
298.583485,191,528.625073
567.30137,241,528.865661
344.953225,224,529.121376
1081.271168,517,535.26164
1082.941298,516,535.80178
50.448863,55,535.868953
23.889971,38,535.9279
241.317539,152,536.084111
122.064742,106,536.215716
899.487011,378,536.594888
714.896501,296,536.872932
288.726464,175,537.073179
72.123216,70,537.154254
415.279721,251,543.353793
1081.86803,512,543.872007
292.682027,189,544.069247
14.350754,30,544.118351
899.774973,385,544.512882
567.366999,238,544.750829
715.710556,302,545.051365
50.103478,58,545.126596
75.554327,76,545.215136
122.695014,106,545.325248
289.379486,174,549.330802
104.083476,89,549.443093
1083.228308,499,549.949343
102.677,89,550.05888
15.517121,33,550.111586
1083.927903,492,550.625738
352.65865,219,550.9398
15.661861,34,550.995574
356.47133,223,551.226001
81.235342,74,551.323289
506.82604,215,557.095902
345.5788,220,557.332874
-16.068361,1,557.36222
15.835542,34,557.414927
106.559089,101,557.521253
15.440886,33,557.5703
142.890727,113,557.71034
1083.085326,502,558.218705
1084.107976,495,558.72668
1083.651349,492,559.231416
567.826898,244,563.46825
716.587183,305,563.768579
15.243418,32,563.824966
1082.870931,487,564.330098
106.163538,94,564.435306
15.215197,35,564.496433
898.694588,379,564.860074
297.156714,181,565.051795
247.164283,148,565.208987
716.448284,302,565.498908
414.679865,252,571.836025
1083.269641,489,572.340452
716.800738,305,572.636502
898.485373,376,573.014668
23.531694,41,573.075102
505.694894,214,573.278804
1082.356138,504,573.798396
15.73035,35,573.847155
15.74628,33,573.904564
15.542241,38,573.955726
411.93188,255,580.429905
82.210562,79,580.520821
411.145151,246,580.798624
14.189064,34,580.861982
1083.410457,493,581.385769
82.320633,54,581.457223
104.248367,88,581.574054
106.561364,97,581.672182
899.729386,376,582.112327
14.58561,34,582.167168
23.558394,40,586.365849
506.637062,204,586.571804
103.078752,85,586.682167
288.679884,176,586.867745
233.547087,170,587.058838
1083.080439,489,587.568836
901.109221,369,587.934189
568.175208,242,588.174735
715.98171,304,588.470899
15.527909,34,588.527584
1083.980073,481,595.118687
68.871764,70,595.208703
412.188838,250,595.480447
650.729605,371,595.867465
714.974947,294,596.160393
716.908574,291,596.448456
244.201506,150,596.619416
15.218823,32,596.671251
63.333414,60,596.750903
415.504414,249,597.004259
264.814476,179,603.291164
1083.190447,498,603.8215
567.859968,239,604.079463
507.591725,206,604.320331
245.186604,154,604.527101
74.209587,65,604.618955
716.1073,296,604.96012
716.425525,301,605.271731
398.578466,232,605.544597
415.040455,252,605.870651
314.517769,196,610.825451
414.906613,256,611.127548
-8.04647,1,611.163675
107.332206,94,611.282278
22.680472,40,611.342545
14.652503,38,611.412527
15.960486,35,611.46449
297.496041,188,611.702752
506.256455,208,611.993198
898.944615,363,612.388105
1084.613762,482,619.110154
102.976148,87,619.223009
716.904578,288,619.533653
412.633044,241,619.799713
82.952571,43,619.861045
412.099364,246,620.127055
299.146701,184,620.333188
796.76793,445,620.8196
246.558558,154,620.992065
81.836089,51,621.076283
900.859342,374,625.826948
716.586219,295,626.118527
229.787864,169,626.292078
298.418913,179,626.501753
49.576443,54,626.578141
1083.147074,491,627.09331
5.21198,24,627.133144
14.207247,30,627.191824
1085.828584,472,627.702893
1083.196481,490,628.214054
23.334554,38,634.047347
568.387364,234,634.285206
567.668332,236,634.53103
412.153503,244,634.804471
23.367183,39,634.871605
1083.134989,472,635.374794
507.061076,204,635.575669
243.297436,149,635.765921
82.276609,44,635.831203
70.495492,71,635.911307
105.60963,96,642.051229
715.48631,297,642.330292
583.715268,325,642.687404
1084.072056,468,643.264652
567.149281,240,643.503248
1083.227348,485,644.016019
567.94727,229,644.236392
50.118965,56,644.311378
716.580234,298,644.617988
103.244101,82,644.724433
15.282516,30,648.922348
15.646371,35,648.97817
567.584941,241,649.24468
898.37294,371,649.611838
413.524809,253,649.887222
14.220787,31,649.951094
413.274245,242,650.217102
120.579856,92,650.337945
15.776526,39,650.394542
314.233527,193,650.598879
506.33254,214,656.387539
325.898372,192,656.597179
899.690242,357,656.94627
245.241337,151,657.110556
225.040564,167,657.276405
320.150612,202,657.47809
70.958147,68,657.570158
80.648557,53,657.64387
900.734701,365,658.011248
715.341822,297,658.306193
15.415451,30,662.361582
505.766501,213,662.572002
716.641641,296,662.872819
72.08669,70,662.954192
899.180051,367,663.318077
1082.644436,469,663.814435
1082.876088,486,664.311399
414.86159,247,664.572259
1082.868868,475,665.084648
288.882593,171,665.262292
-8.066285,1,670.847295
229.261775,167,671.010393
71.786341,70,671.088071
103.180393,83,671.201975
143.291554,113,671.334836
226.397361,162,671.503722
343.944452,203,671.723006
23.394477,40,671.786647
82.366276,41,671.844238
413.992885,239,672.175448
1083.727814,465,678.54166
232.935883,165,678.737742
122.141382,105,678.848293
415.011537,249,679.11034
230.724988,172,679.294117
14.744776,30,679.350814
568.237974,239,679.578892
715.350859,286,679.881554
230.249114,166,680.063463
22.722113,35,680.127131
15.71695,36,684.158607
716.387678,289,684.44109
716.828025,291,684.728403
715.363298,289,685.016858
17.015517,35,685.078316
15.563837,39,685.128348
50.354716,60,685.204638
1083.978981,465,685.689135
413.405428,241,685.957047
566.613169,239,686.195859
15.828319,32,692.075914
379.79395,224,692.324644
415.640008,243,692.581607
23.412428,41,692.649812
507.079034,210,692.857851
103.691483,86,692.96133
15.772131,38,693.015244
15.475735,35,693.069902
568.656135,233,693.299016
412.089026,244,693.560872
568.586446,233,697.673918
99.849767,81,697.772631
1081.889958,471,698.2599
15.628749,38,698.316299
299.186233,187,698.521073
263.69375,180,698.714653
412.07795,243,698.974776
102.764251,86,699.088735
898.534762,369,699.447646
1083.776199,461,699.952903
16.044531,36,705.675313
230.825435,167,705.923624
1083.663666,476,706.407139
15.666622,35,706.464355
414.019769,246,706.736189
81.295346,51,706.802608
717.045511,283,707.071886
14.530016,36,707.12972
899.325875,358,707.468865
716.32467,292,707.769239
325.741441,200,713.752174
15.687449,33,713.798033
716.241459,285,714.074418
716.823363,298,714.368885
398.18502,228,714.621415
89.527975,85,714.713567
288.485341,174,714.898009
81.406733,52,714.954131
716.258434,285,715.253657
15.893638,34,715.307359
566.372576,241,719.815487
81.756029,49,719.882304
345.899884,207,720.103412
567.554605,238,720.333991
505.957096,205,720.532193
415.64727,232,720.78077
23.508484,38,720.845697
568.066084,237,721.077014
102.825032,83,721.187839
23.511489,38,721.246268
1083.241035,475,727.623282
245.853412,146,727.79209
49.881823,54,727.860348
15.288791,30,727.911738
229.323041,159,728.06205
225.536936,163,728.249467
314.580397,188,728.440879
123.333202,108,728.561553
233.770053,160,728.742723
15.188748,33,728.794307
15.561619,31,734.387188
223.0403,156,734.558871
716.897203,287,734.827509
15.271957,37,734.881503
71.307582,71,735.018103
298.687026,185,735.220456
506.159897,203,735.43271
416.870322,238,735.675461
23.549868,39,735.734762
298.25861,186,735.928011
79.907808,70,740.1565
288.486804,170,740.346405
899.441036,362,740.712168
14.574319,37,740.772713
505.817443,211,740.9736
567.747372,231,741.200655
-16.056782,1,741.225094
287.153156,175,741.412477
146.674423,116,741.554439
716.329082,285,741.834265
1084.630225,468,748.162389
716.262043,295,748.456963
415.684192,243,748.733673
716.454384,292,749.016641
1084.058585,476,749.50826
102.821181,82,749.624066
567.970139,230,749.859495
72.279289,68,749.940529
324.206969,197,750.167593
49.717525,59,750.240362
143.348322,109,754.290083
83.447639,75,754.385132
411.409816,239,754.64253
15.658377,38,754.698713
290.614158,170,754.877889
716.901069,289,755.178573
144.846014,113,755.308209
-16.062416,1,755.342258
69.185958,69,755.434154
17.198852,35,755.483334
567.062491,232,761.58843
506.527401,204,761.786041
16.925402,37,761.842818
568.555615,236,762.075806
1083.144023,477,762.568793
1082.721888,459,763.056869
15.443386,38,763.11516
898.8976,357,763.472074
1082.684511,474,764.034092
899.71742,366,764.408524
415.676673,236,770.43021
715.252681,291,770.699772
-8.077436,1,770.726498
506.225543,215,770.927197
714.516481,289,771.203407
567.606853,236,771.429839
16.98423,33,771.480651
15.439111,31,771.538609
900.42747,352,771.897185
412.019712,245,772.15999
68.139398,60,776.029927
22.704719,38,776.086062
118.618615,99,776.206644
414.122735,247,776.482572
716.340804,292,776.777864
102.892395,86,776.893159
102.087807,87,777.001463
315.17233,187,777.199995
71.252364,70,777.282035
411.397093,245,777.538189
505.533948,201,783.800538
567.528322,235,784.047711
1081.542647,481,784.538214
286.861156,180,784.724689
286.721535,172,784.903323
412.39756,244,785.169138
49.434466,56,785.236
-16.079767,1,785.264209
102.30344,88,785.375227
16.636486,34,785.424406
412.866216,251,789.358963
899.043112,358,789.736546
22.540786,36,789.853996
565.992878,243,790.080069
-8.045157,1,790.115143
105.888632,90,790.213275
-16.054701,1,790.237592
363.581397,217,790.480089
568.691741,238,790.712567
567.412337,229,790.943604
15.664309,33,796.986866
22.46298,39,797.056573
415.054078,240,797.305199
142.00357,111,797.438128
898.400013,370,797.796631
287.982908,175,797.998577
22.782741,35,798.055561
1085.702425,454,798.561615
313.842838,193,798.761583
898.706637,361,799.11429
568.395396,243,805.200688
-8.07983,1,805.228401
505.549488,212,805.425446
23.286494,41,805.482269
415.176036,247,805.749609
1084.152211,472,806.241801
714.654631,281,806.516302
15.708767,36,806.574906
15.09527,34,806.632398
900.282586,367,806.996091
117.909877,98,810.848085
412.643123,237,811.105091
39.031619,84,811.20022
230.580052,162,811.380211
414.345045,245,811.634148
83.364708,48,811.700993
1083.439584,454,812.168925
15.085702,35,812.234887
15.796956,34,812.284221
120.162756,95,812.399887
121.290457,105,818.082191
714.857169,289,818.363277
298.297079,189,818.569783
568.428271,230,818.792814
414.770895,245,819.055199
305.006081,184,819.256477
291.152157,183,819.456352
119.219683,92,819.57088
900.99331,348,819.916606
22.64076,38,819.97718
-16.056208,1,823.792612
15.725637,33,823.837719
290.06611,168,824.021328
768.299383,404,824.433306
351.973418,210,824.683969
16.622779,38,824.736753
14.466019,30,824.788629
142.848645,111,824.918696
566.854744,235,825.143679
68.206604,70,825.228427
291.930281,179,831.036625
120.110744,94,831.150524
345.348511,207,831.378449
23.554522,37,831.438745
81.313559,52,831.504687
506.029762,206,831.710455
38.422015,87,831.80497
795.100381,426,832.249287
15.555296,37,832.304073
1083.251566,459,832.776572
567.550953,231,838.769127
-8.073966,1,838.798732
186.719089,148,838.947109
101.139369,98,839.043192
1083.718557,453,839.512735
567.410086,242,839.764055
105.85885,95,839.865256
313.468846,193,840.060085
-8.053372,1,840.081178
15.775141,37,840.140031
900.420004,367,844.732269
15.689823,36,844.786185
1081.587385,485,845.301178
1083.593318,461,845.864049
16.368164,38,845.918546
102.652561,82,846.022822
102.459049,86,846.130472
291.935216,197,846.331962
15.466915,36,846.379125
566.943166,234,846.622068
898.762122,369,852.388423
357.398803,207,852.629882
206.682526,138,852.779105
1083.938051,464,853.252074
67.932701,68,853.324272
70.766403,73,853.415844
715.545374,279,853.689487
142.862676,112,853.84695
298.297077,187,854.038322
15.191357,31,854.083903
413.013973,237,860.034154
899.142402,361,860.392805
1083.133753,459,860.860194
412.455288,242,861.105811
568.146691,233,861.326112
69.84656,72,861.405663
57.330581,63,861.485796
119.962215,96,861.60771
70.079844,73,861.6853
1083.161016,450,862.153836
15.112547,39,866.325698
1082.018872,466,866.817601
261.193988,186,867.034561
227.662103,172,867.196855
897.587775,363,867.562876
414.56475,243,867.816548
713.896214,292,868.100429
415.217809,243,868.424121
1082.266876,475,868.924061
900.050471,362,869.277602
1081.706637,471,875.458244
15.085078,31,875.515242
715.553881,280,875.798317
233.880003,163,875.995908
18.066418,35,876.050079
898.845642,357,876.393191
102.447852,87,876.503789
233.159806,166,876.68723
413.555589,240,876.954175
899.001769,368,877.315836
16.675737,39,881.554152
566.836911,240,881.814669
565.975363,235,882.051487
898.723293,366,882.443934
415.185556,241,882.694144
568.23898,230,882.920666
416.26053,243,883.174857
297.117594,186,883.359991
283.122096,175,883.538257
109.81074,88,883.641513
82.031252,79,889.237553
795.711305,420,889.669526
714.832779,293,889.964693
23.807538,38,890.019132
568.345695,233,890.25643
567.620895,231,890.487626
298.486642,188,890.681167
-16.050293,1,890.707731
110.505749,93,890.818533
248.366172,173,891.006924
568.941295,231,896.890548
507.668436,202,897.076069
18.130257,41,897.133157
71.089812,70,897.207287
566.693011,237,897.429129
-16.08699,1,897.445762
1083.468782,450,897.903883
103.210714,86,898.011358
899.864953,357,898.361045
568.07616,230,898.588255
14.952195,32,902.488504
13.23662,90,902.648128
83.373344,46,902.709663
508.326022,207,902.911689
291.503459,183,903.114701
415.076918,241,903.366234
1083.492763,467,903.853295
144.687004,114,903.991063
15.807158,34,904.032043
15.334551,38,904.092488
715.861344,288,909.936096
229.826223,158,910.109759
102.475381,88,910.222447
22.061383,40,910.282845
715.11885,285,910.555246
507.697563,203,910.752903
475.327868,268,911.017694
186.234623,142,911.162585
291.968774,184,911.36738
1082.753883,447,911.859589
1083.298753,454,916.462837
900.732497,358,916.836155
298.467172,185,917.023514
716.42664,283,917.299846
15.153731,41,917.355349
120.33094,94,917.468463
15.89409,34,917.519416
1084.213909,456,917.991625
899.970532,362,918.348122
410.853952,242,918.609933
23.032546,41,924.086736
1083.223021,457,924.596344
125.781902,106,924.711662
716.244657,283,924.992024
186.89733,142,925.145317
-8.070997,1,925.232079
15.768428,37,925.284152
899.686287,361,925.638198
899.517405,358,925.992933
899.096079,364,926.374713
120.100439,97,932.099602
109.968971,90,932.19817
72.300349,60,932.273125
15.973545,37,932.318624
15.598697,35,932.372603
413.047444,245,932.618227
414.479362,241,932.872741
231.880247,167,933.058827
122.183419,102,933.171754
714.817727,281,933.457811
23.623263,39,937.371965
898.778375,369,937.748562
715.066178,281,938.01954
1084.520918,450,938.490786
102.23299,89,938.600954
319.045151,189,938.826536
898.854486,347,939.170562
106.575487,92,939.267498
71.40137,56,939.337149
1082.49297,468,939.834089
505.529276,204,945.700294
568.582165,225,945.921712
70.883979,73,946.006502
314.40769,191,946.19587
1081.977258,467,946.689811
414.58966,238,946.948189
716.618272,283,947.226462
901.319536,354,947.587983
714.499536,287,947.873224
415.133191,236,948.122316
105.710438,94,952.176167
714.856864,293,952.519106
900.669116,373,952.938365
566.994197,238,953.17011
506.855923,207,953.37759
568.547599,224,953.612786
106.80663,98,953.729664
121.87526,104,953.898786
117.480893,94,954.012516
900.347308,347,954.3613
18.452781,36,959.835247
567.609707,237,960.072204
15.545219,36,960.121435
1084.217472,441,960.598153
1082.62843,456,961.067943
120.042139,92,961.184531
230.13239,160,961.367621
97.065788,80,961.467571
1083.683533,457,961.940062
-8.068068,1,961.970578
567.242331,233,967.96838
297.134389,190,968.17097
716.456795,286,968.451941
-8.058751,1,968.479413
22.297969,37,968.539482
15.895894,37,968.59069
225.99563,162,968.772399
900.551745,368,969.12815
507.429733,196,969.329398
901.552622,357,969.67647
506.510621,205,973.716335
83.101096,73,973.823323
103.965513,86,973.923976
313.479447,196,974.125921
314.635868,194,974.324645
229.593065,145,974.48199
714.568213,290,974.77411
1085.270904,450,975.239634
297.642121,172,975.42324
898.306842,349,975.764316
567.183736,229,981.472257
14.333347,29,981.527357
111.073204,87,981.631252
1084.252179,456,982.103063
716.507725,278,982.384663
899.703708,362,982.738472
414.199826,244,983.005939
102.330748,84,983.119614
119.693941,97,983.239266
715.953705,289,983.518406
507.200744,205,989.618299
900.221154,358,989.953546
898.208443,356,990.283627
15.482498,40,990.338131
126.376061,104,990.43835
505.428338,209,990.629343
566.768382,237,990.856917
1082.765074,446,991.325592
110.684566,91,991.432743
900.747055,355,991.780974
715.724253,282,995.626076
567.605772,233,995.854502
568.51277,226,996.079877
796.232163,416,996.533979
567.53585,231,996.759725
506.215806,201,996.957893
1083.652683,447,997.413531
567.312741,232,997.647759
567.952589,233,997.879277
187.90537,142,998.031639
120.024425,96,1003.758651
898.093412,355,1004.104913
898.240009,353,1004.452529
412.529863,242,1004.710426
899.741629,363,1005.060421
566.714564,235,1005.300224
15.659272,36,1005.350911
15.712108,37,1005.40485
263.219222,181,1005.579817
14.256102,39,1005.635813
1080.792006,466,1009.972111
899.050327,369,1010.340063
81.87941,52,1010.402663
110.061936,89,1010.512238
16.780548,36,1010.562649
566.624091,231,1010.795767
1082.835513,451,1011.26212
413.510246,243,1011.516149
102.498242,94,1011.615418
233.260507,160,1011.794893
566.93966,229,1017.653078
1082.088046,455,1018.116703
296.56707,172,1018.298875
15.845134,36,1018.351807
232.544084,162,1018.520252
567.146534,232,1018.752338
1082.357015,467,1019.23667
15.555368,40,1019.2938
-8.079783,1,1019.377
898.852661,360,1019.758623
716.130145,279,1025.694542
15.875561,35,1025.743646
313.753199,195,1025.936428
1084.813771,446,1026.381506
297.94745,175,1026.551832
1084.032441,461,1027.036996
15.45424,31,1027.091401
1084.567602,439,1027.554976
715.699887,281,1027.831028
567.915494,222,1028.046843
75.453946,73,1031.964355
716.54815,277,1032.265984
105.203263,98,1032.381465
102.431539,89,1032.490983
150.248715,112,1032.618751
231.584664,164,1032.800111
186.788556,145,1032.947335
714.826662,285,1033.222706
716.518177,286,1033.506281
343.988962,199,1033.736919
14.60689,69,1039.45137
102.539235,88,1039.56197
900.695638,361,1039.926419
102.56886,83,1040.03546
715.083121,292,1040.320658
507.038607,199,1040.513604
414.427966,246,1040.773262
71.190352,69,1040.852865
1084.572947,439,1041.306687
70.95514,69,1041.384313
900.062645,348,1045.465686
565.634343,237,1045.704901
110.494929,88,1045.816066
229.612143,168,1045.998294
15.46976,39,1046.048012
233.675769,162,1046.228039
145.310866,109,1046.357472
149.364638,117,1046.491184
-16.04652,1,1046.577509
567.872617,234,1046.812352
1085.132085,465,1052.913661
188.511574,138,1053.053342
14.100764,30,1053.105495
22.791133,36,1053.162708
313.186483,191,1053.355206
715.488494,291,1053.647551
233.636352,163,1053.831635
187.50683,141,1053.9716
80.621887,55,1054.038111
901.163558,357,1054.385899
152.181254,115,1060.059392
110.144035,86,1060.161003
1083.18554,468,1060.634316
715.822701,285,1060.906838
15.52596,38,1060.966943
505.297499,205,1061.165384
260.95125,182,1061.360834
567.80017,232,1061.594373
-16.061037,1,1061.617661
714.887378,291,1061.904914
81.800213,51,1065.787591
142.644736,106,1065.910351
568.915603,229,1066.157168
412.663602,236,1066.405361
414.413435,240,1066.66566
445.530053,250,1066.938849
15.775245,35,1066.998557
118.318582,94,1067.113855
506.3472,206,1067.314994
899.865204,363,1067.671782
287.048989,172,1073.416056
717.331528,279,1073.690641
506.643636,207,1073.891849
715.647746,281,1074.167942
715.831572,288,1074.450867
714.763573,284,1074.738304
231.135249,165,1074.921832
629.308489,331,1075.269964
230.27507,165,1075.507858
15.615276,37,1075.561122
900.644845,363,1079.83698
715.431228,292,1080.12681
505.498512,207,1080.325026
49.68321,54,1080.396507
899.905329,365,1080.759415
15.582363,39,1080.824005
336.572171,200,1081.040006
72.037618,69,1081.113432
264.049482,179,1081.296445
15.99643,35,1081.354154
566.156124,235,1087.152198
1083.305946,462,1087.63844
507.118725,209,1087.864456
1083.058065,465,1088.365632
899.838847,372,1088.733474
716.268187,286,1089.013037
297.745576,176,1089.202753
15.594974,36,1089.261922
265.760613,179,1089.440191
318.174418,195,1089.647955
942.680583,378,1095.361792
1083.290547,444,1095.822581
715.297406,283,1096.125378
506.15032,207,1096.324791
-16.064766,1,1096.347434
296.559936,200,1096.542851
1083.39196,462,1097.071734
357.655473,205,1097.313751
-16.050798,1,1097.338099
901.837116,355,1097.684847
567.910559,234,1102.037127
715.578003,280,1102.366739
898.215652,369,1102.769235
900.268505,347,1103.127353
415.575098,242,1103.385407
186.736275,147,1103.521987
310.42566,205,1103.732034
412.22163,239,1103.991389
230.330582,160,1104.156766
415.330116,240,1104.423006
899.658203,371,1110.432387
412.260526,242,1110.693943
507.235537,200,1110.881335
899.626291,368,1111.244351
715.320399,285,1111.532321
900.165396,364,1111.896977
1083.460884,453,1112.36913
715.24776,288,1112.653735
900.723719,369,1113.004908
1085.066903,461,1113.512933
568.013678,237,1117.39474
901.097566,368,1117.775989
568.20154,228,1117.999845
118.378301,96,1118.116637
105.268465,97,1118.218219
566.742348,226,1118.435173
901.209568,361,1118.791837
1083.365733,463,1119.272239
507.6366,197,1119.463322
289.564272,173,1119.650124
899.358431,349,1125.5817
1083.238882,451,1126.052767
504.797086,206,1126.254615
412.715732,235,1126.51671
505.580782,200,1126.713947
71.018151,68,1126.799895
229.269559,166,1126.962738
415.324439,244,1127.233186
506.769843,202,1127.435337
81.109636,53,1127.503847
716.044091,281,1133.480818
567.647561,225,1133.703406
102.625041,86,1133.814051
506.872934,199,1134.014826
230.345878,165,1134.195273
416.511371,242,1134.46633
313.752657,194,1134.662167
233.593224,163,1134.843798
901.513347,365,1135.200967
1085.307891,436,1135.660187
1086.099677,452,1139.839702
83.062676,52,1139.90044
716.555797,289,1140.192737
233.265338,166,1140.373158
233.1798,161,1140.563426
292.498258,199,1140.807805
567.128427,232,1141.037859
566.180162,235,1141.282065
902.012263,362,1141.625937
229.596659,162,1141.807368
81.366191,50,1147.658964
415.385927,246,1147.918109
414.620051,238,1148.172819
102.872119,80,1148.274949
506.944228,197,1148.470515
1085.353127,446,1148.955702
1083.485918,449,1149.423392
80.781731,52,1149.492782
415.707792,249,1149.755212
1083.65948,447,1150.237309
83.324143,50,1155.819515
507.528276,202,1156.006885
119.653941,101,1156.10698
506.057105,205,1156.299058
902.546975,354,1156.628585
-16.084005,1,1156.654666
414.310694,240,1156.898275
810.975111,409,1157.337509
567.284515,240,1157.577979
506.765812,205,1157.775641
508.948197,201,1161.735054
901.677189,360,1162.098558
416.183754,239,1162.352384
233.219146,163,1162.531042
901.326449,354,1162.88048
113.826291,94,1163.004418
1085.507583,452,1163.469975
1084.749993,437,1163.931577
36.88308,86,1164.093093
233.368477,172,1164.279144
81.166929,51,1169.786446
117.139568,95,1169.911851
568.584641,226,1170.127468
415.852083,244,1170.38702
716.333514,290,1170.666261
297.110748,174,1170.851315
568.261971,229,1171.0728
186.880822,145,1171.217712
416.025346,234,1171.462517
102.024718,83,1171.562951
14.254944,35,1175.364923
113.67388,91,1175.492829
716.344982,279,1175.816567
414.596103,237,1176.114461
505.949459,208,1176.329251
1084.635993,456,1176.795467
288.912722,173,1176.973851
717.027487,281,1177.246914
567.614763,233,1177.494489
81.417506,53,1177.561036
567.013901,235,1183.342827
902.302071,362,1183.699408
567.834567,236,1183.929154
1086.043181,446,1184.389781
415.883143,241,1184.656638
299.666536,175,1184.845537
149.721777,114,1184.971629
22.661166,40,1185.038424
187.991483,147,1185.191306
314.236457,193,1185.388045
716.752908,286,1191.328898
233.619341,177,1191.490359
15.779346,38,1191.545337
717.388235,286,1191.823932
1085.837731,447,1192.290452
120.365078,91,1192.404387
15.501321,37,1192.455633
1084.902044,454,1192.932348
568.805957,230,1193.153661
1084.664082,452,1193.622293
716.935587,279,1197.611314
233.188015,166,1197.796626
1084.532187,453,1198.269458
215.808256,137,1198.420642
78.366405,50,1198.486932
507.31664,201,1198.681184
24.752676,99,1198.78644
81.337786,49,1198.855237
265.263866,180,1199.042028
716.477394,289,1199.320589
232.901902,162,1205.057177
4.68797,27,1205.103641
1084.200777,457,1205.5888
249.475677,153,1205.743171
415.661131,232,1206.001096
231.808953,140,1206.140301
716.641507,286,1206.430317
507.752652,198,1206.621488
52.968476,74,1206.70653
102.403614,86,1206.839381
414.82273,241,1211.006145
-8.038404,1,1211.034498
82.150272,52,1211.100976
14.944077,40,1211.157448
413.436716,232,1211.40106
415.907901,241,1211.646897
187.352568,146,1211.799713
1086.283617,456,1212.270946
234.069546,166,1212.456284
416.457153,235,1212.703809
347.906617,209,1218.272595
77.274712,60,1218.358989
234.141474,160,1218.5251
1083.743752,454,1219.003756
900.799095,365,1219.373793
901.547856,373,1219.819095
119.438385,96,1219.93824
-8.051694,1,1219.963602
1084.346034,451,1220.423076
330.368229,194,1220.637458
416.43622,237,1226.561695
81.341305,53,1226.63306
125.006467,97,1226.748177
901.934615,359,1227.09202
230.641113,170,1227.28186
415.972966,241,1227.550702
716.999139,292,1227.86365
65.115257,70,1227.94683
289.109794,173,1228.123063
507.479651,207,1228.329887
15.78392,38,1232.214018
188.123508,143,1232.357965
79.575177,61,1232.439028
1083.201903,461,1232.925456
507.050596,208,1233.132225
267.07256,186,1233.325397
507.574195,202,1233.525831
901.437593,363,1233.872284
718.034274,276,1234.167792
119.068905,94,1234.282284
716.497147,286,1240.355756
567.676537,237,1240.594539
716.913318,283,1240.871419
233.836783,166,1241.049638
900.921539,354,1241.39873
567.692177,232,1241.629376
506.432529,201,1241.834667
119.636412,102,1241.940998
126.246839,96,1242.055607
715.628573,291,1242.340836
900.605799,368,1246.581222
901.194075,363,1246.958039
143.206883,110,1247.096816
416.155824,236,1247.351908
415.441689,235,1247.624089
267.00457,185,1247.83808
102.037172,93,1247.93744
146.897478,110,1248.064479
506.211561,203,1248.261389
507.43804,203,1248.45764
226.324232,166,1254.103337
1083.536854,441,1254.643448
1084.154728,455,1255.210314
243.382227,150,1255.398809
1085.284148,437,1255.949244
1084.96102,440,1256.502906
1084.42794,450,1256.996642
449.012514,295,1257.301245
507.527042,201,1257.505329
119.738195,92,1257.621335
281.032897,192,1263.728393
149.611385,114,1263.859925
102.813645,84,1263.966614
1083.059937,454,1264.429768
507.531068,205,1264.642583
71.858949,70,1264.72395
102.578171,85,1264.828423
1084.6905,461,1265.310381
-16.07095,1,1265.327424
330.917446,197,1265.556741
315.846187,183,1269.531384
111.933765,91,1269.641827
288.572811,173,1269.824217
507.662415,208,1270.022259
717.278462,284,1270.318327
119.891375,92,1270.43381
416.38127,236,1270.681618
414.94485,236,1270.935033
716.688957,289,1271.217622
54.688914,89,1271.373348
716.423227,295,1277.090414
567.782546,236,1277.318921
119.786793,101,1277.426553
1084.713792,466,1277.935089
125.851931,104,1278.046079
40.699982,89,1278.153231
1083.261458,450,1278.615057
187.05365,152,1278.770839
147.086087,111,1278.897313
256.556277,160,1279.071234
422.715804,275,1285.058056
56.580966,92,1285.155627
1083.322703,443,1285.591086
506.809125,206,1285.782636
506.231944,208,1285.975632
146.370794,116,1286.096602
1083.815989,458,1286.567166
81.027408,55,1286.636498
261.715345,176,1286.832069
110.206668,90,1286.939026
507.543671,204,1290.94
900.427216,359,1291.308017
902.326678,364,1291.660413
901.137303,355,1292.011638
507.610429,207,1292.209883
1085.334737,438,1292.664082
1086.3195,450,1293.143659
1083.891017,456,1293.614896
233.770304,161,1293.795564
1082.449144,464,1294.289196
-8.041814,1,1299.987333
-8.062194,1,1300.012107
120.187666,101,1300.132694
507.613249,206,1300.344543
232.593641,161,1300.569616
567.71866,229,1300.806483
232.757782,163,1300.984993
232.986736,161,1301.167936
507.33501,205,1301.36777
568.962741,233,1301.600296
75.332505,66,1305.328295
232.949646,164,1305.504682
7.143056,28,1305.552706
900.963521,362,1305.90255
230.623159,165,1306.087135
33.962701,93,1306.190729
567.074199,230,1306.418475
716.878879,281,1306.692907
716.855662,288,1306.981053
901.755997,366,1307.343987
717.432817,291,1313.35079
98.086768,90,1313.451092
1084.142625,450,1313.917128
716.218265,278,1314.198153
248.501804,154,1314.36543
716.558693,287,1314.643041
506.645127,205,1314.85604
568.226669,233,1315.090673
716.166548,287,1315.369596
415.87402,247,1315.62235
1083.653729,465,1321.749269
246.065381,173,1321.914202
149.569043,110,1322.033413
1084.773759,453,1322.537066
31.601858,105,1322.646329
1083.24866,455,1323.129287
717.06576,285,1323.405408
901.189028,357,1323.756473
900.491509,352,1324.103812
29.519109,102,1324.217265
233.489159,166,1328.124356
243.5125,151,1328.30021
357.292077,209,1328.522725
1082.699956,458,1329.065669
267.609175,181,1329.258452
717.15369,289,1329.565461
506.765508,207,1329.765278
292.471433,174,1329.966224
506.913262,210,1330.186015
1084.153885,448,1330.65135
233.957984,166,1336.345864
188.571783,146,1336.498258
288.931791,175,1336.678702
1.496234,102,1336.789384
3.562126,28,1336.833258
901.225532,356,1337.17615
150.649012,115,1337.318184
416.162892,242,1337.573503
347.587332,203,1337.800237
901.552056,352,1338.163524
1083.569893,437,1342.481881
293.331832,201,1342.701948
106.043606,95,1342.803802
1083.108687,467,1343.281743
715.665543,287,1343.564246
568.060172,234,1343.794614
285.139615,172,1343.985665
7.776802,37,1344.036151
49.659147,96,1344.151953
717.063369,279,1344.418783
120.037252,94,1349.878045
233.133948,160,1350.053579
716.232762,284,1350.326408
346.197853,202,1350.550884
118.70192,94,1350.658626
345.643846,208,1350.916741
1082.157963,462,1351.408142
900.617287,363,1351.768013
567.387572,228,1351.988363
415.388203,244,1352.241116
715.789295,287,1358.07843
1083.334516,469,1358.548385
567.266761,232,1358.77109
230.577995,160,1358.951335
901.175475,364,1359.304761
899.721181,364,1359.665561
1082.417951,472,1360.155345
110.150397,87,1360.260809
111.343697,90,1360.365
345.980024,210,1360.587561
505.444649,212,1364.549942
110.270892,87,1364.658658
507.868839,203,1364.85892
1084.02897,450,1365.343308
64.570289,78,1365.439794
569.792232,226,1365.676939
1082.57751,452,1366.137897
507.867172,210,1366.337908
1084.579685,441,1366.804374
568.236709,240,1367.037076
568.150471,230,1372.978176
233.625863,165,1373.163564
413.413936,236,1373.412566
716.276987,278,1373.702574
569.242593,231,1373.938222
66.043636,70,1374.018915
36.192754,96,1374.124245
232.898448,160,1374.298754
715.831347,281,1374.578863
717.386996,284,1374.857955
197.329227,151,1378.771976
291.176707,170,1378.956489
6.4256,43,1379.005233
567.952795,225,1379.243052
156.099709,117,1379.371276
77.385369,66,1379.453495
717.311291,278,1379.720584
51.093412,95,1379.827478
900.960887,364,1380.192436
-16.05691,1,1380.226257
566.868922,230,1385.817357
715.022366,291,1386.156675
-8.050622,1,1386.183237
568.060593,240,1386.437167
226.090995,159,1386.611964
900.218937,364,1386.967696
902.578712,371,1387.340868
507.166654,209,1387.531284
26.903389,91,1387.640217
506.558589,210,1387.855968
432.282627,248,1393.757848
1085.717083,461,1394.252354
389.342095,217,1394.500344
82.654389,48,1394.564346
569.014375,227,1394.784878
568.228883,231,1395.011405
568.089162,237,1395.247806
715.988268,283,1395.523729
507.404529,207,1395.725292
718.232964,285,1396.001925
416.22638,241,1399.976002
-8.049339,1,1400.007319
715.710867,290,1400.289138
902.226379,373,1400.651288
567.564793,240,1400.882851
78.796903,62,1400.961912
717.00742,285,1401.238925
716.86606,276,1401.529103
148.988398,114,1401.660819
902.058722,372,1402.025144
248.12074,147,1407.683057
717.598014,289,1407.969609
568.082926,233,1408.199211
900.38945,375,1408.58302
236.348839,167,1408.771266
1082.460035,467,1409.254888
567.293071,226,1409.497793
717.428857,284,1409.781589
717.131459,290,1410.0707
568.586113,229,1410.301847
160.239478,116,1415.920959
102.647055,89,1416.088359
15.60753,44,1416.147661
902.693715,356,1416.473936
717.004333,288,1416.746877
568.275856,229,1416.965462
900.139868,358,1417.318932
79.385244,63,1417.395903
901.397211,357,1417.745924
901.098094,367,1418.10033
718.062234,278,1422.212771
567.665632,230,1422.440225
412.655021,241,1422.699066
78.194972,61,1422.773866
227.581998,161,1422.955425
119.402372,96,1423.072673
416.081806,235,1423.32509
568.819328,230,1423.544888
1083.467975,454,1424.023661
415.946908,238,1424.276929
416.542196,231,1430.212698
506.513806,203,1430.412639
566.27078,231,1430.644792
77.738975,66,1430.726493
567.295835,232,1430.949935
315.922842,180,1431.158652
506.726737,207,1431.357379
568.940361,234,1431.591093
902.708412,351,1431.938201
241.942935,148,1432.090658
716.76545,267,1436.419803
152.80088,114,1436.551723
900.50205,349,1436.889457
507.047233,203,1437.105331
236.379449,170,1437.288043
293.485649,168,1437.467265
33.89251,101,1437.573087
505.596992,201,1437.774656
901.104341,354,1438.136082
1085.86575,442,1438.619718
506.179603,212,1444.246559
62.23659,82,1444.346266
110.049588,92,1444.471082
507.187077,205,1444.671328
78.66799,69,1444.749597
102.971785,83,1444.860984
120.061974,98,1444.990182
5.759791,30,1445.093794
506.585984,200,1445.305985
119.196551,94,1445.423217
15.061225,41,1451.000579
416.206786,241,1451.241692
233.425433,161,1451.410555
1083.619123,452,1451.862823
902.244078,362,1452.201545
900.344981,371,1452.57564
507.984928,208,1452.779238
1085.722683,435,1453.228307
231.591397,167,1453.416225
416.20895,242,1453.670423
717.093693,284,1457.860841
567.721824,224,1458.090746
80.226278,61,1458.161909
568.008453,230,1458.390796
717.273885,273,1458.669652
900.108905,368,1459.031003
900.792574,366,1459.385047
900.495058,366,1459.754067
717.095804,279,1460.024415
716.043142,294,1460.312983
1083.045053,448,1466.217499
568.572228,242,1466.45242
568.946009,233,1466.682819
109.875436,93,1466.804609
567.273554,227,1467.026125
566.891275,232,1467.274111
59.090228,59,1467.349293
1083.145735,450,1467.814225
78.147376,62,1467.893818
507.274225,198,1468.087608
716.573539,285,1472.396052
99.087429,87,1472.487786
14.804304,41,1472.54183
330.366413,191,1472.770666
119.834681,94,1472.887325
416.585199,235,1473.132239
507.270877,204,1473.387304
569.772501,224,1473.609242
717.57406,278,1473.88602
120.274136,92,1474.002623
78.961532,61,1479.651947
-8.073162,1,1479.676735
568.102605,222,1479.900937
-16.043999,1,1479.926232
79.527216,61,1479.998288
150.263092,112,1480.131127
508.078349,210,1480.331564
113.663548,95,1480.445964
109.99743,89,1480.555117
118.620141,93,1480.670687
902.53753,355,1486.727244
416.015957,237,1486.967689
900.528824,361,1487.323786
152.677331,117,1487.45665
717.631533,278,1487.726148
149.968916,116,1487.857918
432.161344,247,1488.12244
506.704571,206,1488.32558
567.181748,229,1488.547097
233.449889,165,1488.741976
233.576302,166,1492.683985
154.115748,112,1492.799639
1083.333736,445,1493.275739
249.520498,150,1493.457409
1084.914693,428,1493.905761
415.91251,240,1494.160387
119.784204,96,1494.279179
103.198589,88,1494.381872
119.126178,95,1494.496606
1086.88871,441,1495.032372
901.739349,376,1501.188078
261.446433,187,1501.374905
1084.19778,430,1501.821782
234.019856,163,1502.007157
120.462395,92,1502.120613
119.366484,95,1502.245765
716.228872,275,1502.515312
507.025726,202,1502.711367
296.173912,181,1502.915692
566.731064,232,1503.147223
900.535987,363,1507.177107
901.153304,355,1507.541571
716.544647,285,1507.837964
80.844084,55,1507.904979
1084.489856,430,1508.359434
233.064321,161,1508.537933
567.541688,238,1508.773556
507.774944,201,1508.973179
117.552946,95,1509.092567
118.644531,95,1509.207221
125.23894,93,1514.779245
1086.222459,440,1515.234834
415.998305,240,1515.490896
901.275794,355,1515.839707
79.34844,66,1515.925992
152.894406,112,1516.051433
153.658889,114,1516.182183
716.914996,289,1516.465523
78.292616,60,1516.537189
1084.549958,433,1516.981721
1083.434361,444,1523.141911
110.525346,93,1523.241748
567.852559,230,1523.47869
416.246518,233,1523.753536
232.296717,160,1523.926502
1084.000901,454,1524.394914
716.977596,276,1524.673378
120.138471,93,1524.789897
121.267828,95,1524.96289
416.078263,245,1525.225352
567.759432,230,1529.331219
784.077732,401,1529.745388
295.078517,182,1529.947237
414.758834,242,1530.229778
266.962889,183,1530.432267
1083.936435,460,1530.907073
198.372235,146,1531.050628
152.924498,112,1531.17803
82.695211,61,1531.255928
79.973198,61,1531.328219
901.561676,344,1537.153195
507.697901,201,1537.348427
15.869335,39,1537.403673
79.194165,69,1537.488011
267.474188,182,1537.68618
-8.04403,1,1537.711405
567.543127,231,1537.934467
233.64334,166,1538.123522
902.367105,360,1538.501116
416.140385,239,1538.760253
80.965605,60,1544.726902
569.162631,231,1544.936511
507.495902,206,1545.135763
152.811222,113,1545.2602
152.756763,117,1545.390854
227.879997,158,1545.562214
507.192332,206,1545.763648
416.654383,235,1546.00353
231.161081,159,1546.178108
568.373465,236,1546.405504
899.63647,369,1550.54852
262.159227,176,1550.738079
507.025503,211,1550.945013
717.445183,283,1551.222626
15.949655,38,1551.280562
567.301812,230,1551.503537
567.061888,224,1551.721418
506.773633,201,1551.926195
506.713386,211,1552.145829
313.137884,192,1552.339521
14.708031,37,1557.785466
902.35003,353,1558.13087
233.448946,159,1558.36663
1083.898411,444,1558.832295
507.541582,202,1559.044048
507.088463,202,1559.244107
1084.316278,434,1559.699858
415.257575,239,1559.94432
718.217253,289,1560.233174
507.037622,201,1560.429351
232.527909,157,1564.433948
416.388499,237,1564.697778
357.322048,208,1564.933813
1084.69309,431,1565.399712
117.476433,94,1565.514549
263.103773,187,1565.699153
121.60673,106,1565.805184
507.227065,212,1566.017492
412.126099,234,1566.260498
506.666715,203,1566.456202
293.650838,174,1572.228739
80.845712,55,1572.306151
717.133437,278,1572.577332
117.433415,92,1572.682655
122.154859,104,1572.792024
717.113089,284,1573.068849
415.460304,233,1573.322437
230.386105,168,1573.493404
902.199156,367,1573.855978
-16.04966,1,1573.886112
569.403661,217,1579.829278
1084.841487,435,1580.262527
-8.078194,1,1580.290606
37.416089,88,1580.383263
716.192061,285,1580.659509
900.212063,363,1581.005748
568.186644,224,1581.235322
1084.843018,435,1581.693771
233.478219,167,1581.876686
78.299891,62,1581.949689
718.168916,283,1586.381551
118.90666,98,1586.494379
901.911592,368,1586.880386
-16.081195,1,1586.908667
15.694436,40,1586.966055
715.658753,279,1587.251806
460.182599,273,1587.595791
411.851429,237,1587.850969
507.128716,200,1588.048895
118.006224,91,1588.151013
900.850846,361,1594.064649
220.673998,149,1594.226011
506.486672,208,1594.425503
716.430241,284,1594.716139
717.010261,280,1594.989146
509.524557,280,1595.294208
230.423892,160,1595.472641
119.602312,98,1595.589288
80.740543,58,1595.663077
568.604227,225,1595.893201
718.988572,274,1599.878571
186.403935,142,1600.02191
568.975972,226,1600.241747
212.959803,147,1600.406307
263.316548,179,1600.602828
231.133017,160,1600.779745
506.251063,197,1600.972905
80.785646,64,1601.04892
1083.466232,449,1601.545548
900.67585,366,1601.89707
232.773578,156,1607.43491
567.171984,237,1607.664307
508.117362,203,1607.861864
-8.043588,1,1607.885497
119.189218,97,1608.006711
102.731973,84,1608.118464
508.157868,209,1608.324756
1084.098815,447,1608.801647
1086.59177,426,1609.255836
716.661815,284,1609.538068
716.43558,288,1615.546869
1085.79377,435,1616.059608
81.202162,57,1616.132304
415.671025,234,1616.377837
267.135669,176,1616.56706
414.503342,240,1616.836505
110.454558,88,1616.944197
118.386511,95,1617.054504
1084.005223,434,1617.493036
568.543452,240,1617.72675
111.01584,88,1621.529541
238.08298,168,1621.713767
505.645827,210,1621.922177
293.222511,170,1622.097362
716.711509,287,1622.377991
716.066884,283,1622.668123
295.448311,173,1622.862409
1083.718143,449,1623.326903
118.492205,97,1623.447907
901.590894,365,1623.810708
508.142158,197,1629.611898
275.203718,186,1629.799852
899.861018,359,1630.158917
568.405928,228,1630.377771
716.877266,286,1630.671207
81.725569,59,1630.742319
569.386198,230,1630.993063
568.880013,225,1631.219672
233.73655,162,1631.407599
717.187927,284,1631.687786
79.038899,59,1635.247356
716.450844,278,1635.519923
80.656962,56,1635.580092
568.999928,222,1635.807364
717.642973,285,1636.087442
262.070194,188,1636.274369
415.720392,236,1636.524916
715.606481,283,1636.821224
899.13614,367,1637.190227
110.416163,90,1637.297662
717.115891,278,1643.184365
-16.063065,1,1643.20956
717.516332,284,1643.498384
900.837231,365,1643.8546
716.951724,278,1644.146006
507.504939,201,1644.344483
110.880771,92,1644.456259
35.748231,101,1644.625512
120.108701,95,1644.747767
198.607054,145,1644.892559
273.20918,179,1650.635625
506.221902,199,1650.818377
1083.625742,447,1651.278896
506.901542,203,1651.481948
111.061025,86,1651.578247
1083.78497,451,1652.053103
75.672724,71,1652.141297
568.369399,230,1652.380086
1083.970098,457,1652.843857
567.404042,227,1653.072773
113.577994,90,1656.928562
900.300797,346,1657.266312
289.306864,168,1657.44342
262.317942,182,1657.624603
506.91006,199,1657.812022
506.105924,206,1658.014746
111.277739,90,1658.114924
80.968691,55,1658.196862
1083.997429,457,1658.672848
567.875808,228,1658.900129
297.883632,179,1664.702595
716.688741,273,1664.962659
567.398851,238,1665.200557
716.076485,286,1665.490155
1083.849479,440,1665.944893
717.098563,272,1666.214187
344.873571,202,1666.429503
566.323699,233,1666.659212
4.771294,31,1666.708687
81.221583,59,1666.776002
716.342783,290,1670.926772
298.373807,179,1671.12735
297.759813,179,1671.319921
266.600431,184,1671.519653
49.709041,56,1671.586254
337.775989,194,1671.797675
143.440272,109,1671.925461
566.866033,226,1672.15215
716.573227,289,1672.433422
506.929877,199,1672.623395
111.141389,88,1678.132639
416.585748,234,1678.44426
415.560477,233,1678.703211
718.200903,278,1678.975674
567.766355,230,1679.20535
117.383046,93,1679.315217
-8.03685,1,1679.341286
568.172869,233,1679.585053
899.323837,368,1679.954034
110.544576,90,1680.065624
205.558563,143,1685.720488
421.799514,235,1685.955868
1084.887853,431,1686.444566
125.501159,107,1686.555168
717.716679,275,1686.825795
942.199595,388,1687.238965
568.413561,229,1687.466315
142.189087,108,1687.587149
15.291054,42,1687.653706
-8.039685,1,1687.676422
415.168101,243,1691.681455
34.914073,88,1691.783008
119.995421,97,1691.90214
287.35583,172,1692.082616
314.700135,195,1692.280313
899.979117,355,1692.63104
78.003487,56,1692.700094
298.615302,196,1692.91519
412.861361,230,1693.167979
232.840225,157,1693.346531
1084.463197,456,1699.499235
565.808661,229,1699.737925
233.096965,160,1699.916293
404.127178,229,1700.168201
189.00181,150,1700.316317
414.911905,246,1700.583018
567.313901,228,1700.806683
346.583505,198,1701.035639
1084.874908,440,1701.500158
9.288601,34,1701.548275
507.934081,205,1707.161352
506.375297,202,1707.351425
4.80319,27,1707.39281
415.720494,239,1707.6307
1083.723202,441,1708.071284
507.12317,203,1708.259843
567.229572,231,1708.494438
3.605909,25,1708.535996
261.696866,185,1708.732761
117.734532,97,1708.842049
715.366218,287,1713.229573
237.18005,165,1713.452565
82.833867,55,1713.530513
716.202995,282,1713.858656
236.772083,167,1714.07864
149.937761,108,1714.218138
118.513239,96,1714.329109
1082.358758,458,1714.816665
900.258045,349,1715.172572
1084.450604,450,1715.659648
80.069913,62,1721.101452
567.743563,232,1721.321121
566.65404,228,1721.558788
898.378382,364,1721.920884
567.910284,231,1722.149304
233.482531,163,1722.328777
1083.231607,458,1722.799762
37.592251,81,1722.890716
567.760107,229,1723.115934
110.465221,88,1723.224735
715.736776,276,1727.141897
22.534817,39,1727.208499
568.09941,237,1727.444419
242.925615,153,1727.607937
899.684738,353,1727.959223
67.326779,66,1728.044064
4.873571,27,1728.091503
233.005723,170,1728.264222
506.759013,204,1728.473049
568.308354,235,1728.698074
150.000592,116,1734.347642
414.625924,234,1734.591861
219.009245,152,1734.758567
900.459153,360,1735.124024
505.767864,200,1735.324674
567.283742,236,1735.555175
415.57435,236,1735.800352
1084.681598,438,1736.314901
1084.046947,436,1736.771033
117.68692,92,1736.890512
81.833678,53,1742.511851
219.636221,155,1742.674594
568.270459,225,1742.884869
505.996048,204,1743.073494
506.656892,201,1743.27645
716.612126,288,1743.558259
899.817259,361,1743.909151
4.660418,27,1743.95304
141.811752,110,1744.079052
898.942068,376,1744.466489
568.106889,228,1748.684951
415.386932,238,1748.938368
415.440684,235,1749.195349
1084.115489,445,1749.652099
415.718962,265,1749.946348
506.195386,202,1750.144796
118.997078,96,1750.269028
506.019932,200,1750.468665
414.429392,237,1750.71553
229.760289,160,1750.902799
125.484478,97,1756.691653
74.85358,72,1756.783397
567.798196,230,1757.014493
505.958245,205,1757.219461
413.819915,244,1757.4802
506.392461,210,1757.685678
80.19438,53,1757.751017
714.62884,278,1758.031214
1083.7701,452,1758.500579
506.914756,207,1758.718104
715.143561,291,1762.921358
120.045659,93,1763.037035
717.330828,275,1763.336498
242.667546,147,1763.514546
297.413944,182,1763.735578
345.711673,202,1763.981643
81.069272,50,1764.047069
715.170641,275,1764.322167
81.227481,54,1764.388915
234.146713,163,1764.567367
567.033247,229,1770.326972
717.891418,280,1770.605655
149.724739,111,1770.741888
1084.609051,456,1771.232746
505.893019,201,1771.428356
715.660798,283,1771.784524
506.661276,204,1771.991304
566.629628,228,1772.228019
415.726632,237,1772.476135
1085.508443,427,1772.933172
900.214519,346,1778.994371
1082.692048,434,1779.474254
568.066291,230,1779.698179
124.892799,97,1779.817678
568.996154,229,1780.080067
718.10762,282,1780.355094
121.954842,103,1780.466319
157.251897,117,1780.594572
58.892069,65,1780.680191
1083.292897,433,1781.129873
1083.598263,436,1785.284432
1083.48521,437,1785.740652
82.123625,52,1785.804771
1083.699759,443,1786.272291
900.38439,366,1786.634091
81.891187,54,1786.703011
239.555399,174,1786.871139
233.535656,170,1787.06066
899.775265,370,1787.415747
567.91256,229,1787.648592
717.139444,281,1793.554108
111.047902,87,1793.659021
15.693958,35,1793.70847
1083.052605,455,1794.174321
415.378741,239,1794.429265
143.44836,106,1794.552676
900.399484,356,1794.908636
-8.062945,1,1794.933984
507.513116,202,1795.150182
236.823365,160,1795.327926
416.03207,236,1799.434009
716.82298,282,1799.710619
567.958752,229,1799.998406
416.189549,234,1800.2593
899.104591,359,1800.614656
900.73847,355,1800.985331
66.567218,65,1801.074005
232.518421,158,1801.243996
15.155345,41,1801.304642
716.146092,280,1801.577759
110.689784,91,1807.113113
356.376977,209,1807.334105
124.366254,98,1807.45283
567.528661,235,1807.676181
15.33939,32,1807.730316
715.592567,284,1808.009397
456.805071,292,1808.318105
566.444078,235,1808.543666
506.57452,204,1808.748432
7.372606,26,1808.786675
569.105675,219,1814.568519
232.595031,163,1814.742804
414.868636,238,1815.001544
414.727251,239,1815.265802
716.231474,284,1815.541238
508.149048,199,1815.745535
899.394141,370,1816.105254
111.082917,90,1816.214824
244.144011,146,1816.372459
415.135821,241,1816.634163
106.109809,82,1820.875819
150.983791,115,1821.026143
900.220532,358,1821.451349
111.428037,92,1821.579
901.043113,363,1822.021664
566.782303,233,1822.273707
294.653185,175,1822.45836
715.568802,275,1822.758267
566.566642,231,1822.995484
567.175845,229,1823.224153
507.799209,209,1828.782161
153.604518,118,1828.914269
1083.210828,442,1829.371384
284.280412,172,1829.568788
145.52461,111,1829.750733
506.395796,202,1829.952989
78.555591,57,1830.023024
898.939198,365,1830.398831
233.182977,154,1830.571052
415.320475,244,1830.82832
153.247173,115,1836.780053
229.124038,157,1836.952245
716.643123,280,1837.205932
234.113449,162,1837.386877
899.367501,351,1837.717739
80.73413,54,1837.789274
1081.289291,447,1838.25571
246.755165,153,1838.416543
714.537451,278,1838.694848
6.870518,31,1838.742733
292.51267,172,1842.883837
566.937917,231,1843.117925
714.687884,284,1843.412545
506.335051,196,1843.595169
506.688037,196,1843.795319
899.021663,353,1844.162018
345.55536,205,1844.382663
-16.085362,1,1844.413109
261.810083,175,1844.606433
506.978657,200,1844.814978
1084.553607,430,1850.843518
414.922979,238,1851.090657
507.331667,199,1851.290301
267.343037,176,1851.485097
715.360612,288,1851.772473
414.703554,239,1852.031869
233.203105,144,1852.184018
1085.054145,444,1852.665717
111.011996,93,1852.770767
233.39339,164,1852.952671
505.184597,201,1856.976737
221.32652,155,1857.147886
716.537692,279,1857.417646
3.772362,26,1857.524378
716.960629,277,1857.792955
345.22607,204,1858.013908
187.834437,140,1858.145421
567.795399,224,1858.371848
356.846825,209,1858.598829
566.830785,234,1858.831246
150.084011,111,1864.353994
900.830682,348,1864.71249
415.364776,242,1864.968847
288.636486,167,1865.145375
75.445925,70,1865.236664
1083.589677,450,1865.705157
67.432236,63,1865.794805
117.597503,91,1865.901756
8.767468,27,1865.949042
81.582652,55,1866.031469
187.661578,137,1871.913811
716.22368,282,1872.196123
6.978487,28,1872.246348
266.998465,179,1872.425809
110.020496,89,1872.536047
1082.582921,436,1872.987901
716.167484,281,1873.258785
8.288701,34,1873.305495
1084.156549,452,1873.77156
507.495045,200,1873.972405
83.700637,51,1877.930057
1081.74324,447,1878.398931
898.586564,348,1878.763006
506.229405,199,1878.966796
1082.76681,448,1879.445426
234.380216,157,1879.620995
415.096788,233,1879.86986
225.251226,158,1880.028475
716.691195,275,1880.299129
566.523156,219,1880.528369
7.589675,27,1886.235174
249.355285,150,1886.386714
427.468541,261,1886.670257
1083.422215,425,1887.117452
413.839863,230,1887.356484
415.286559,229,1887.608254
567.345704,228,1887.834504
1083.695814,441,1888.288501
898.529476,360,1888.704764
80.064366,53,1888.771376
713.865203,283,1892.765326
261.261088,178,1892.960793
715.04478,283,1893.238974
102.520089,87,1893.350059
716.320894,283,1893.629498
414.837826,237,1893.891265
414.946334,240,1894.144146
716.272525,285,1894.425132
714.877866,277,1894.711807
5.677,67,1894.794175
117.447522,91,1900.410528
1082.376156,437,1900.871694
507.40759,199,1901.072377
506.767274,203,1901.265176
899.371279,356,1901.61875
154.24585,114,1901.74844
508.391882,207,1901.947016
150.210041,110,1902.073093
505.703863,196,1902.264977
81.67484,54,1902.332875
414.576603,237,1907.937325
506.845029,202,1908.130244
6.979446,29,1908.175157
110.499757,92,1908.283434
899.348571,367,1908.658873
415.257045,237,1908.909709
900.977003,363,1909.274148
567.340775,224,1909.494545
899.56258,362,1909.864482
15.777773,37,1909.918316
83.127313,52,1913.798979
901.312806,349,1914.1627
713.855058,281,1914.441756
117.149753,94,1914.556785
715.472551,286,1914.845819
-42.206591,103,1914.961366
714.368195,286,1915.249995
1083.187904,436,1915.722843
899.873893,362,1916.073012
415.022671,232,1916.328529
506.748436,195,1921.897149
941.37991,375,1922.272257
39.53851,73,1922.35567
414.26809,240,1922.624639
234.048898,157,1922.854632
149.967304,108,1922.98076
900.153114,355,1923.330573
233.397212,166,1923.513324
505.190181,205,1923.716701
233.046313,159,1923.894099
505.895598,212,1927.97233
714.436073,283,1928.265815
1082.208133,445,1928.728906
715.596419,283,1929.005119
81.723893,50,1929.069611
1082.0694,447,1929.523247
1082.174147,459,1929.986996
119.905099,99,1930.100992
413.37941,243,1930.344432
414.529393,240,1930.58666
15.676166,37,1936.277984
123.012195,103,1936.385922
414.973891,241,1936.644692
899.716382,355,1937.002568
715.496634,289,1937.278815
83.871771,50,1937.344437
234.186192,156,1937.520247
1083.896578,429,1937.9776
1083.479312,446,1938.467669
465.115936,290,1938.75613
568.207874,229,1944.48115
1083.405279,441,1944.929429
718.027084,278,1945.221539
83.140223,47,1945.278938
197.708028,137,1945.438524
378.269752,189,1945.645288
233.540586,164,1945.825485
715.653981,282,1946.11576
150.666946,109,1946.25316
1083.209747,446,1946.717123
81.754193,53,1950.637537
1084.030849,427,1951.106021
118.011464,94,1951.217086
567.644252,227,1951.440252
415.80738,232,1951.686028
233.804542,161,1951.869609
1082.161157,455,1952.396268
79.930109,54,1952.464006
1083.888089,447,1952.929723
-16.061665,1,1952.956671
1083.421396,425,1958.925153
1083.331133,443,1959.383791
232.655421,165,1959.564897
567.447923,225,1959.785587
414.785717,235,1960.035992
567.416769,220,1960.25679
187.00529,137,1960.398104
120.246873,98,1960.521218
82.662122,51,1960.584831
120.370469,94,1960.701334
418.207104,232,1966.57588
507.16129,196,1966.766246
421.980353,235,1966.990211
1082.742666,451,1967.432491
345.501799,202,1967.639973
308.159158,175,1967.829856
902.057713,358,1968.177455
506.289977,202,1968.401153
151.043559,109,1968.526599
433.330263,244,1968.777575
942.25656,387,1972.824853
1083.93381,443,1973.289372
232.882572,159,1973.462656
507.084765,203,1973.651912
899.788373,365,1974.078274
15.419573,38,1974.130302
1083.97239,432,1974.577502
507.279822,205,1974.777002
233.633989,163,1974.951918
899.697652,358,1975.310556
119.68412,95,1981.133056
716.165133,274,1981.400208
1083.793243,432,1981.840098
117.528311,94,1981.957494
413.980159,236,1982.199712
4.615184,25,1982.24753
294.815793,178,1982.438961
1084.982362,433,1982.896126
1082.453949,445,1983.352839
414.469602,237,1983.627558
568.360907,228,1987.522173
715.735313,284,1987.802107
234.876503,152,1987.971426
568.211637,233,1988.198161
716.793273,281,1988.473233
256.810512,174,1988.667351
715.794836,275,1988.937889
80.832165,60,1989.01304
568.556525,230,1989.266368
567.556711,229,1989.498478
66.594767,67,1995.043598
901.226976,347,1995.392581
119.805188,95,1995.50984
568.648002,229,1995.737343
64.618789,72,1995.821781
505.522533,193,1996.007991
261.968703,181,1996.209529
757.96016,338,1996.567504
899.132289,348,1996.908593
1084.380374,439,1997.353908
206.128005,144,2003.278484
5.617082,27,2003.323363
149.727226,111,2003.446581
568.771702,227,2003.661346
507.782647,200,2003.84375
1084.042598,433,2004.292927
119.093702,93,2004.406956
901.174731,356,2004.750805
567.013369,233,2004.987917
507.33754,200,2005.175715
246.253481,173,2009.236505
715.895613,286,2009.528217
111.505578,87,2009.630971
242.485207,153,2009.80621
507.204215,200,2010.004868
15.300636,40,2010.053652
899.32149,358,2010.420292
124.131217,100,2010.541539
432.638768,245,2010.804119
119.658836,95,2010.921954
233.15973,164,2016.501253
156.66502,120,2016.63784
900.274617,362,2016.995849
457.903614,275,2017.280323
111.678661,89,2017.386284
237.427436,162,2017.565353
119.906015,96,2017.685479
408.998429,236,2017.936171
716.46851,283,2018.21434
415.685762,229,2018.457292
900.021718,359,2022.50162
222.501441,157,2022.659826
414.139961,238,2022.926902
715.480091,277,2023.195337
238.406148,161,2023.367033
38.30177,80,2023.459246
506.981276,200,2023.652324
567.440167,225,2023.878018
507.292585,202,2024.087911
899.336978,354,2024.430156
1082.130275,449,2030.52297
120.156647,92,2030.637335
288.105388,173,2030.815717
507.075039,194,2031.026901
1084.488303,432,2031.542245
899.71609,371,2031.914483
716.106731,282,2032.189582
414.698504,240,2032.437837
81.044367,52,2032.505255
507.161341,205,2032.704334
81.195219,46,2038.114084
245.367379,145,2038.269982
567.847781,227,2038.480316
414.507751,239,2038.734797
898.712425,363,2039.100813
567.286589,225,2039.328246
506.262694,194,2039.519222
125.453765,99,2039.633266
414.90623,236,2039.888352
715.549477,286,2040.169279
59.183128,65,2044.064032
899.212684,349,2044.407784
457.388208,255,2044.675195
1084.070955,437,2045.13646
413.356517,240,2045.392272
22.448415,39,2045.452793
117.848928,92,2045.561208
507.548741,198,2045.757891
233.825785,160,2045.936661
514.767426,283,2046.217433
249.937806,170,2051.925297
153.804455,112,2052.056036
715.928718,280,2052.329652
78.663204,58,2052.402942
568.116401,222,2052.624525
234.022891,153,2052.796218
80.852114,50,2052.868793
48.150492,97,2052.977934
1083.447308,439,2053.44774
150.559612,111,2053.576373
120.817931,95,2057.421035
-16.046528,1,2057.451134
-16.056463,1,2057.476206
119.718541,95,2057.590585
565.317755,222,2057.866961
941.097021,377,2058.253871
1084.400545,432,2058.715107
415.076942,235,2058.964718
566.861915,233,2059.187345
79.827776,53,2059.250319
505.609309,206,2065.002128
627.222848,343,2065.355752
714.889761,279,2065.628649
118.609694,95,2065.745414
568.063562,221,2065.960997
15.534677,40,2066.022866
716.117352,277,2066.297681
900.040692,370,2066.674459
569.23655,219,2066.898643
126.1484,98,2067.00772
1085.218833,445,2073.335805
56.435521,76,2073.425107
102.375264,82,2073.531036
1083.191983,449,2073.997197
568.332403,226,2074.219385
81.042934,50,2074.285382
114.94827,89,2074.403535
226.890558,151,2074.581208
415.41974,240,2074.832436
1084.73622,433,2075.274843
900.889676,358,2079.461679
717.258224,282,2079.740505
715.196118,287,2080.022779
414.745156,239,2080.346431
897.678407,372,2080.724464
715.344925,277,2080.992007
716.802354,280,2081.264088
898.335334,371,2081.644875
78.177639,59,2081.720006
506.323052,197,2081.913821
232.092205,156,2087.348061
899.14561,368,2087.729156
1082.864736,442,2088.183024
716.3763,274,2088.4511
716.376881,278,2088.727425
899.263972,364,2089.078426
566.287,233,2089.319931
898.162772,365,2089.673611
569.853933,221,2089.902465
567.151919,220,2090.126009
898.631267,355,2095.93732
14.842716,114,2096.056863
1085.612078,436,2096.492463
506.648972,203,2096.684059
567.767573,229,2096.90272
111.392934,90,2097.015585
714.576835,283,2097.28273
52.037987,85,2097.379982
505.964849,197,2097.568689
240.067292,167,2097.752509
567.595249,223,2101.639742
715.946781,273,2101.917608
39.536425,81,2102.013243
506.41065,196,2102.206554
507.440279,196,2102.404002
64.942843,65,2102.491744
899.391386,351,2102.855122
117.922338,94,2102.960271
58.568905,74,2103.04856
16.695084,35,2103.097372
56.13293,80,2108.709561
1081.693086,449,2109.173755
232.975267,161,2109.350105
715.205085,275,2109.627149
111.426404,91,2109.736735
1085.972746,439,2110.192733
14.338206,35,2110.243452
65.487519,78,2110.349666
81.800854,58,2110.4187
-16.07485,1,2110.445576
898.297531,360,2114.465886
81.054084,56,2114.542243
715.761369,278,2114.814718
295.43325,176,2115.076381
1082.979476,455,2115.557361
314.235377,187,2115.745651
414.83021,233,2115.992085
413.680654,237,2116.260812
716.604818,279,2116.529579
942.767201,372,2116.907342
415.268307,231,2122.750733
901.238213,360,2123.112784
15.621816,41,2123.171871
244.336188,170,2123.342916
506.437979,200,2123.546182
113.550087,88,2123.656508
261.849068,171,2123.842312
507.17117,201,2124.07793
415.953503,230,2124.323336
231.711396,159,2124.497878
118.914004,90,2130.186525
423.369322,261,2130.441496
119.689941,95,2130.565005
16.861852,37,2130.614078
256.935026,173,2130.778059
566.391979,233,2131.000906
506.973029,199,2131.186687
124.475782,100,2131.305856
505.417825,204,2131.503014
111.499158,89,2131.613608
506.533001,198,2135.493114
715.776839,280,2135.770871
507.703548,200,2135.969068
439.632404,251,2136.226192
716.089584,279,2136.500929
1086.571836,429,2136.966808
1084.457415,441,2137.428867
567.804287,225,2137.652656
568.521335,229,2137.875851
942.779339,373,2138.262907
219.368841,152,2144.070308
506.753292,200,2144.265607
1084.940221,443,2144.741411
15.339997,41,2144.798426
58.226638,83,2144.892833
430.979184,250,2145.158399
187.235257,138,2145.29535
506.69376,198,2145.492085
1083.79296,448,2145.95882
897.529458,369,2146.318255
898.813123,358,2150.380916
506.129673,199,2150.583992
1082.396267,456,2151.046307
1084.586931,428,2151.490362
1084.119885,429,2151.956076
150.529687,114,2152.076944
716.646704,281,2152.364179
506.662944,204,2152.563541
714.771632,276,2152.832006
899.336957,372,2153.194958
1084.590736,454,2159.106395
898.142716,355,2159.457631
506.170873,202,2159.661598
15.141812,41,2159.707321
234.411597,154,2159.887439
1084.058534,439,2160.340546
900.244252,361,2160.699224
416.581326,237,2160.953471
506.183996,195,2161.146689
119.991449,92,2161.257959
566.784187,226,2167.064472
-8.058652,1,2167.094985
80.587288,57,2167.15801
897.653368,366,2167.502059
16.479928,37,2167.549367
152.230731,114,2167.681193
566.435622,231,2167.907218
230.093947,153,2168.124475
414.253353,238,2168.379639
899.689174,369,2168.745251
124.717008,96,2172.626607
716.84826,278,2172.903387
505.258185,191,2173.090942
233.755638,159,2173.272326
506.42689,196,2173.469225
219.300774,148,2173.628434
118.78801,96,2173.747074
505.843636,203,2173.940166
233.969494,161,2174.120199
716.191188,282,2174.394173
1084.695407,440,2180.66616
79.982378,61,2180.743877
716.593365,277,2181.014982
899.426592,364,2181.37016
-16.045162,1,2181.391687
568.521761,221,2181.639602
8.133735,31,2181.688117
187.17716,139,2181.839168
421.826816,250,2182.104795
90.367334,81,2182.197532
716.850833,281,2186.052706
566.79856,225,2186.270567
566.530323,226,2186.49371
414.350459,233,2186.73499
942.580163,371,2187.112042
1082.877689,442,2187.584829
897.815735,361,2187.932586
414.525785,239,2188.190368
81.820921,50,2188.25795
900.162835,356,2188.612464
506.707149,198,2194.314703
414.091049,234,2194.570771
898.83701,360,2194.925555
103.455176,86,2195.030784
234.014763,157,2195.203417
568.506197,226,2195.414724
232.671285,162,2195.60469
150.774116,107,2195.716384
415.176248,244,2195.988661
900.268883,362,2196.3624
237.823361,160,2202.214926
567.377948,233,2202.427079
232.217026,156,2202.659261
716.095941,285,2202.967498
322.295633,190,2203.202976
898.426872,359,2203.559073
901.000497,361,2203.912397
415.15565,233,2204.170414
414.991938,238,2204.420504
506.548115,197,2204.608103
505.801434,191,2208.395571
898.477309,360,2208.74315
900.252708,358,2209.093159
109.986334,89,2209.195184
413.73426,237,2209.453171
1084.539948,424,2209.907446
567.024171,226,2210.128979
110.138046,88,2210.227967
715.383863,275,2210.497127
714.567317,273,2210.769087
15.3007,40,2216.487817
118.648634,90,2216.597698
1083.162074,436,2217.064211
266.705327,178,2217.255473
899.303304,360,2217.613329
1083.723603,437,2218.060459
715.868762,283,2218.336269
244.516454,170,2218.513604
1083.49793,447,2218.981923
233.548239,159,2219.157259
150.644998,113,2222.958721
1085.978148,425,2223.404034
210.391607,150,2223.568302
119.890461,95,2223.683454
899.857804,368,2224.038551
716.162055,288,2224.318706
110.494389,91,2224.428491
715.714408,282,2224.704326
78.903675,61,2224.771729
715.33387,282,2225.048059
504.973283,196,2230.769781
261.971921,177,2230.959673
346.731822,200,2231.171675
715.031989,282,2231.456499
237.986605,166,2231.695608
715.297339,277,2231.96137
898.849022,354,2232.314978
714.368015,279,2232.588462
415.519391,234,2232.836631
104.938982,80,2232.929702
153.675112,115,2238.898293
387.256898,221,2239.150783
-8.077365,1,2239.173354
414.691992,237,2239.418306
1083.110376,441,2239.89681
266.747119,179,2240.092027
1086.4291,425,2240.540826
288.138329,173,2240.725205
-8.075904,1,2240.749816
232.604297,155,2240.92323
713.960958,282,2245.057425
717.227125,275,2245.327955
507.945582,200,2245.53179
505.378952,193,2245.728163
81.714535,50,2245.789816
505.010267,199,2245.981999
110.392454,92,2246.090469
119.748448,94,2246.207107
80.48099,57,2246.286762
82.181523,52,2246.346637
567.504463,233,2252.134648
1084.173532,431,2252.585983
1085.62006,436,2253.054253
1085.987475,426,2253.495064
83.103179,51,2253.555575
414.882324,237,2253.801539
566.587143,221,2254.028258
897.986121,349,2254.434635
567.491306,225,2254.666141
715.421543,278,2254.937393
458.284864,273,2260.845242
456.222511,271,2261.115013
149.624739,111,2261.239951
143.035895,111,2261.367165
566.531902,225,2261.604202
899.255623,370,2261.960372
261.283397,179,2262.149688
940.318124,384,2262.57413
898.205131,363,2262.94471
232.538029,156,2263.122836
118.555754,91,2267.264206
267.437914,175,2267.457017
14.496905,35,2267.511827
225.281773,156,2267.678372
149.420249,112,2267.811268
897.132518,359,2268.163329
415.629253,234,2268.411015
262.172953,174,2268.597523
716.206952,281,2268.8706
124.613561,95,2268.987093
898.199673,358,2274.953125
150.647781,108,2275.079013
296.84506,180,2275.280273
715.658314,284,2275.564371
567.323944,228,2275.784845
33.148926,96,2275.891143
714.842449,280,2276.179433
422.283473,235,2276.432141
289.898152,171,2276.611821
414.801388,238,2276.865003
1083.546736,435,2281.214733
211.735944,146,2281.372966
81.74826,50,2281.436113
414.717826,235,2281.685205
237.009946,157,2281.861428
506.411221,199,2282.067826
898.075853,358,2282.428232
150.440049,112,2282.555829
715.25721,272,2282.830936
505.88117,205,2283.030775
566.839021,220,2288.607738
119.180848,96,2288.784052
567.491021,218,2289.000626
15.14609,37,2289.055038
218.461585,148,2289.221765
715.475666,283,2289.496461
1082.900378,454,2289.964237
321.183014,190,2290.212268
82.296312,53,2290.283202
714.74304,287,2290.569732
414.093927,229,2296.159006
898.108719,354,2296.491004
265.734063,161,2296.67213
505.1517,200,2296.855232
1086.291032,432,2297.303487
421.849931,245,2297.562552
267.707139,166,2297.764825
81.591196,47,2297.825521
714.717137,276,2298.08749
155.882531,114,2298.226573
119.834625,92,2302.216818
266.132292,181,2302.406385
15.493242,37,2302.458815
233.725393,155,2302.631213
715.922859,280,2302.906606
716.501208,279,2303.194078
504.651048,195,2303.38444
219.800527,148,2303.539289
152.552948,111,2303.670065
899.041037,351,2304.033506
194.744093,135,2309.657256
714.440951,275,2309.920341
15.588632,33,2309.973961
567.359783,215,2310.184179
233.737458,158,2310.360738
794.585832,392,2310.8385
506.007877,201,2311.037666
506.427058,201,2311.232038
567.987753,226,2311.457753
267.755296,174,2311.658282
111.222245,91,2315.711139
232.48149,163,2315.891195
236.116263,166,2316.072699
15.548123,39,2316.123751
714.220054,277,2316.39571
897.534287,371,2316.758178
898.766015,347,2317.105181
414.519276,242,2317.351171
119.627622,94,2317.466169
714.871495,285,2317.748502
713.657832,275,2323.711301
422.834772,236,2323.95256
565.863553,224,2324.185564
714.558615,280,2324.4726
262.001357,175,2324.646306
413.876819,235,2324.892223
612.814043,333,2325.255418
414.729392,236,2325.509492
233.782945,160,2325.678869
197.390759,148,2325.838102
716.027654,285,2331.540118
16.718309,37,2331.599362
261.783628,174,2331.784446
152.959268,113,2331.904013
1084.455392,422,2332.36419
118.783504,95,2332.497506
567.708107,217,2332.708306
233.891913,153,2332.881395
291.287751,175,2333.083192
15.030752,37,2333.140214
83.010388,75,2336.976134
505.568679,199,2337.167278
714.979189,283,2337.444846
80.44521,54,2337.516769
16.662022,35,2337.622028
80.320617,47,2337.684416
1082.922799,445,2338.145387
759.359791,319,2338.481637
505.057586,205,2338.699268
507.020402,191,2338.887075
231.961751,157,2344.41065
713.726391,288,2344.701748
81.368747,49,2344.767193
20.433364,38,2344.816239
223.329377,152,2344.988382
232.801249,157,2345.175816
897.04834,364,2345.544101
82.322422,50,2345.607632
81.551756,54,2345.677192
355.90702,207,2345.896027
565.469422,226,2349.938423
940.894519,386,2350.325723
715.690472,282,2350.600725
244.350275,149,2350.759488
1085.156213,426,2351.1992
414.640465,235,2351.450922
713.868589,277,2351.719481
899.038954,340,2352.069892
568.613551,218,2352.288844
432.484376,242,2352.550537
83.222034,49,2358.198275
119.122333,96,2358.338363
714.334646,285,2358.628237
714.378612,281,2358.909882
124.589037,91,2359.032325
152.661385,108,2359.15671
255.179887,167,2359.341773
567.531735,216,2359.561193
550.517107,293,2359.878264
506.157371,199,2360.085805
15.201974,39,2365.627573
716.011891,282,2365.886366
898.900008,353,2366.240492
149.219487,112,2366.373282
149.289097,108,2366.500561
-16.080234,1,2366.584553
715.48424,273,2366.852836
715.254985,288,2367.148129
261.586366,176,2367.338575
506.145647,193,2367.516392
15.690739,37,2371.265462
713.8789,283,2371.576441
-16.049023,1,2371.60331
450.913548,273,2371.876035
505.715397,202,2372.087955
505.201815,196,2372.276042
566.973724,231,2372.505784
567.737335,223,2372.72852
715.912691,276,2373.003262
219.554984,147,2373.167802
414.370149,233,2378.816166
507.048816,193,2379.00131
715.18867,277,2379.279681
1083.369844,428,2379.719933
713.822305,279,2379.999914
1082.301494,448,2380.466468
506.386845,192,2380.652438
413.517697,233,2380.894758
899.948781,349,2381.237514
265.662885,179,2381.434719
898.525608,371,2387.209573
118.831768,91,2387.317103
205.520592,142,2387.46952
567.031295,225,2387.680308
-16.058455,1,2387.70588
119.432992,96,2387.811728
942.640952,372,2388.178024
241.995144,156,2388.357791
898.756695,357,2388.70613
506.770601,199,2388.8955
506.794637,197,2393.122317
255.388903,159,2393.311652
-16.077875,1,2393.344076
152.706637,111,2393.468971
414.32889,239,2393.724383
1083.406205,428,2394.164502
899.186893,368,2394.606754
232.91647,158,2394.782647
213.404714,148,2394.942443
898.050345,358,2395.322704
716.45199,267,2401.051905
716.617335,275,2401.331743
941.242038,383,2401.731616
567.439773,219,2401.946183
567.846658,219,2402.158371
146.203091,110,2402.278968
81.387338,54,2402.343382
899.350383,352,2402.691598
149.253414,109,2402.833672
415.193346,235,2403.10197
292.201292,171,2406.940136
506.430107,194,2407.128299
415.002693,239,2407.380673
262.850328,183,2407.577037
898.270687,359,2407.934858
118.464293,95,2408.049325
567.368343,223,2408.272047
1083.042759,442,2408.745869
415.458139,250,2409.006233
567.492642,224,2409.230274
716.24863,274,2415.16469
507.465,197,2415.391474
99.355338,93,2415.48698
1082.438821,433,2415.93814
508.129773,197,2416.133445
1083.149111,438,2416.586696
1082.245343,450,2417.061137
111.236207,89,2417.169068
432.06861,244,2417.424121
110.712521,87,2417.525073
1084.737193,435,2423.349707
715.715233,283,2423.618476
714.673831,275,2423.88095
900.378417,347,2424.213784
757.20766,321,2424.617531
897.83512,362,2425.002706
716.380899,270,2425.269097
714.682189,281,2425.540043
567.566015,227,2425.771045
430.728881,247,2426.031185
15.235266,38,2429.818845
81.745699,47,2429.885423
1083.813193,434,2430.335021
262.358921,167,2430.534124
111.119754,89,2430.642761
714.696989,282,2430.920027
715.802039,274,2431.19547
-16.075754,1,2431.222559
344.852236,201,2431.434484
714.322531,284,2431.70729
1082.199214,451,2437.77612
505.365832,199,2437.975835
-8.050876,1,2438.005743
232.157694,159,2438.193283
218.859266,151,2438.353256
1082.949475,436,2438.819979
-8.054142,1,2438.843539
5.741498,27,2438.886613
236.999473,163,2439.064297
568.089265,221,2439.288347
155.592916,116,2443.148564
757.915809,316,2443.481243
717.104157,274,2443.757166
212.838183,145,2443.914319
1082.394402,432,2444.37488
565.951772,231,2444.605511
461.62603,274,2444.885984
189.452071,144,2445.045071
82.332913,49,2445.110506
507.331868,193,2445.296449
16.551169,39,2450.779308
1081.307104,459,2451.238723
81.195993,54,2451.318468
-8.052195,1,2451.342495
716.459608,269,2451.605317
897.692793,364,2451.966886
265.300677,179,2452.21686
204.380424,137,2452.379946
-16.083727,1,2452.405151
415.265615,228,2452.651181
-16.073772,1,2458.285245
1083.349092,421,2458.711647
117.564466,96,2458.811703
566.896101,228,2459.033363
505.772394,197,2459.22757
82.715938,52,2459.293295
565.767616,225,2459.530705
58.684884,65,2459.603227
898.813235,367,2459.960021
82.845408,53,2460.030834
63.754513,60,2464.0433
491.52405,264,2464.322026
898.04576,366,2464.679809
116.698357,91,2464.790312
1084.43878,428,2465.233198
247.423572,152,2465.413578
118.965281,96,2465.530815
567.668323,224,2465.749001
414.922419,238,2465.994379
506.303599,206,2466.20049
506.999357,197,2471.775257
117.103093,93,2471.892377
505.72562,203,2472.081981
716.263238,283,2472.351496
896.960094,369,2472.720505
568.255364,219,2472.943442
507.467386,193,2473.137541
505.627314,194,2473.334803
566.906605,219,2473.551899
899.131086,354,2473.912738
714.202766,282,2478.152153
154.022733,115,2478.283794
714.076348,279,2478.555804
80.53764,49,2478.628755
288.264305,170,2478.799061
714.854835,278,2479.082481
1083.609466,424,2479.526125
793.191007,393,2479.931451
568.687926,226,2480.16483
260.783012,174,2480.368774
1083.302153,443,2486.294637
941.188926,387,2486.694382
1083.079683,436,2487.152462
232.098959,153,2487.320768
3.884297,70,2487.402035
186.521463,135,2487.537071
715.865675,284,2487.814234
345.144508,201,2488.037306
506.676486,203,2488.246607
29.934666,86,2488.340464
715.627271,273,2494.430522
218.263284,152,2494.613191
897.65006,360,2494.976661
506.212796,198,2495.176741
232.566092,164,2495.353764
415.176361,237,2495.60894
219.301993,149,2495.771309
567.501056,222,2495.993246
1083.185418,433,2496.436877
1082.667744,428,2496.879881
-16.053427,1,2500.7166
99.626163,82,2500.816721
567.540267,221,2501.03799
-16.045429,1,2501.066445
413.907827,234,2501.313904
941.069269,379,2501.719119
713.761232,284,2501.999474
292.663532,174,2502.219913
217.9505,145,2502.378211
506.2615,207,2502.579828
714.070729,276,2508.470171
897.609993,363,2508.832915
208.24257,139,2508.984286
117.543739,99,2509.09284
566.338724,231,2509.322742
714.680624,281,2509.598947
82.427705,51,2509.667542
244.346164,149,2509.822298
714.390684,283,2510.103531
-16.066996,1,2510.131058
75.830516,60,2515.782449
458.512908,272,2516.052351
900.283333,351,2516.380566
714.902546,284,2516.652544
940.433588,389,2517.02666
232.9231,157,2517.208222
506.775673,193,2517.390988
566.885638,219,2517.610107
714.461821,279,2517.885206
505.901489,201,2518.079764
81.148446,49,2521.933151
8.103293,30,2521.986823
121.197663,92,2522.110776
455.87869,277,2522.459559
567.709568,223,2522.715188
453.338063,255,2523.017741
714.471761,286,2523.342418
415.652227,230,2523.594321
98.784824,90,2523.686912
59.060848,75,2523.774985
715.038516,280,2529.494154
4.683335,29,2529.53964
413.258914,236,2529.812647
241.854802,153,2529.978184
896.971002,369,2530.347766
898.97782,357,2530.713742
413.734705,243,2530.965043
211.473465,146,2531.121845
421.699329,234,2531.372172
714.431768,274,2531.645352
255.525368,167,2535.473131
714.228503,279,2535.748203
505.012885,202,2535.944546
457.634244,270,2536.222954
715.441744,281,2536.513821
898.02467,353,2536.85464
566.573291,231,2537.092506
109.8011,87,2537.205731
568.379015,226,2537.43279
899.778525,348,2537.770262
7.437779,27,2543.237446
219.471059,147,2543.40161
430.480405,242,2543.66165
897.996432,355,2544.031426
899.760071,361,2544.415854
896.810496,367,2544.775927
150.051837,109,2544.896838
758.031216,314,2545.275239
121.508715,99,2545.388726
431.047354,236,2545.638695
1082.171232,436,2551.737828
715.018954,270,2551.995135
293.453081,171,2552.174335
261.346901,176,2552.360938
1084.909844,436,2552.807913
896.433601,368,2553.161498
227.751624,162,2553.328318
566.514509,231,2553.570307
342.089426,207,2553.787178
896.932873,363,2554.150265
412.37865,239,2558.479142
217.835776,154,2558.655406
122.57368,105,2558.76526
715.797144,273,2559.031446
119.683522,94,2559.157135
567.071281,224,2559.385671
247.885714,163,2559.551996
506.437062,204,2559.761382
314.070094,188,2559.951555
204.523852,139,2560.109095
714.042256,277,2565.777685
1082.110771,441,2566.225932
55.732057,77,2566.31746
715.094605,290,2566.610354
421.504126,235,2566.853704
414.588765,232,2567.099361
505.644841,195,2567.303159
120.757987,92,2567.414767
506.799885,194,2567.598506
114.198138,92,2567.723732
1085.057002,432,2571.940756
118.161822,90,2572.039958
506.753263,288,2572.356955
260.463563,177,2572.549603
538.323734,294,2572.92339
896.581619,356,2573.269647
413.880441,241,2573.523977
567.072705,216,2573.747556
41.591765,92,2573.855637
567.464855,223,2574.073138
466.063624,272,2579.778567
155.764204,107,2579.9126
1083.737233,425,2580.359321
713.829758,276,2580.626887
81.131048,58,2580.705199
286.064751,173,2580.88858
897.305313,359,2581.246549
414.161235,227,2581.486618
255.397147,172,2581.677286
567.595661,224,2581.897055
414.144237,238,2587.643975
1082.557283,436,2588.080438
506.437186,201,2588.274326
114.407826,89,2588.384832
897.752965,356,2588.728891
268.141732,179,2588.927145
715.437076,273,2589.201804
506.398862,190,2589.391501
506.026676,191,2589.578532
421.990693,257,2589.849154
566.658619,229,2593.829928
565.993637,224,2594.054805
1081.389575,430,2594.525889
414.015737,239,2594.787127
92.816621,39,2594.844849
940.907952,380,2595.225408
102.742622,85,2595.348545
457.846255,280,2595.633702
899.66783,346,2595.966127
567.080626,220,2596.197663
505.579771,202,2601.805768
1081.100138,447,2602.261475
566.892079,230,2602.515897
80.382739,55,2602.585884
713.508207,292,2602.869418
714.782283,278,2603.153628
1081.842878,433,2603.681309
505.095714,205,2603.873296
568.655904,219,2604.106277
415.743405,238,2604.370719
506.822625,204,2608.613647
897.655785,358,2608.965291
714.832277,283,2609.252051
84.337478,48,2609.315652
77.556151,69,2609.398282
225.267403,152,2609.56171
506.736668,202,2609.761652
58.135799,64,2609.839018
941.593724,388,2610.235914
1083.106104,454,2610.707682
716.281601,278,2616.709362
506.658427,196,2616.903946
81.178786,55,2616.968074
-16.081079,1,2616.997739
713.809228,269,2617.261748
145.921121,111,2617.388774
232.580286,161,2617.564198
257.033882,170,2617.736592
234.09434,158,2617.910766
150.410751,109,2618.054666
940.390579,378,2623.784376
109.896485,90,2623.894142
940.854394,387,2624.289758
713.27305,287,2624.582841
237.484225,156,2624.750751
81.453279,52,2624.824226
506.847917,201,2625.017167
714.966427,274,2625.282408
414.067637,235,2625.52828
506.804238,196,2625.723687
92.328201,42,2629.407345
16.91344,35,2629.45777
566.852022,215,2629.668742
565.787243,227,2629.916777
714.45316,275,2630.206475
1083.01527,433,2630.657951
898.079197,370,2631.097133
567.96421,223,2631.315733
1082.648986,443,2631.781523
413.414439,230,2632.016111
1082.3389,444,2638.10713
1081.323063,453,2638.581854
420.455627,242,2638.836936
715.448677,272,2639.114901
566.507948,232,2639.363436
714.8326,280,2639.649341
567.404734,225,2639.87969
413.7679,236,2640.129178
1083.539588,450,2640.614625
898.780398,358,2640.96966
567.024475,230,2644.807356
421.165133,242,2645.062831
505.616275,201,2645.25971
505.602293,198,2645.455989
260.572109,176,2645.650978
152.424344,112,2645.782608
1082.769263,436,2646.239124
414.665932,228,2646.480834
81.807,53,2646.547583
507.302901,195,2646.738486
568.74127,220,2652.588556
715.580537,276,2652.866157
897.447726,358,2653.229407
413.972302,233,2653.478014
1086.230518,425,2653.920343
714.63834,278,2654.206414
81.64595,53,2654.276477
68.62886,64,2654.412546
506.568473,202,2654.616374
506.066248,203,2654.815964
285.945002,169,2660.481062
756.5009,336,2660.835927
506.894005,201,2661.033726
413.543514,241,2661.29595
899.823637,362,2661.652396
58.89039,82,2661.745142
414.466613,236,2661.998061
110.668963,93,2662.108712
335.370616,194,2662.339257
713.901108,280,2662.617914
1082.659422,426,2666.807323
413.465652,235,2667.061639
566.493623,228,2667.285695
459.091434,270,2667.568619
155.086454,114,2667.699564
1081.163438,446,2668.165053
-8.065555,1,2668.191075
80.53052,56,2668.264685
186.222172,143,2668.406772
431.977306,246,2668.676921
939.930941,383,2674.670419
421.386333,259,2674.95084
80.983761,52,2675.024762
505.578788,197,2675.216006
422.601944,249,2675.468894
899.543949,356,2675.818313
899.083516,366,2676.187039
1081.541098,452,2676.646792
414.185887,233,2676.893463
15.431378,35,2676.945643
-65.775594,600,2683.05401
15.563863,35,2683.101075
565.85637,230,2683.323867
506.364363,197,2683.521249
1080.648251,453,2684.066512
568.813801,226,2684.293737
568.499777,221,2684.513618
15.274342,36,2684.565051
81.460476,56,2684.644067
16.782169,36,2684.701603
568.547394,215,2688.583379
566.395173,228,2688.819426
713.824535,279,2689.106167
898.088589,355,2689.457289
92.400903,41,2689.515469
82.553839,50,2689.581657
-16.05517,1,2689.606153
808.896335,398,2690.03854
1083.104842,423,2690.48429
82.927267,56,2690.556703
120.76953,94,2696.167187
1082.756444,434,2696.620661
1083.640616,445,2697.077507
940.321213,378,2697.479019
430.623015,243,2697.735992
506.087905,205,2697.935493
713.733058,283,2698.215469
81.287974,53,2698.284869
449.449264,272,2698.573701
1081.296962,435,2699.02465
149.800821,111,2702.936163
109.845048,90,2703.070726
73.903016,73,2703.169803
-16.084337,1,2703.192014
899.503019,350,2703.668964
714.377399,277,2703.990576
102.535163,83,2704.115566
422.120886,234,2704.383563
897.960312,362,2704.742578
895.633525,363,2705.102509
897.1056,362,2711.038339
-16.061659,1,2711.061283
120.055129,91,2711.171198
714.555135,271,2711.447829
895.613379,365,2711.813525
567.519715,224,2712.026525
109.894529,89,2712.139319
118.437698,91,2712.249655
427.624553,253,2712.518652
713.529169,280,2712.791943
1081.89007,420,2718.609794
566.821809,225,2718.821625
82.561481,77,2718.91314
470.517152,276,2719.187595
54.289529,93,2719.291644
364.271545,214,2719.536876
713.560157,271,2719.803029
941.88257,374,2720.185853
566.784914,219,2720.403381
897.415921,345,2720.743049
505.409317,195,2724.690522
118.169786,92,2724.808999
212.030452,147,2724.96907
-79.37088,600,2725.525949
1084.278351,427,2725.974482
500.48875,275,2726.261627
236.670605,162,2726.43529
712.75652,279,2726.768907
1081.064185,449,2727.241645
15.010429,44,2727.299161
758.435059,324,2733.122943
119.671201,93,2733.26132
715.141148,282,2733.537316
566.674485,228,2733.763665
81.462122,53,2733.833428
898.214871,359,2734.19716
940.898523,378,2734.595199
897.014641,365,2734.955957
566.794218,219,2735.17866
428.939705,261,2735.451116
506.576402,201,2739.299958
81.116533,54,2739.367151
898.754492,357,2739.73648
506.178426,197,2739.931931
896.477344,371,2740.292064
82.430049,55,2740.364288
506.5282,197,2740.55722
77.315539,74,2740.643915
119.315403,93,2740.76562
566.355517,223,2740.989844
758.427537,319,2746.921662
119.923738,90,2747.045016
15.38687,36,2747.098401
153.321327,112,2747.224393
422.001055,253,2747.49241
714.654946,278,2747.762744
412.170748,234,2748.010648
715.40303,276,2748.285604
505.763252,205,2748.483316
1081.049853,437,2748.937448
714.421886,278,2754.495432
211.142596,146,2754.658901
713.312753,282,2754.928136
119.936557,97,2755.04458
422.760838,254,2755.317714
756.377851,326,2755.644914
414.392185,233,2755.945806
81.203179,59,2756.02679
81.602069,61,2756.097332
82.388273,53,2756.169397
1080.892305,445,2760.564925
90.2865,45,2760.635635
567.627983,221,2760.886768
895.669583,358,2761.286018
506.291983,198,2761.505373
566.968734,224,2761.730889
713.925647,284,2762.010645
109.70856,90,2762.12798
246.483978,163,2762.284243
413.523504,238,2762.540999
323.219633,190,2768.042898
505.035335,205,2768.256014
756.089799,333,2768.591767
715.170899,272,2768.860205
431.325057,247,2769.121156
117.50386,90,2769.237854
899.552205,361,2769.58819
713.163327,281,2769.856046
-16.053736,1,2769.891626
413.773581,235,2770.142086
566.314857,218,2773.986701
232.41118,160,2774.167618
-16.058676,1,2774.190691
506.12696,201,2774.387417
758.053658,331,2774.73482
268.204325,176,2774.932959
1080.818259,457,2775.414006
757.129349,321,2775.752165
322.945395,178,2775.959355
567.838052,217,2776.171462
566.916168,223,2781.825465
568.100192,216,2782.06548
232.749003,156,2782.2434
415.383908,228,2782.502561
247.9693,171,2782.671743
714.051315,280,2782.948167
467.101415,294,2783.252934
896.575693,355,2783.603868
896.468624,357,2783.956794
413.573668,242,2784.214807
231.695897,156,2789.919999
185.858199,145,2790.053236
568.025873,223,2790.28308
1082.047676,447,2790.753629
4.710685,28,2790.804861
149.438097,107,2790.932235
153.233308,107,2791.061999
713.930701,283,2791.354311
1084.459726,428,2791.797617
292.287086,176,2792.004137
899.734246,348,2796.06783
15.429319,38,2796.123666
1082.775486,424,2796.574734
232.543575,154,2796.742702
505.466666,199,2796.939386
898.56311,352,2797.299928
567.58714,228,2797.540946
939.49497,376,2797.913363
714.750288,287,2798.192666
505.206093,199,2798.392539
1079.98996,440,2804.213044
899.177962,351,2804.560065
414.325027,229,2804.812857
92.35892,42,2804.86619
897.52976,353,2805.225459
940.304005,385,2805.624721
896.077956,372,2805.992856
81.038093,57,2806.064848
414.51848,234,2806.367745
758.979017,325,2806.700911
236.561386,163,2812.301683
713.140822,282,2812.554145
315.911257,185,2812.766379
568.047572,220,2812.984817
219.181817,144,2813.135644
528.580698,297,2813.427849
567.020351,226,2813.642615
896.268043,359,2813.998008
1081.417164,448,2814.459738
57.591066,86,2814.554104
448.137692,267,2818.800917
715.180764,280,2819.073925
-16.047581,1,2819.103234
898.613856,355,2819.452439
1084.038251,438,2819.920964
182.574675,129,2820.071801
566.661467,224,2820.289191
1081.373709,442,2820.747743
896.62647,370,2821.102298
506.178438,187,2821.286647
457.728347,285,2826.952145
567.282407,222,2827.16948
93.025479,38,2827.222252
505.431848,200,2827.419678
506.001136,205,2827.621998
897.73296,357,2827.975028
715.141003,270,2828.238031
125.484016,99,2828.350777
941.346727,374,2828.752299
119.714675,93,2828.867021
1082.538707,436,2833.192729
759.484536,316,2833.541708
118.18076,92,2833.707749
505.006759,203,2833.907338
566.837063,226,2834.131304
505.589206,201,2834.322405
218.801077,143,2834.478932
15.415446,41,2834.53162
565.813873,229,2834.788715
277.772743,171,2834.978158
507.484925,194,2840.648165
714.54101,271,2840.914165
110.958418,89,2841.020257
92.274814,43,2841.080754
506.474589,205,2841.28017
286.255631,166,2841.446504
938.299789,391,2841.860302
78.832401,59,2841.931651
152.611633,114,2842.064617
81.284054,58,2842.142719
458.112514,269,2847.753968
145.552161,117,2847.883764
80.035871,56,2847.950053
476.857009,290,2848.247968
714.541939,285,2848.504958
82.026429,53,2848.5693
713.100114,277,2848.838613
82.283627,50,2848.902545
83.013001,46,2848.96696
567.067037,222,2849.186167
756.772784,319,2853.522416
506.221889,200,2853.717145
898.0009,350,2854.055624
1082.998178,427,2854.501191
464.542619,312,2854.826037
355.29512,211,2855.063207
714.066728,286,2855.343487
152.538461,111,2855.473127
57.765969,62,2855.553305
266.504093,182,2855.757417
1081.661596,434,2861.664016
715.729063,276,2861.989927
568.227056,222,2862.215671
567.552876,224,2862.438307
413.796249,235,2862.681675
505.91099,197,2862.883556
110.109838,93,2863.002455
1082.344193,437,2863.455654
149.715811,116,2863.58869
757.193524,327,2863.929393
713.731393,281,2867.93276
81.572637,53,2868.00835
505.998397,206,2868.212128
461.919281,305,2868.532937
416.006449,259,2868.803882
1081.682545,445,2869.280596
896.936601,354,2869.642286
568.486152,222,2869.860289
898.399789,367,2870.22829
506.840849,206,2870.42986
898.983866,358,2876.185693
897.991572,352,2876.544869
716.22433,275,2876.814423
1082.381897,442,2877.269259
505.399468,200,2877.470945
91.363484,38,2877.526559
942.970146,370,2877.902681
149.072402,114,2878.034015
-16.062471,1,2878.057348
23.522279,36,2878.11247
1085.284754,429,2884.170833
280.018712,183,2884.381639
-8.059114,1,2884.405712
91.505083,42,2884.464065
566.123911,231,2884.692151
504.698131,200,2884.892662
716.157221,273,2885.168697
413.841075,239,2885.426974
1083.033431,434,2885.887905
1081.289542,455,2886.36144
1082.059507,436,2890.71866
-16.046026,1,2890.745605
504.725583,201,2890.941339
309.773094,205,2891.162566
198.716811,156,2891.318986
565.891794,222,2891.53728
714.477643,281,2891.870273
566.602985,232,2892.103319
711.907131,280,2892.404032
756.671372,326,2892.73833
203.130485,140,2898.366462
297.126735,182,2898.557502
218.813553,149,2898.724558
756.381543,338,2899.063569
459.080454,278,2899.35133
756.196738,335,2899.689098
423.581542,266,2899.969078
566.232318,221,2900.188555
81.533149,50,2900.249906
312.364425,188,2900.442461
507.05684,194,2904.30942
1080.467786,447,2904.774005
714.821607,276,2905.041948
65.594318,72,2905.143256
504.802944,206,2905.341598
506.307457,194,2905.533087
119.596618,94,2905.648412
941.560749,392,2906.075847
421.15603,236,2906.327739
713.93696,282,2906.610918
412.363696,228,2912.394664
81.334217,50,2912.458856
119.680009,95,2912.579611
896.466661,360,2912.939665
758.036991,326,2913.26958
1081.875231,451,2913.731005
566.400843,223,2913.9435
396.948883,221,2914.197141
287.845758,170,2914.375299
712.971981,280,2914.653706
458.567278,277,2920.495308
81.329492,49,2920.557808
567.240548,225,2920.780748
566.176376,226,2921.013344
714.528431,281,2921.291165
413.951599,238,2921.534338
413.618863,237,2921.844543
1082.935959,432,2922.294224
896.356885,360,2922.664829
-16.075739,1,2922.692482
898.190976,354,2926.804463
1081.447657,426,2927.260408
506.078808,193,2927.445989
1081.634568,450,2927.931006
897.67225,363,2928.302499
628.843015,330,2928.634843
712.555356,285,2928.912442
1084.337986,439,2929.373832
413.673207,242,2929.633689
1082.180063,456,2930.133424
504.972014,197,2935.881871
898.673059,357,2936.249614
566.448349,237,2936.481718
330.588262,200,2936.705897
149.955272,114,2936.837241
899.010515,349,2937.172056
263.561626,169,2937.363076
110.938908,86,2937.469306
897.257692,358,2937.817828
567.050705,221,2938.034658
1083.937821,449,2944.066527
80.890495,57,2944.135268
413.876349,228,2944.365431
-8.080862,1,2944.389834
413.838032,242,2944.62724
713.715388,285,2944.903235
69.566123,63,2944.974291
940.247114,385,2945.377492
758.332031,321,2945.779381
7.262451,31,2945.830389
465.597237,308,2949.756012
567.18974,219,2949.964191
413.129413,232,2950.231482
756.802521,322,2950.561095
1082.094082,436,2951.017373
291.183865,176,2951.211518
290.593878,179,2951.39597
506.559321,201,2951.594127
116.963966,96,2951.705438
897.296716,359,2952.069711
-16.053404,1,2957.694378
940.399587,390,2958.075629
-16.041656,1,2958.101197
897.972592,364,2958.455977
414.13351,240,2958.709559
1081.582863,444,2959.166322
263.084621,175,2959.358488
897.540595,358,2959.714792
1080.731922,445,2960.182371
896.760175,362,2960.533485
114.214181,92,2964.278948
566.464623,233,2964.513209
506.403034,200,2964.712292
91.475969,41,2964.767798
567.813515,222,2964.980592
937.883909,388,2965.403632
-16.061255,1,2965.428516
506.928338,197,2965.624946
899.095725,353,2965.966717
1083.243717,425,2966.408814
567.237419,222,2972.268466
1083.874325,426,2972.711885
786.096541,391,2973.114892
-8.038864,1,2973.142653
505.801138,195,2973.331185
714.221891,281,2973.600242
470.302223,281,2973.889455
233.425539,166,2974.076739
5.728381,27,2974.122018
1080.817808,444,2974.660626
198.250152,137,2980.309839
530.68923,282,2980.602603
506.883474,197,2980.786693
280.821795,189,2980.983722
897.568763,368,2981.336737
431.405013,248,2981.59921
471.335797,314,2981.916318
566.760537,225,2982.142899
118.713216,96,2982.264609
505.803922,201,2982.458716
421.290273,258,2986.407395
567.674301,222,2986.627736
566.827093,230,2986.86137
355.291359,203,2987.08217
92.294432,41,2987.140185
91.258333,42,2987.20248
716.440526,274,2987.473598
506.502616,203,2987.673426
1081.702519,447,2988.132891
290.467213,175,2988.314753
565.47057,237,2994.046666
898.472287,352,2994.400566
714.502242,276,2994.670816
73.400082,67,2994.747794
506.358568,199,2994.949196
149.078477,110,2995.067954
505.06975,202,2995.277735
898.458309,357,2995.657737
15.477,38,2995.720155
565.488141,233,2995.959992
-13.170657,104,2999.794243
91.557555,41,2999.851359
567.008989,227,3000.079025
568.37586,219,3000.301242
896.716316,363,3000.66474
506.407166,193,3000.849335
311.599699,180,3001.047083
232.775729,162,3001.232579
712.905444,278,3001.50503
422.271363,269,3001.781527
566.044116,231,3007.57903
506.238941,198,3007.779189
898.440757,350,3008.136899
80.891683,55,3008.204584
940.641323,390,3008.59465
82.255027,49,3008.715734
1081.182696,440,3009.169498
713.952053,282,3009.444756
66.8093,65,3009.529512
507.347849,195,3009.718759
1081.35901,449,3015.600313
566.962683,220,3015.812446
1081.013176,429,3016.259892
1082.29415,425,3016.718998
414.178999,236,3016.970139
16.963988,34,3017.025461
567.531813,218,3017.233101
413.198468,239,3017.484967
1081.788819,430,3017.931241
91.893381,39,3017.991605
756.175672,327,3021.966099
755.405848,330,3022.340936
442.718397,274,3022.624695
566.824049,226,3022.849838
411.712732,237,3023.09791
1081.005967,442,3023.557788
566.209476,228,3023.782671
335.391986,197,3023.999621
431.535761,239,3024.254616
246.100143,166,3024.420897
567.590912,220,3030.09464
714.581123,278,3030.37989
268.064023,179,3030.579922
120.086435,90,3030.689726
91.5859,37,3030.803615
566.758243,220,3031.022237
1081.244956,439,3031.487641
505.145937,198,3031.678297
714.511754,281,3031.955873
82.439227,47,3032.013187
99.044442,91,3036.014207
713.295757,286,3036.300068
897.173715,348,3036.673941
81.049803,55,3036.74875
505.998149,207,3036.94802
1082.817471,441,3037.40516
413.681928,235,3037.655679
205.537073,145,3037.80986
79.844049,53,3037.880885
1080.362366,450,3038.340214
712.540756,282,3044.031999
757.396284,321,3044.350056
67.190425,63,3044.441078
118.993878,94,3044.563161
713.967097,280,3044.842305
414.989946,235,3045.093197
1081.040135,443,3045.547488
208.283131,147,3045.7279
91.46293,37,3045.782216
80.431224,53,3045.851002
714.642624,280,3051.501935
420.18299,243,3051.755846
714.666166,273,3052.028757
99.309321,48,3052.089498
81.343617,49,3052.15296
712.832069,273,3052.427275
505.334228,194,3052.63413
82.453206,54,3052.704739
414.117781,237,3052.951286
567.347726,233,3053.183982
715.628803,282,3057.275264
565.702164,219,3057.491609
-16.05518,1,3057.519932
1081.865546,431,3057.963512
566.302171,230,3058.184904
125.468456,95,3058.305127
232.657049,150,3058.533432
505.704532,195,3058.724762
504.555086,201,3058.92491
755.391886,332,3059.259864
895.768406,363,3065.230443
756.567211,325,3065.55914
-16.065168,1,3065.582394
714.791475,286,3065.874342
1083.585664,435,3066.327568
91.567183,41,3066.384945
204.099067,140,3066.536815
565.477962,232,3066.78213
1081.613472,426,3067.269392
1081.992404,439,3067.725766
463.544681,299,3073.453415
1081.417023,443,3073.8868
413.78434,232,3074.128892
504.658529,195,3074.31312
567.823292,218,3074.518714
712.681064,283,3074.786987
940.390553,395,3075.184082
-8.054155,1,3075.213041
93.535896,40,3075.266309
897.627902,358,3075.634554
504.408051,199,3079.353079
265.920146,174,3079.560021
231.034627,159,3079.740974
566.913558,221,3079.962278
716.058217,275,3080.243393
713.980083,272,3080.513294
8.030001,31,3080.560677
287.613905,171,3080.740097
898.596959,357,3081.105048
895.826805,366,3081.470368
1081.243066,438,3087.414416
429.673962,242,3087.666176
1079.431665,443,3088.146538
8.961853,32,3088.195403
457.663099,269,3088.482839
898.377664,359,3088.838103
1079.242161,452,3089.319579
78.463242,54,3089.387691
410.086411,243,3089.631212
153.211661,111,3089.763231
505.470297,210,3093.677219
1079.582267,434,3094.121315
1083.162021,422,3094.554077
898.107459,359,3094.912473
413.634403,231,3095.165165
566.331593,226,3095.385883
713.360794,275,3095.653078
203.128229,139,3095.809198
-16.06201,1,3095.842512
7.117308,30,3095.890871
413.920807,228,3101.767265
1080.544337,439,3102.217991
506.044111,196,3102.406308
567.060097,229,3102.637612
1082.598741,450,3103.098466
219.301604,151,3103.260248
505.205865,202,3103.463515
448.475481,269,3103.736026
203.817361,142,3103.887278
247.746838,167,3104.062685
279.964507,191,3109.553501
210.524673,149,3109.770817
91.959812,36,3109.819435
566.494294,220,3110.034378
566.064729,230,3110.252444
149.019947,111,3110.365949
506.204426,202,3110.572426
412.990762,234,3110.819698
1081.924749,446,3111.283921
413.747322,238,3111.538302
566.028485,225,3115.572124
504.968541,204,3115.780641
941.665154,373,3116.162849
465.253684,300,3116.469515
82.679766,48,3116.526273
117.640345,97,3116.652239
408.587718,250,3116.911211
92.817095,36,3116.962823
231.293697,164,3117.139824
468.469375,297,3117.454111
1081.377616,442,3123.618065
897.457245,363,3123.973366
1081.05785,448,3124.435007
505.646089,193,3124.62477
713.184182,292,3124.927595
91.263732,40,3124.976231
714.23759,283,3125.257803
81.850796,46,3125.321721
758.038591,330,3125.672997
430.947599,244,3125.937648
414.379773,232,3129.735073
122.139095,104,3129.844983
421.925027,244,3130.102754
1081.226089,438,3130.56228
1080.563855,446,3131.016964
567.71646,221,3131.228916
504.601389,201,3131.428259
68.826141,61,3131.506753
713.206548,280,3131.77982
565.42971,224,3132.001499
116.871819,95,3137.751615
566.176134,225,3137.974473
713.206388,275,3138.251595
713.395939,284,3138.529476
467.069173,309,3138.850626
3.443046,24,3138.892533
81.312605,52,3138.953106
506.03534,202,3139.151104
566.454988,227,3139.374731
566.567987,225,3139.595929
295.727809,175,3145.176472
786.269175,395,3145.570107
506.813283,191,3145.753335
896.829095,370,3146.105219
895.561406,371,3146.472006
218.774893,151,3146.639552
413.570439,227,3146.877915
344.39841,204,3147.101021
566.013436,232,3147.326233
941.200222,371,3147.707968
6.992331,26,3151.338827
412.365656,236,3151.610905
1080.118107,450,3152.092051
102.32681,84,3152.19673
566.373351,237,3152.444943
504.473911,203,3152.63969
-8.039674,1,3152.666618
256.987854,171,3152.853193
1080.323003,435,3153.300818
897.802133,364,3153.661409
504.512994,202,3159.559487
83.992914,46,3159.622368
713.952822,276,3159.89336
940.068437,380,3160.282691
296.962393,180,3160.463463
505.275801,198,3160.666837
505.394709,199,3160.856647
212.132748,140,3161.019453
1081.528744,447,3161.480608
897.097908,354,3161.825989
713.369423,276,3165.749259
566.323673,227,3165.972951
432.532058,248,3166.222403
714.15194,277,3166.50379
415.864067,246,3166.761824
111.148168,90,3166.919832
412.759554,243,3167.190717
714.362008,278,3167.466278
568.068047,219,3167.680747
110.746247,91,3167.792098
566.068143,227,3173.456881
898.32772,356,3173.828673
-16.082999,1,3173.851736
91.962847,35,3173.904912
344.679249,200,3174.135653
504.324066,207,3174.357848
506.249444,200,3174.547741
897.08603,367,3174.911943
343.544072,200,3175.13241
1081.746544,426,3175.578009
431.07705,244,3181.624411
566.374183,222,3181.841659
757.711179,328,3182.175116
566.102927,229,3182.404874
255.615145,168,3182.590047
413.656764,235,3182.846524
1080.973253,433,3183.293957
941.382406,384,3183.687148
755.918776,323,3184.017418
412.850246,237,3184.262746
1081.053401,430,3188.469313
849.534603,420,3188.912756
8.44704,32,3188.960593
713.299132,284,3189.232925
566.456818,217,3189.453773
715.353451,284,3189.741167
896.798903,358,3190.111096
1082.06669,436,3190.577953
232.519621,158,3190.757678
566.355442,231,3190.995373
102.031127,84,3196.712076
1081.309234,436,3197.170491
713.413966,284,3197.446394
716.183763,276,3197.717483
566.575259,232,3198.005718
939.079019,388,3198.396341
1080.071067,456,3198.865501
91.823863,39,3198.918747
1082.223471,448,3199.380074
505.274918,199,3199.568489
211.087404,143,3203.381931
566.647852,218,3203.591929
1082.745392,419,3204.022027
899.044181,358,3204.4014
567.603906,221,3204.62156
506.105092,201,3204.815245
564.956137,230,3205.041172
92.90754,35,3205.093988
896.08109,369,3205.44884
420.840969,245,3205.71846
565.694179,234,3211.391875
8.500835,29,3211.436357
1081.143651,438,3211.89688
504.299783,204,3212.095506
756.549269,319,3212.421618
567.366569,229,3212.648453
712.818417,278,3212.92013
506.751566,199,3213.110428
1081.689844,444,3213.579875
1081.367465,440,3214.041375
1080.657636,437,3219.972788
713.843463,282,3220.267883
51.938743,66,3220.34063
92.778892,36,3220.395779
714.090525,280,3220.668429
505.506815,190,3220.859915
507.483715,196,3221.065741
462.318893,296,3221.378686
756.080073,332,3221.700106
713.817444,280,3221.992684
119.556499,93,3225.800848
1082.171027,427,3226.242499
421.317526,235,3226.492654
83.891389,46,3226.561747
897.842412,360,3226.979862
74.923892,67,3227.060646
461.555423,300,3227.369473
505.735407,198,3227.579084
109.893367,87,3227.687375
566.018701,227,3227.929426
80.335539,52,3233.499314
505.073268,203,3233.696324
203.341098,134,3233.84386
91.718445,36,3233.898622
505.158481,194,3234.090269
217.498133,151,3234.254193
897.065673,363,3234.611359
713.605934,286,3234.896449
506.825859,194,3235.087253
429.595147,245,3235.354977
7.399825,27,3241.031699
897.560624,350,3241.361087
754.601168,333,3241.67628
566.308249,219,3241.884668
279.28695,189,3242.078361
93.233441,34,3242.130755
218.683954,147,3242.285542
506.546252,203,3242.484787
97.682051,88,3242.580004
245.68186,154,3242.751029
504.684662,195,3246.624072
101.959574,86,3246.751626
504.717201,202,3246.944574
1081.452387,442,3247.41658
483.69027,319,3247.738978
565.874123,230,3247.961745
757.550382,327,3248.292969
714.897487,273,3248.58446
290.447025,176,3248.76854
91.24579,39,3248.820859
713.485372,281,3254.611672
713.034622,281,3254.925518
218.227077,140,3255.082539
755.941692,336,3255.436593
149.988494,113,3255.584839
460.512309,299,3255.89149
82.197763,49,3255.951015
8.349058,32,3255.99884
8.387799,29,3256.046247
565.462156,227,3256.259129
258.101526,160,3260.252954
898.416971,366,3260.616229
155.831622,112,3260.80618
566.382619,224,3261.025674
-16.057323,1,3261.048499
758.035572,331,3261.39371
117.594521,91,3261.504462
414.38259,241,3261.75711
567.346732,224,3261.999635
281.196811,182,3262.19205
81.511973,45,3267.853966
505.436385,196,3268.056569
1084.045227,429,3268.494023
290.002108,177,3268.681315
505.201512,200,3268.883947
279.914047,191,3269.09588
505.734128,281,3269.371644
566.699098,231,3269.598832
896.750053,368,3269.951938
342.80805,198,3270.165184
506.150877,198,3275.739111
83.825979,49,3275.80024
896.25897,377,3276.156929
110.679187,91,3276.259419
219.650224,155,3276.421509
245.362669,151,3276.57962
1082.302895,437,3277.03689
91.290424,41,3277.100076
468.40813,303,3277.422807
404.893304,261,3277.692811
505.452699,196,3281.538375
217.502537,153,3281.705205
713.737536,274,3281.974125
415.101685,237,3282.220031
102.580142,87,3282.332615
712.860093,274,3282.598396
756.327799,328,3282.931777
896.837835,356,3283.295766
505.752549,205,3283.492219
565.604591,231,3283.7197
342.942655,198,3289.548369
265.74883,183,3289.817883
566.418042,225,3290.042705
757.465207,328,3290.383138
-8.058245,1,3290.4097
1081.393122,439,3290.860979
426.933647,263,3291.139098
505.475928,198,3291.335145
566.59228,227,3291.603755
756.470998,337,3291.944214
898.149505,367,3295.999343
79.840715,51,3296.065724
93.655721,39,3296.115406
565.399657,231,3296.351297
898.924412,351,3296.697326
1080.127871,445,3297.163281
1080.471128,431,3297.624117
1081.851789,434,3298.083624
896.802791,362,3298.430153
505.825905,200,3298.622258
83.116824,49,3304.220241
896.785362,356,3304.572978
212.625087,148,3304.730232
105.763199,85,3304.836407
413.827183,234,3305.0923
461.155862,319,3305.411823
566.379486,229,3305.63726
421.135628,243,3305.915756
897.912345,346,3306.283078
3.646985,22,3306.320107
470.293682,308,3312.115715
938.991225,388,3312.531239
102.434114,85,3312.622062
533.969354,296,3312.938566
504.768674,196,3313.130527
897.65349,352,3313.472574
505.972341,201,3313.672252
504.777633,203,3313.877668
505.820113,198,3314.07505
504.923315,199,3314.277213
293.240156,178,3317.962642
92.826336,37,3318.073627
505.540049,199,3318.279364
564.971081,231,3318.509663
896.952682,355,3318.86793
68.544283,58,3318.940601
1080.09165,448,3319.424993
505.315402,196,3319.610302
504.599153,198,3319.800287
899.012304,360,3320.164214
756.508223,323,3325.740388
1082.728859,441,3326.196556
82.690981,76,3326.290439
898.462169,366,3326.645268
565.682462,230,3326.867088
1079.340124,445,3327.331222
471.558803,297,3327.644149
757.487196,329,3327.985382
566.05643,227,3328.221555
566.747121,232,3328.455924
506.442241,199,3332.538532
23.486359,40,3332.597919
80.3644,49,3332.659416
463.341354,280,3332.951191
213.681688,153,3333.114776
505.258798,195,3333.306628
152.479979,114,3333.436897
271.424301,181,3333.627709
713.260438,279,3333.905095
712.389573,282,3334.181951
1081.310391,453,3340.080581
118.220009,94,3340.200543
1079.558545,455,3340.674026
506.479585,195,3340.873315
197.722896,141,3341.032578
896.6904,362,3341.390765
1079.568792,451,3341.857115
566.530791,232,3342.088424
895.781156,359,3342.452334
755.849617,336,3342.803857
505.932663,198,3348.499499
1081.264351,433,3348.938772
448.490575,289,3349.255966
896.983299,361,3349.617382
342.857876,200,3349.830284
754.189468,332,3350.169458
504.665928,199,3350.362541
938.438021,390,3350.770723
1079.427623,446,3351.243734
714.369334,269,3351.51338
565.868912,225,3355.583817
897.110737,356,3355.942156
756.148649,344,3356.287911
355.022029,203,3356.509841
109.650974,93,3356.61832
415.438392,234,3356.865152
896.562563,354,3357.221488
1082.605752,436,3357.669864
898.155309,364,3358.019713
566.502814,223,3358.246225
224.250762,150,3363.67969
713.637957,278,3363.952568
755.934035,333,3364.292253
896.408826,358,3364.657568
19.109721,39,3364.711189
1080.581595,437,3365.180035
4.845189,23,3365.22157
91.205218,39,3365.276208
1082.104815,427,3365.732213
231.605923,157,3365.904673
412.71777,243,3371.53377
714.869658,277,3371.794991
898.222255,356,3372.128368
937.916387,383,3372.491716
291.59348,170,3372.666502
91.532061,43,3372.719145
505.605085,192,3372.967563
412.972871,231,3373.218433
897.167018,356,3373.566605
231.541208,156,3373.748668
218.73223,158,3377.560396
466.93632,305,3377.876052
1080.768118,444,3378.334143
567.114918,229,3378.557451
118.367877,93,3378.669752
754.829332,333,3379.032496
409.173531,241,3379.291141
566.721915,232,3379.524399
109.620787,93,3379.633047
899.026797,347,3379.974571
754.117606,345,3385.715076
313.792882,186,3385.915226
341.839749,207,3386.134863
898.807574,352,3386.48781
506.867558,203,3386.703909
228.650057,165,3386.866605
566.979296,227,3387.091252
-6.105701,14,3387.124188
713.302541,282,3387.410352
711.906295,279,3387.676949
505.407234,197,3391.803133
713.505562,276,3392.083662
153.102879,109,3392.205113
896.768791,356,3392.554405
413.011224,241,3392.847848
211.154108,149,3393.005456
756.383387,341,3393.356382
119.132953,94,3393.489466
218.128426,158,3393.659301
16.662821,40,3393.714828
90.297181,40,3399.28413
1079.704616,455,3399.761256
151.863085,117,3399.896909
219.942573,154,3400.050593
151.975635,111,3400.18061
565.281248,228,3400.429913
149.981419,114,3400.559893
713.141334,270,3400.850532
714.750664,379,3401.242157
756.076045,332,3401.634461
1079.751741,460,3407.653493
897.01562,368,3407.992455
505.030946,200,3408.184236
91.441657,40,3408.247353
342.341469,196,3408.463904
-16.082164,1,3408.487008
67.136774,65,3408.568582
503.884056,210,3408.775856
1082.325099,438,3409.229005
755.053731,335,3409.578224
412.628849,242,3413.33509
149.325949,116,3413.468528
504.694718,201,3413.660625
713.966296,280,3413.938308
-8.056237,1,3413.962838
565.778827,224,3414.18094
714.228223,285,3414.466945
504.580252,198,3414.659419
712.635264,287,3414.93918
413.434596,239,3415.199085
755.12823,340,3420.917046
898.683696,353,3421.281805
-16.082097,1,3421.31084
1079.652064,457,3421.78036
714.270145,278,3422.052869
715.381262,281,3422.341225
-16.055431,1,3422.368165
566.018493,230,3422.598061
755.807765,338,3422.94436
896.097121,375,3423.328143
1082.778216,438,3427.384683
896.463344,368,3427.753296
15.155907,40,3427.86833
897.554836,365,3428.247134
1079.81838,451,3428.716384
504.228822,205,3428.914824
756.572695,329,3429.255202
757.1182,333,3429.598623
62.640843,63,3429.665207
91.605996,42,3429.726094
80.72134,53,3435.210388
504.609996,203,3435.408969
505.651092,203,3435.609629
896.951576,365,3435.972932
266.332789,178,3436.155354
713.515088,275,3436.426886
-2.620187,65,3436.51516
231.976147,159,3436.69119
712.900989,293,3436.974794
566.121601,219,3437.195038
505.514694,201,3443.135935
534.90379,291,3443.438162
1081.030506,441,3443.910117
505.77129,203,3444.110002
1080.295379,442,3444.56442
897.746137,367,3444.908505
566.189787,237,3445.163209
567.050564,227,3445.382138
81.692639,47,3445.444645
1080.300824,448,3445.928206
484.435097,271,3449.924332
15.590466,37,3449.985034
79.084037,72,3450.095092
505.399281,201,3450.329937
-8.071796,1,3450.354681
298.068913,178,3450.579006
898.062452,352,3450.978443
714.211212,282,3451.258777
16.165573,39,3451.313164
713.327319,283,3451.592655
714.184577,276,3457.475366
506.519007,199,3457.695696
505.105855,202,3457.902811
413.821162,232,3458.148522
1081.806591,440,3458.639349
412.392061,235,3458.891865
413.90523,243,3459.206152
565.97621,239,3459.446903
712.735771,281,3459.715792
217.614088,153,3459.882418
1080.648448,450,3464.361567
81.522915,49,3464.435714
223.535902,161,3464.627398
504.950632,203,3464.840096
714.789658,279,3465.120694
218.393721,165,3465.281355
756.416539,347,3465.636173
1081.499351,446,3466.094721
564.804961,241,3466.334961
758.304501,324,3466.667648
342.317005,202,3472.238531
80.834193,53,3472.304451
92.352215,38,3472.363615
898.709512,352,3472.7086
230.383871,155,3472.879527
1080.146098,441,3473.340755
150.346907,113,3473.467896
714.073804,281,3473.741749
713.979889,275,3474.015207
-16.069572,1,3474.042778
224.475334,165,3479.693178
566.360964,228,3479.912351
1081.910872,443,3480.371272
1081.231892,443,3480.845641
125.495104,106,3480.956376
-16.058193,1,3480.979538
-8.071956,1,3481.003736
756.32842,330,3481.358177
1082.235123,438,3481.812998
713.487555,287,3482.092845
896.951104,370,3486.269606
233.120962,154,3486.439593
714.115022,283,3486.733792
1082.417247,429,3487.181774
413.843765,242,3487.431018
469.714968,301,3487.735025
15.387794,31,3487.790243
149.580247,114,3487.946567
298.680519,189,3488.150123
459.482031,324,3488.47509
413.619146,237,3494.107062
1080.817823,446,3494.625844
291.989537,170,3494.823601
231.943026,156,3494.995481
505.493236,199,3495.187438
430.440785,238,3495.435272
758.504996,318,3495.773603
145.674728,110,3495.89792
39.128633,93,3496.002382
505.186668,200,3496.205533
714.492293,278,3502.286783
755.434345,335,3502.614394
896.579467,368,3502.96387
1081.717683,447,3503.429804
1080.610015,435,3503.883944
713.181648,286,3504.162167
567.406395,228,3504.395248
49.861579,54,3504.462039
896.766985,371,3504.820277
292.755407,182,3505.048719
80.602466,52,3508.78595
713.726636,284,3509.070167
895.927913,354,3509.419179
-8.075638,1,3509.448822
92.494886,36,3509.514193
1080.305809,450,3510.004715
504.188134,199,3510.195078
758.398869,323,3510.525306
712.966998,280,3510.804543
1083.67551,438,3511.257936
93.528548,36,3516.794879
211.908707,152,3516.957107
506.382007,201,3517.156495
506.599167,199,3517.349209
413.93309,235,3517.597197
712.228878,278,3517.868234
7.302301,27,3517.913511
713.718584,284,3518.20331
714.031213,276,3518.478541
894.946118,367,3518.844272
713.475565,269,3522.811529
1081.564096,430,3523.260079
468.024022,314,3523.583144
714.217468,281,3523.855372
566.733137,226,3524.08442
91.290163,44,3524.142881
565.405643,231,3524.387976
567.051605,225,3524.630998
119.24204,90,3524.798495
757.562372,316,3525.121536
266.714763,181,3530.781993
756.367803,324,3531.119286
565.83704,227,3531.344037
188.187127,141,3531.483981
565.364648,232,3531.720088
-6.278861,14,3531.753402
506.167349,205,3531.952878
505.089159,204,3532.160742
898.898306,356,3532.518163
715.911077,285,3532.793051
713.785981,286,3538.680844
149.420789,115,3538.805639
464.707085,277,3539.088
566.892872,238,3539.309619
105.148688,80,3539.402082
415.173671,238,3539.649179
897.126828,360,3540.011178
1081.679151,438,3540.472028
1080.840834,450,3540.94671
17.665978,38,3541.007062
220.122346,159,3544.717614
49.395643,55,3544.791696
505.04036,198,3544.97843
91.457255,38,3545.039891
73.251239,57,3545.110725
25.659536,44,3545.171267
506.443203,204,3545.372626
81.046766,51,3545.439461
152.352369,113,3545.572899
566.848295,225,3545.789935
1080.484333,433,3551.845353
566.801802,220,3552.067175
15.579728,35,3552.116637
897.792566,354,3552.464272
287.76988,171,3552.637535
149.753827,110,3552.774664
938.743188,392,3553.176639
714.159979,283,3553.454634
91.466384,39,3553.509534
712.543123,281,3553.784322
414.101406,234,3557.739493
714.164187,278,3558.014937
82.216429,51,3558.08197
232.668454,156,3558.25776
713.976177,276,3558.547014
714.687321,287,3558.824119
938.940809,381,3559.212252
754.934911,333,3559.545666
897.520593,356,3559.904923
897.591912,362,3560.256383
714.438263,278,3566.078948
566.040393,231,3566.308196
567.139121,220,3566.533837
431.311885,244,3566.822479
506.121443,201,3567.017502
1081.591111,446,3567.491507
1083.805186,433,3567.946073
897.594157,356,3568.301747
1081.458136,459,3568.791362
233.121069,158,3568.973457
15.136187,33,3574.484497
566.14549,229,3574.70021
715.254796,280,3574.965327
713.648187,278,3575.233392
274.623449,188,3575.437719
413.872657,243,3575.697258
505.860594,202,3575.888541
218.775046,151,3576.039422
421.424684,241,3576.311999
91.882814,37,3576.363558
81.760134,49,3580.229269
714.16144,278,3580.55775
714.579154,277,3580.877759
566.160863,224,3581.145291
146.729522,106,3581.281035
714.228492,276,3581.568156
83.079277,46,3581.631113
83.571287,47,3581.691706
1081.391508,448,3582.17673
899.752187,353,3582.540665
505.143654,200,3588.076877
566.839939,224,3588.316151
567.750921,223,3588.538226
567.115227,223,3588.772283
1082.296544,422,3589.229675
1079.67805,455,3589.697584
202.225162,143,3589.913142
713.342075,276,3590.18171
714.261956,277,3590.477015
413.463604,240,3590.738385
712.519047,285,3594.625473
80.595654,49,3594.693819
280.242295,179,3594.87513
756.376917,322,3595.204795
1079.86208,443,3595.677305
413.51465,239,3595.936836
432.159188,237,3596.186084
755.771155,331,3596.529605
757.16115,330,3596.87727
566.743238,226,3597.099375
715.151711,272,3602.883205
505.880513,193,3603.070776
565.583868,235,3603.309835
81.323007,49,3603.374064
505.45302,197,3603.580261
505.798733,205,3603.796374
-8.075571,1,3603.818947
461.972263,260,3604.075068
566.834669,224,3604.294228
565.882212,218,3604.513014
1080.989005,451,3610.52269
268.695765,176,3610.712969
149.208459,114,3610.845737
409.847586,233,3611.088782
1080.461136,442,3611.584038
91.529963,41,3611.645473
506.160774,197,3611.840936
568.324191,221,3612.05733
567.747382,228,3612.282111
268.220459,168,3612.467067
756.537176,320,3616.419796
468.019034,312,3616.730928
566.65348,230,3616.959288
1081.407036,458,3617.497315
504.688625,207,3617.716873
1081.188034,444,3618.197006
505.949039,200,3618.389645
506.417403,206,3618.598765
17.994552,36,3618.652304
567.63127,225,3618.874904
896.394173,361,3624.62526
566.166658,222,3624.841604
506.241949,200,3625.057412
713.682597,292,3625.341026
177.268796,127,3625.475817
505.748608,196,3625.666084
897.806811,365,3626.026507
1084.678758,443,3626.486148
506.273007,199,3626.682245
756.353906,320,3627.017501
443.128614,243,3632.824796
414.980896,249,3633.072051
1081.210478,440,3633.504461
758.418733,324,3633.815196
211.375882,145,3633.96029
506.095262,200,3634.155606
567.562127,231,3634.381682
414.074799,233,3634.626233
1081.956738,432,3635.076746
286.607767,180,3635.258692
505.435779,202,3638.9498
316.18604,181,3639.138797
567.595971,224,3639.35289
898.123729,351,3639.706344
713.438147,276,3639.97872
233.652912,158,3640.152944
712.754589,286,3640.452804
77.792827,68,3640.536041
90.923616,40,3640.594276
1080.293691,439,3641.056289
1080.914287,434,3646.997952
275.622966,177,3647.244099
715.8362,275,3647.540776
1081.718022,438,3647.994214
371.578518,214,3648.236573
1084.353938,435,3648.696411
1082.25346,453,3649.174765
150.04895,110,3649.304569
1082.274899,432,3649.758739
150.762706,109,3649.881042
69.026353,55,3653.841045
896.977781,355,3654.186539
218.997213,152,3654.367137
714.624746,275,3654.64457
82.520878,51,3654.712203
110.662501,89,3654.816988
118.754567,93,3654.924292
714.166638,285,3655.207057
506.93908,198,3655.398465
896.741416,354,3655.749546
414.539601,231,3661.369865
432.301535,241,3661.641629
756.962909,317,3661.970784
213.558043,143,3662.129349
82.879763,47,3662.196014
219.83158,136,3662.353886
896.985883,357,3662.706109
508.421932,276,3662.976608
412.736448,228,3663.220093
565.589507,232,3663.456041
567.10962,232,3669.23315
1083.125944,434,3669.692977
566.461158,223,3669.906672
897.708291,351,3670.234625
477.780338,273,3670.601779
414.134125,232,3670.844155
505.380126,214,3671.057155
414.445416,229,3671.30299
714.308956,283,3671.578618
715.28232,276,3671.859312
567.805909,222,3675.75679
118.689116,91,3675.869746
176.239428,139,3676.012388
149.779819,111,3676.133507
95.475201,81,3676.23842
897.713825,366,3676.602279
211.921665,149,3676.767308
15.510211,35,3676.816011
505.905123,197,3677.008071
213.168193,141,3677.160476
1080.795041,447,3683.308484
715.795551,277,3683.578909
1080.773537,444,3684.044404
567.035031,225,3684.277811
754.828709,344,3684.629233
149.840466,107,3684.756992
714.752797,283,3685.03143
146.494135,109,3685.156108
413.150584,234,3685.407435
565.669476,229,3685.636024
414.559367,238,3689.50318
507.075329,194,3689.694658
1078.924492,454,3690.170422
566.392645,232,3690.40349
92.691378,41,3690.461484
15.795031,35,3690.51423
1079.610836,442,3690.980175
88.867891,44,3691.038575
1081.234325,440,3691.503112
15.317865,38,3691.558474
92.762711,37,3697.148273
521.595913,286,3697.4569
15.298006,38,3697.511177
716.027863,271,3697.777279
506.441225,202,3697.972844
435.690672,290,3698.26407
504.769888,200,3698.51475
19.021998,39,3698.569463
757.716603,332,3698.915656
567.453522,226,3699.148474
897.616758,354,3705.109382
506.616484,197,3705.302189
758.321006,320,3705.620605
466.297763,311,3705.945216
217.308042,147,3706.112043
939.855906,387,3706.501054
505.354466,199,3706.704208
124.618784,96,3706.821198
898.52012,362,3707.17216
81.609347,52,3707.241658
504.329204,199,3710.965042
449.597928,282,3711.254284
119.58305,95,3711.369987
153.832931,111,3711.495589
620.965685,332,3711.843082
714.169804,288,3712.128349
897.839468,363,3712.490817
1081.16743,440,3712.956497
-16.047998,1,3712.976756
898.037117,362,3713.335511
476.414709,304,3719.183411
505.26776,205,3719.383554
898.340188,347,3719.719287
714.465392,376,3720.114995
505.427428,187,3720.298282
1082.171358,446,3720.784495
895.605428,355,3721.153
896.910927,365,3721.503377
714.066321,274,3721.775822
1082.296604,422,3722.214362
566.909638,229,3726.113268
422.790971,235,3726.359823
1080.116076,436,3726.81513
505.469013,193,3727.003857
635.404737,350,3727.368408
757.433464,314,3727.685801
897.707616,364,3728.056773
713.790621,277,3728.334593
-93.964077,94,3728.441879
506.215277,211,3728.642152
412.910851,241,3734.347169
1081.658532,447,3734.813324
506.337852,199,3735.011694
1081.573113,442,3735.468342
1080.814438,426,3735.919515
713.801414,282,3736.196185
1079.553272,452,3736.664026
713.701819,287,3736.955089
91.547016,38,3737.01048
92.675711,37,3737.061222
91.409753,40,3742.48265
211.773389,142,3742.624244
-8.06336,1,3742.653859
566.658356,226,3742.858436
1082.449001,427,3743.317284
407.301317,252,3743.58497
758.224868,330,3743.917947
567.795763,234,3744.147578
758.559166,319,3744.472699
92.439901,36,3744.524174
153.182989,113,3748.438052
236.727788,158,3748.623565
896.01273,361,3749.0201
1082.164125,452,3749.485359
471.787313,294,3749.844308
447.893601,287,3750.147428
230.968387,142,3750.312999
411.888324,240,3750.568822
564.563583,228,3750.793902
1082.491731,422,3751.248885
93.466206,36,3756.739721
119.047935,102,3756.846887
1080.310953,441,3757.299385
93.575278,39,3757.355943
566.790568,220,3757.572004
117.971311,95,3757.688711
1080.154019,457,3758.159793
566.295938,223,3758.378343
897.010713,349,3758.72694
463.744115,285,3759.020207
896.696195,366,3762.896078
896.862024,354,3763.248272
413.272723,239,3763.501362
713.69521,281,3763.783123
82.67428,48,3763.846851
1081.094664,429,3764.318692
507.135699,202,3764.543515
758.545212,333,3764.879951
505.747239,196,3765.061035
714.246823,281,3765.355568
898.073748,359,3771.036417
342.63827,204,3771.245986
109.984743,87,3771.357134
143.26189,118,3771.478246
421.607343,234,3771.725758
210.927392,138,3771.87801
411.893463,232,3772.119087
1080.60156,431,3772.575196
505.25166,203,3772.773072
414.553712,234,3773.083209
93.394265,39,3778.575945
93.05934,38,3778.62678
506.702182,203,3778.824185
469.451952,304,3779.12381
212.454455,141,3779.301789
712.2816,279,3779.574182
92.396099,37,3779.631411
504.313917,207,3779.831687
715.154921,276,3780.10593
713.720974,291,3780.392614
644.276992,337,3784.579265
-16.046883,1,3784.608829
566.932497,226,3784.835283
91.773144,36,3784.886375
272.398447,177,3785.077484
505.882332,206,3785.281961
505.9337,201,3785.490916
124.750829,98,3785.606729
757.070164,335,3785.961741
82.31777,43,3786.023762
505.759766,193,3791.688406
505.692177,200,3791.88251
93.738419,40,3791.943331
714.512097,288,3792.225684
1080.429485,444,3792.690866
713.370606,274,3792.963225
567.806608,223,3793.192662
504.948556,200,3793.381309
234.527984,151,3793.554939
567.808853,225,3793.78068
93.278208,39,3799.494228
567.676243,224,3799.706171
427.268444,273,3799.978631
92.768607,38,3800.038822
1082.941505,443,3800.496919
92.554904,39,3800.557043
83.193254,54,3800.623287
90.742701,35,3800.674235
506.764994,199,3800.870549
1080.285387,439,3801.325247
714.810977,282,3805.431349
504.634902,199,3805.633786
506.938331,195,3805.824376
712.880425,285,3806.097172
82.016428,52,3806.170918
897.791271,357,3806.518254
897.818511,369,3806.890149
756.191033,327,3807.23373
-16.07546,1,3807.265812
312.281248,192,3807.459717
211.810327,143,3813.077361
413.185589,240,3813.33079
567.98124,227,3813.554206
567.462091,224,3813.773352
187.315363,140,3813.913332
898.977313,360,3814.262896
504.851485,206,3814.453878
343.938835,197,3814.674934
505.563016,192,3814.863295
565.569714,231,3815.088675
461.622089,280,3819.057141
896.960974,365,3819.41921
506.028547,201,3819.617753
568.545748,224,3819.839753
505.418497,201,3820.034724
505.626435,198,3820.225971
432.513064,238,3820.480582
757.45441,333,3820.833117
566.27481,225,3821.051071
897.302859,356,3821.403589
280.08368,182,3827.109306
756.751131,327,3827.473041
897.363439,357,3827.837309
569.194247,221,3828.057822
224.838695,160,3828.222592
897.885557,352,3828.580288
506.437397,204,3828.791142
1080.724345,440,3829.238165
758.170144,321,3829.571644
1082.658217,452,3830.035526
566.661188,225,3835.959124
290.00089,167,3836.124778
567.476721,234,3836.355817
229.966426,151,3836.520416
896.277553,368,3836.890484
218.792319,153,3837.056119
1081.242369,430,3837.525808
566.24779,229,3837.753077
713.252181,285,3838.043128
234.538182,151,3838.203762
756.878987,321,3842.069212
125.377129,102,3842.229157
118.488699,93,3842.346424
1078.758211,453,3842.815747
288.061571,174,3842.99745
1080.558369,437,3843.446183
435.102318,276,3843.724607
1078.810915,450,3844.194322
420.5271,242,3844.446869
566.563252,222,3844.676955
714.258391,277,3850.33979
412.156277,232,3850.582236
86.549483,45,3850.648754
714.149583,274,3850.915287
566.779211,226,3851.140361
1079.245185,438,3851.595256
756.047235,319,3851.918908
473.409185,297,3852.232131
-8.075778,1,3852.257977
714.026455,281,3852.551869
-16.059576,1,3856.312786
755.352384,330,3856.649739
566.81223,230,3856.878738
568.100766,229,3857.105288
1079.271938,448,3857.574234
289.565441,173,3857.758779
290.775602,172,3857.938968
1081.842766,437,3858.393746
940.554307,375,3858.770114
714.977313,277,3859.037413
217.974343,145,3864.678758
119.212947,92,3864.79567
566.047865,224,3865.018365
280.786521,185,3865.219384
940.241298,392,3865.617668
505.119281,205,3865.817398
1080.127349,439,3866.283454
1080.380613,432,3866.731874
288.400783,195,3866.935982
712.267417,290,3867.276505
247.931665,152,3872.778672
566.812603,225,3872.990148
755.954277,315,3873.303118
248.300763,169,3873.475526
899.108814,352,3873.813134
152.591076,111,3873.943509
756.542405,317,3874.267739
80.532645,56,3874.333859
568.696749,219,3874.554456
-16.081573,1,3874.584407
757.835644,334,3878.664979
566.994232,230,3878.896821
897.000049,363,3879.239591
1078.66295,447,3879.728908
83.933248,50,3879.792476
1080.564598,429,3880.269314
896.643254,356,3880.602674
566.801787,214,3880.83975
565.698075,229,3881.066848
566.164951,233,3881.29965
505.047512,199,3887.062319
91.275479,38,3887.117658
80.129321,75,3887.228605
506.627219,198,3887.428823
92.718813,36,3887.482072
897.446595,369,3887.845542
897.813219,357,3888.208216
939.275882,379,3888.589236
713.796878,275,3888.863942
105.138009,82,3888.961881
15.356524,34,3892.765752
413.955872,237,3893.024253
898.027778,362,3893.376328
567.850287,228,3893.597407
1079.867778,455,3894.074526
7.306517,29,3894.121565
461.531732,297,3894.418876
757.427773,314,3894.74139
430.787297,247,3894.999496
505.994601,198,3895.198516
566.800206,223,3901.15868
755.947707,334,3901.512471
1079.225017,430,3901.996017
897.394706,345,3902.328616
714.233811,284,3902.61425
713.868431,284,3902.94902
567.649018,228,3903.171615
507.049884,192,3903.363427
567.460922,226,3903.583758
713.858687,275,3903.856225
505.329049,192,3909.50045
505.643909,196,3909.697932
896.979903,352,3910.081735
714.070401,279,3910.3657
1080.259034,450,3910.832541
467.328924,310,3911.1371
567.281455,225,3911.364671
712.071227,283,3911.643679
91.985585,39,3911.706635
754.314163,339,3912.074871
566.495591,233,3915.947372
1080.442837,435,3916.4054
714.091313,279,3916.682936
1081.001792,433,3917.133632
898.367816,367,3917.500911
506.685316,202,3917.700152
413.853794,238,3917.948681
505.684292,196,3918.144667
567.466057,229,3918.367466
414.308514,241,3918.646073
-16.075218,1,3924.008917
440.788421,293,3924.303128
938.852793,390,3924.69685
9.503784,30,3924.744794
757.261773,327,3925.074865
566.041785,227,3925.296766
1078.968025,437,3925.74779
237.114093,154,3925.924438
5.674494,28,3925.970876
938.079122,388,3926.377602
505.482496,196,3931.973651
898.012821,363,3932.307305
444.675358,530,3932.873738
464.338335,287,3933.163713
898.497141,348,3933.509032
896.338518,361,3933.867113
431.802741,241,3934.113612
504.31498,199,3934.305748
896.859897,356,3934.666665
896.843615,350,3935.018183
566.862316,228,3938.945385
1080.710219,446,3939.411504
567.402891,225,3939.632725
505.906198,198,3939.81994
429.380207,244,3940.086848
757.257834,336,3940.435105
150.849232,108,3940.557566
713.98864,282,3940.830046
713.593688,286,3941.110996
505.44024,201,3941.307678
82.475723,48,3946.871634
1080.819941,431,3947.315249
506.293952,197,3947.501067
232.067188,156,3947.674851
713.983434,284,3947.962359
713.77437,275,3948.24992
754.702706,332,3948.591304
505.911585,199,3948.787163
712.500801,283,3949.053165
897.137649,356,3949.405084
93.07176,37,3953.251386
429.219053,245,3953.509753
713.197322,282,3953.782596
505.800627,195,3953.978394
806.480421,405,3954.422693
566.259258,223,3954.644664
505.699007,197,3954.844888
4.756178,23,3954.887004
755.656444,335,3955.234538
455.892257,286,3955.525748
505.601267,192,3961.239735
756.082796,340,3961.585105
474.094888,305,3961.891809
505.986864,198,3962.093913
9.798438,30,3962.136616
712.426847,277,3962.416662
566.966779,226,3962.637847
91.750481,37,3962.691786
218.137624,165,3962.927058
91.80847,36,3962.98039
506.11864,198,3968.724606
154.283263,113,3968.850977
566.90464,229,3969.057531
475.159501,316,3969.381413
1079.862618,451,3969.860414
507.112072,193,3970.056402
713.171487,287,3970.345565
713.008443,287,3970.621594
-16.062359,1,3970.652615
469.730336,302,3970.951301
232.366316,160,3974.78553
108.738031,62,3974.866141
898.57922,350,3975.209153
1081.028536,453,3975.674885
82.482464,57,3975.743421
755.786907,334,3976.089962
756.462503,331,3976.434407
467.405585,320,3976.757796
756.630374,333,3977.094167
712.262534,283,3977.37312
468.15937,316,3983.05225
1080.781965,445,3983.52261
1081.341943,442,3983.992255
150.511889,114,3984.12165
91.524826,38,3984.175456
896.670279,368,3984.541222
119.913592,96,3984.658439
505.234212,199,3984.850482
897.487228,367,3985.216176
756.618212,338,3985.573627
714.289241,280,3989.608715
565.549885,233,3989.84757
897.631046,359,3990.210544
566.202897,231,3990.446306
896.476005,368,3990.815991
149.241458,113,3990.940724
1079.809997,436,3991.41277
568.218708,227,3991.638153
714.227429,288,3991.931844
92.614962,34,3991.982918
758.258832,324,3998.042145
565.641597,226,3998.261574
5.925747,26,3998.307909
119.325564,94,3998.410761
897.938775,356,3998.827214
897.584169,365,3999.220853
939.67731,381,3999.620007
22.951102,40,3999.67492
506.097537,192,3999.86342
897.363323,369,4000.238367
505.139168,203,4005.880698
262.725443,162,4006.059494
289.860731,191,4006.244027
896.623184,359,4006.596761
896.04077,368,4006.977924
246.497467,173,4007.148808
755.992084,336,4007.482669
1082.14542,428,4007.947262
565.98063,224,4008.161494
566.404713,222,4008.390634
413.16789,235,4012.405856
422.143943,241,4012.661481
567.030291,221,4012.883483
5.789708,29,4012.929455
4.495089,25,4012.971763
755.49057,333,4013.305417
92.788165,39,4013.356489
715.042316,267,4013.627296
287.991573,169,4013.799826
755.940314,336,4014.137254
713.682077,273,4020.094035
567.446637,226,4020.327585
564.535566,233,4020.58593
568.060959,232,4020.818977
895.665832,383,4021.185095
714.020484,278,4021.459399
505.504321,198,4021.65966
711.559063,279,4021.951254
897.310011,363,4022.325369
413.695258,238,4022.570216
210.982796,155,4026.177309
1080.77073,444,4026.631463
566.433091,226,4026.866433
232.241307,160,4027.044786
429.037783,252,4027.297152
756.535056,334,4027.641613
1081.208042,425,4028.087641
232.649945,155,4028.26245
939.501298,382,4028.657993
714.287191,276,4028.927363
506.613803,197,4034.681686
344.131344,203,4034.905044
224.869901,159,4035.067431
754.954293,336,4035.432567
896.450413,358,4035.780926
102.393437,82,4035.894441
784.159195,396,4036.3125
237.040094,161,4036.477436
505.234603,205,4036.683373
712.370673,278,4036.974473
92.920883,37,4042.531997
347.590587,201,4042.743636
429.718298,240,4042.996062
92.701809,35,4043.044543
414.022852,234,4043.295594
896.819112,356,4043.645899
186.220856,139,4043.77302
234.644331,147,4043.946591
150.789767,113,4044.076018
755.884853,330,4044.42002
714.15562,282,4048.449388
1081.462788,439,4048.914807
-8.064791,1,4048.940934
712.166529,284,4049.22578
1080.644555,438,4049.675954
756.705166,323,4050.00123
1080.104444,449,4050.485097
1079.266636,450,4050.949046
567.231886,223,4051.17792
1081.134614,440,4051.644128
898.024515,350,4057.44719
713.519627,285,4057.728265
-16.070082,1,4057.755976
505.209899,195,4057.9461
505.493055,195,4058.131996
565.561167,230,4058.364348
756.151741,332,4058.712981
567.396215,227,4058.939296
567.692514,229,4059.220253
566.389853,219,4059.445344
215.260606,161,4065.333897
91.401407,39,4065.38501
187.905078,140,4065.51705
897.702913,352,4065.849043
1080.530771,438,4066.276579
92.956888,39,4066.338555
757.851118,317,4066.674432
413.356316,232,4066.925485
109.528927,57,4067.002001
1080.141498,451,4067.476246
92.723009,36,4071.203405
896.997185,356,4071.54839
939.578417,387,4071.978751
898.334943,358,4072.327847
714.165016,284,4072.616949
896.565111,353,4072.970401
896.382877,358,4073.327477
1080.778205,429,4073.79749
897.77552,355,4074.151826
204.282844,151,4074.317906
70.164122,63,4079.826389
566.006029,217,4080.050637
315.686538,183,4080.258242
567.678233,225,4080.483541
790.739389,384,4080.891664
89.810205,37,4080.94689
1079.945432,451,4081.41613
714.148001,276,4081.690422
438.311587,267,4081.982204
714.208227,282,4082.271929
565.978639,228,4086.199669
431.321619,242,4086.446686
897.674429,354,4086.810117
712.784965,279,4087.089536
505.194717,198,4087.28456
205.15218,142,4087.440366
-8.061769,1,4087.464076
414.319168,235,4087.722323
505.302507,199,4087.937093
218.986037,149,4088.096581
714.277347,277,4093.914308
938.020334,381,4094.373437
106.343984,81,4094.468445
93.294732,41,4094.528308
897.998058,357,4094.876836
206.038236,145,4095.032497
227.270702,156,4095.198593
505.621393,189,4095.390254
469.400185,305,4095.694698
1079.289193,451,4096.163955
757.213034,326,4102.190878
756.502941,331,4102.509597
566.367546,226,4102.73297
485.766696,323,4103.038915
1080.862659,434,4103.508071
218.610534,147,4103.670192
896.823606,367,4104.050801
713.104294,288,4104.331891
506.506874,197,4104.527328
504.25764,206,4104.728206
566.368149,220,4108.732268
342.77363,200,4108.949593
755.472849,325,4109.284647
1079.319379,443,4109.744775
7.983108,31,4109.792852
792.860231,414,4110.226224
938.897282,388,4110.616765
505.877833,194,4110.820465
288.081562,174,4110.998657
92.517239,37,4111.048593
566.120353,218,4116.708222
755.756303,329,4117.056719
176.44139,126,4117.200898
80.671095,48,4117.263691
1078.069808,445,4117.718632
5.78164,25,4117.762326
712.800201,277,4118.034302
91.799345,39,4118.089204
93.438439,38,4118.142125
413.161997,236,4118.420867
568.004134,223,4122.295719
713.556144,286,4122.580302
711.83792,274,4122.849474
8.229482,29,4122.901958
565.661718,230,4123.12413
505.793742,191,4123.307608
896.363359,360,4123.690213
565.78703,223,4123.910219
505.183009,203,4124.118076
704.201053,321,4124.445853
1080.49475,439,4130.580904
756.124658,327,4130.919861
266.445316,175,4131.114383
1081.824691,441,4131.600492
715.137772,287,4131.88079
713.914223,282,4132.164814
4.937012,26,4132.209764
1080.108889,430,4132.674908
-16.084742,1,4132.699589
712.490664,287,4132.98215
567.982917,225,4138.477646
4.649496,25,4138.518921
505.954214,199,4138.701451
93.636515,37,4138.753285
1082.823839,426,4139.205702
939.601426,367,4139.580189
246.373792,156,4139.743009
895.990183,354,4140.08549
567.533669,224,4140.310121
938.326874,377,4140.687589
93.033194,35,4144.27541
713.085492,280,4144.567327
940.111053,382,4144.95263
566.285769,223,4145.167513
155.869422,118,4145.308817
505.628112,197,4145.500777
506.385613,194,4145.683487
6.139908,25,4145.741113
93.718161,37,4145.793873
152.489647,111,4145.923122
894.568147,362,4151.642112
566.729863,217,4151.853874
155.411755,116,4151.982895
145.222164,111,4152.113813
311.242193,185,4152.303765
939.938801,376,4152.685602
83.079863,46,4152.743772
1082.256129,430,4153.249727
431.318029,240,4153.502277
712.476966,276,4153.785379
756.581944,325,4157.799638
9.414303,30,4157.850159
456.432721,274,4158.13288
756.802011,331,4158.472094
566.177753,226,4158.691136
565.957935,221,4158.916593
756.043015,326,4159.313923
504.37046,197,4159.513788
713.079205,277,4159.783457
756.698194,333,4160.127311
218.3039,153,4165.846839
713.535014,275,4166.117156
1081.180018,445,4166.572452
443.797104,284,4166.856178
7.123231,29,4166.903226
895.691997,370,4167.267009
712.523701,282,4167.544286
567.107133,220,4167.768809
505.831689,190,4167.954738
247.604906,153,4168.113993
712.989221,281,4173.866531
634.339647,341,4174.206519
565.257809,228,4174.424053
210.129064,139,4174.577272
243.480462,148,4174.738965
712.374874,279,4175.005785
114.025876,89,4175.130503
711.806341,280,4175.403852
894.503996,366,4175.771461
625.952611,336,4176.117759
897.291991,355,4180.105474
714.202309,283,4180.374388
445.140323,288,4180.669905
711.750134,280,4180.942181
231.871705,156,4181.124001
754.871512,324,4181.450281
895.791158,349,4181.789818
413.210077,238,4182.038856
757.47424,324,4182.371938
504.670073,200,4182.559623
7.063466,27,4187.90098
218.14067,150,4188.061481
505.827856,203,4188.251716
93.530901,35,4188.310915
713.425308,277,4188.580098
940.309888,378,4189.02086
1079.724601,448,4189.4796
149.87329,114,4189.603249
566.317921,226,4189.836048
896.941727,354,4190.17917
1082.073706,446,4196.088511
211.812798,144,4196.239392
895.171223,362,4196.57273
712.342118,280,4196.839677
712.99238,280,4197.102452
896.876783,353,4197.442294
895.53554,355,4197.790749
712.599805,283,4198.085065
341.86676,201,4198.302943
757.434106,320,4198.635781
895.826511,366,4202.576322
152.563745,117,4202.708769
565.197112,221,4202.927981
506.778045,194,4203.117813
713.393446,288,4203.402277
940.533751,367,4203.774632
565.833441,226,4204.018556
92.437913,36,4204.07161
896.975097,368,4204.434641
92.805822,36,4204.480823
567.541726,217,4210.218977
218.067838,150,4210.372558
414.654091,239,4210.630348
83.042447,48,4210.685654
568.047446,219,4210.903659
566.098754,225,4211.129892
80.420735,47,4211.196523
711.620252,285,4211.487021
755.98109,332,4211.833669
1081.204318,427,4212.280719
1079.468435,446,4216.260758
93.433325,37,4216.317708
1079.253113,447,4216.792482
712.81055,278,4217.070492
567.590542,217,4217.284545
233.725796,157,4217.459314
1081.328591,453,4217.938551
897.174946,360,4218.297639
713.39214,276,4218.571148
155.994388,111,4218.701252
566.281747,227,4224.58524
152.809081,110,4224.728905
421.271548,244,4225.029315
-16.044712,1,4225.062077
757.131607,315,4225.413523
468.485756,284,4225.710043
218.350132,151,4225.871577
755.563008,320,4226.194507
104.080761,85,4226.302108
505.955543,200,4226.499313
506.097318,202,4232.032838
756.677232,330,4232.357472
1079.232666,434,4232.797365
755.790109,323,4233.132172
566.604502,222,4233.35699
1079.046104,447,4233.818772
504.860559,199,4234.015149
567.221411,222,4234.236543
469.87196,291,4234.53678
504.362059,198,4234.748085
505.183643,200,4238.577278
505.756675,195,4238.767564
210.208906,142,4238.925118
713.550461,277,4239.196951
83.813993,50,4239.262553
712.760765,279,4239.534419
470.314278,306,4239.841452
110.091416,58,4239.913805
421.131676,233,4240.162626
1078.505821,439,4240.638324
1082.274209,436,4246.503844
506.04301,193,4246.69956
937.963905,383,4247.084655
466.122529,275,4247.373662
896.243938,372,4247.750816
504.793808,201,4247.953079
1079.750094,433,4248.464026
506.496625,200,4248.664217
230.795405,140,4248.81452
566.820518,222,4249.038123
92.239242,43,4252.847875
577.311829,296,4253.177137
93.404912,37,4253.235698
1080.240583,431,4253.680126
566.032669,225,4253.906584
713.745405,286,4254.18029
93.639566,38,4254.239511
110.422262,57,4254.309326
1078.366596,429,4254.752235
566.059274,213,4254.971999
1079.599219,433,4260.621517
219.360648,140,4260.7677
713.402574,279,4261.080347
119.057175,94,4261.191388
564.75132,226,4261.424023
1078.935305,450,4261.897983
939.472388,376,4262.277112
92.58147,38,4262.327789
566.325941,228,4262.549144
413.303681,230,4262.799099
565.351698,222,4268.467599
1079.955883,449,4268.925894
567.235005,224,4269.136952
458.214227,281,4269.405278
15.526055,37,4269.468385
566.177431,224,4269.692512
1078.447841,447,4270.152407
567.176294,225,4270.374851
937.545307,394,4270.766714
756.302069,317,4271.096725
713.032172,285,4275.129137
267.148308,172,4275.317577
566.807579,219,4275.541293
754.415697,330,4275.875676
712.834713,283,4276.151622
566.0914,214,4276.36234
566.858535,228,4276.584269
897.265135,360,4276.950599
484.089222,320,4277.279
565.862342,224,4277.497807
713.452343,280,4283.332511
457.378177,272,4283.623392
757.619979,325,4283.951767
754.902842,343,4284.300573
566.485723,226,4284.520589
231.711647,159,4284.695561
565.923475,223,4284.920812
566.891554,223,4285.141972
566.464181,230,4285.371572
3.182448,23,4285.421247
899.567056,358,4289.582295
506.52007,201,4289.78289
-8.073449,1,4289.810002
505.397103,197,4290.000908
-8.044233,1,4290.025342
413.159308,241,4290.282856
896.052995,353,4290.625377
713.123611,278,4290.899246
714.44071,276,4291.170362
233.26286,151,4291.332598
-16.08338,1,4296.772521
896.79741,366,4297.137492
290.766743,173,4297.324749
505.910133,203,4297.525198
567.257823,219,4297.736319
279.691267,185,4297.937869
9.823559,28,4297.985341
713.583014,281,4298.285445
267.715792,170,4298.473485
898.075127,364,4298.836765
149.311026,112,4304.361154
936.984948,380,4304.815006
566.235577,220,4305.045451
755.727528,325,4305.41823
504.246761,205,4305.620785
712.396455,281,4305.900228
611.000793,331,4306.250009
92.643661,40,4306.306261
1079.5023,431,4306.759953
92.575045,40,4306.816277
1077.980228,436,4311.334132
567.480816,216,4311.586215
896.489433,365,4312.03602
755.761609,318,4312.40819
757.490794,327,4312.737642
703.231746,319,4313.050694
896.722498,356,4313.406567
755.497823,326,4313.744355
504.246695,199,4313.944022
232.025487,158,4314.118324
714.126698,275,4319.887243
713.942874,279,4320.172902
566.374743,218,4320.391402
266.33551,170,4320.578425
1077.763168,458,4321.067499
897.921594,361,4321.44868
91.810925,38,4321.504277
565.986503,227,4321.742192
504.826595,200,4321.940219
505.157814,199,4322.152186
93.525895,39,4325.621112
471.825069,309,4325.932908
18.114744,36,4325.993055
755.887784,339,4326.350755
266.891442,170,4326.536811
93.0871,38,4326.586117
504.826103,195,4326.779576
109.977252,93,4326.887706
92.83999,39,4326.944772
-8.048509,1,4326.968856
420.47347,237,4332.608692
-16.044376,1,4332.632527
1079.338208,427,4333.136382
93.409024,38,4333.19106
894.344053,367,4333.54977
505.321191,196,4333.743338
565.511951,225,4333.954708
1079.825166,427,4334.401746
565.670275,223,4334.620371
-8.070425,1,4334.650203
713.743996,275,4340.370321
758.143034,323,4340.700293
446.998778,289,4341.010213
185.215551,138,4341.143114
93.413856,38,4341.194681
506.459595,191,4341.390789
1079.043454,438,4341.856478
70.215358,64,4341.943548
564.830507,225,4342.159409
755.456815,316,4342.488772
11.977586,76,4346.381389
1078.725932,443,4346.835929
938.207397,393,4347.226408
155.522845,111,4347.35842
564.893301,228,4347.591593
1081.632265,432,4348.049523
81.709384,50,4348.115017
198.100893,136,4348.267224
566.272587,218,4348.481494
296.301577,177,4348.683207
