#{"t_start": 1775582688.0088131, "env_id": "None"}
r,l,t
-24.363789,300,28.213567
-58.451907,554,29.493164
-56.638844,317,30.192693
-22.284903,300,30.745238
-81.595222,215,31.121404
-126.876561,406,31.794515
-198.095014,194,32.47555
-18.227456,300,33.022174
-112.286222,310,33.636256
-105.525486,313,34.288057
-18.835375,300,63.40243
-17.069834,300,64.012602
-24.180167,300,64.760733
-32.427549,300,65.485328
-41.319336,300,66.34433
-34.14,300,67.063419
-21.675564,300,67.786293
-30.096619,300,68.447093
-19.943507,300,69.229235
-17.031626,300,69.892484
-72.094706,600,100.184222
-78.955674,600,101.411138
-27.808903,300,102.060333
-44.491351,600,103.25235
-52.515903,600,104.321722
-20.25556,300,104.881228
-17.942471,300,105.447881
-47.440525,600,106.686714
-58.079416,600,107.831564
-61.010274,600,108.91202
-18.663319,300,137.36181
-60.983037,600,138.458786
-23.669965,300,139.050375
-23.80811,300,139.522782
-49.177907,600,140.529377
-22.705961,300,141.044651
-62.395962,600,142.335901
-78.951717,600,143.498693
-30.213514,1,143.539249
-52.150163,600,145.022907
-44.446376,300,174.067422
-23.837381,300,174.730153
-21.05202,300,175.27401
-18.980298,300,175.910424
-18.562998,300,176.537526
-20.018496,300,177.122855
-20.389328,300,178.055495
-30.72473,1,178.09608
-28.737306,300,178.70731
-19.722451,300,179.282295
-43.792458,600,208.394526
-42.712163,300,208.913975
-38.470214,600,209.913949
-13.12121,300,210.565999
-35.847449,300,211.123338
-46.317974,600,212.078577
-77.010691,600,213.236526
-23.892265,300,213.77951
-23.798271,300,214.283298
-84.36095,163,214.664001
-52.276758,390,244.057629
-13.999184,300,244.503801
-53.689246,423,245.27016
-21.15808,300,245.98497
-70.052046,318,246.725801
-18.343238,300,247.489446
-29.989322,900,249.206937
-65.181485,259,249.786785
-66.729052,345,250.444359
-30.50037,900,251.978588
-27.658121,300,280.869186
-65.668663,600,282.074216
-102.375851,246,282.707039
-64.865238,600,283.896518
-14.174944,300,284.478734
-366.672148,636,285.577565
-65.181614,600,286.605516
-81.767827,600,287.659716
-104.01249,600,288.803762
-27.809403,300,289.397047
-18.050479,300,317.957955
-27.168566,300,318.502438
-35.389913,300,319.0801
-19.511517,300,319.677645
-40.082436,300,320.213839
-27.145524,300,320.805188
-21.911113,300,321.307766
-28.638016,300,321.876972
-54.542355,600,323.150352
-102.456116,900,324.754134
-20.259176,300,353.173879
-22.38181,300,353.763685
-12.180339,1500,356.484614
-10.815686,1500,359.329051
-41.434727,600,360.308915
-17.948419,300,360.838573
-32.390149,300,361.41297
-20.695513,300,361.872297
-2.18058,1500,364.540585
-17.041816,1200,366.373242
-59.445863,600,394.860518
-48.29787,300,395.444517
-47.571456,600,396.381746
-51.157972,600,397.337105
-31.618129,300,397.88177
-13.451241,1200,400.240582
-75.570674,600,401.430842
-45.200884,1500,404.415395
-15.527545,300,404.998147
-30.25478,1,405.038703
-16.839447,300,431.099537
-19.254253,300,431.735227
-30.731953,1,431.824351
-94.413269,600,432.962041
-125.960832,600,434.027169
-29.649361,300,434.607933
-37.524624,300,435.434087
-17.433173,300,436.036882
-35.781127,300,436.633518
-20.576316,198,437.009789
-46.459765,900,466.807384
-50.067913,900,468.630167
-30.708618,1,468.671204
-48.940252,900,470.244504
-49.319311,900,472.028325
-54.005937,900,473.506824
-17.75943,600,474.400277
-47.338323,600,475.520073
-82.400431,847,476.834057
32.697745,900,478.302088
-43.363271,600,506.365003
-79.986011,900,508.108923
-13.694044,900,509.45751
-80.765793,600,510.332038
-14.418316,600,511.436388
-35.720234,1200,513.197952
-10.458782,600,514.2281
-2.45381,600,515.472697
-34.729649,600,516.353923
-47.431103,900,517.803094
-12.384071,82,545.262032
-96.155196,1500,548.086571
-26.324932,300,548.628817
-26.200742,300,549.15931
-30.246021,1,549.200377
-58.370399,600,550.166313
-16.692226,300,550.688977
-41.658229,300,551.402448
-14.452971,600,552.491638
-38.87405,567,553.533772
-33.38561,600,581.99066
48.724933,1200,584.377062
-20.106264,600,585.415565
47.043131,600,586.472898
130.094578,1200,589.008196
-30.233971,1,589.048764
-26.991744,1200,591.461405
-6.375306,600,592.635579
-48.558475,600,593.661178
-7.554875,662,594.971866
-30.753859,1,621.735414
-30.715761,1,621.777996
-99.247242,900,623.415695
-116.86532,680,624.671152
-127.909912,776,626.053676
-201.79013,1457,628.70485
-2.236729,568,629.782897
-15.955659,600,630.915076
-61.354718,580,631.974442
-122.712981,742,633.255698
-14.05662,600,663.930486
12.969148,353,664.7344
61.848992,558,665.753132
-47.104627,330,666.433662
43.459665,544,667.533794
-134.135443,299,668.110332
-111.495846,1173,670.295082
16.504618,330,671.065985
12.605638,363,671.815713
-43.50222,600,673.020751
-37.790194,600,703.916625
133.602296,900,705.649848
-31.639463,498,706.795062
107.228529,900,708.600441
-50.546811,327,709.349723
30.471314,600,710.662662
-186.11616,222,711.07718
-28.049668,600,712.103142
-36.791175,600,713.237862
-18.601896,600,714.62895
-32.330617,600,744.830284
16.949629,600,745.952334
8.693155,600,746.988041
40.750967,600,748.236163
-34.911824,600,749.38269
-30.708149,1,749.426757
2.327968,600,750.56355
-25.898159,600,751.674368
-30.222397,1,751.715909
-58.742827,900,753.271998
12.631576,600,782.19372
29.129792,600,783.288974
49.825744,1500,785.772549
-16.191103,600,786.626479
-72.665235,109,786.816242
-40.443406,900,788.146863
141.938355,900,789.552735
-76.812425,900,790.886302
-42.285954,600,791.739816
-28.78415,600,792.736031
57.113859,600,821.636365
-28.62177,600,822.589842
8.05101,600,823.450716
-61.312117,226,823.832837
-40.617056,600,824.781307
-30.748327,1,824.822349
150.642028,900,826.514838
-12.529959,600,827.465101
3.469718,600,828.638908
-61.209745,600,829.590008
12.620146,600,857.27222
-67.593782,307,857.821931
-30.728531,1,857.861992
-0.691501,600,858.919658
2.329128,600,859.972915
-10.135402,600,861.069398
42.130038,600,862.199674
145.752975,600,863.393688
1.118748,600,864.514326
2.477238,600,865.485071
149.639105,600,895.368634
-8.951945,600,896.484181
171.320428,600,897.489278
-69.11061,600,898.460814
0.429072,600,899.440477
150.371613,900,901.063288
-94.631812,499,901.946486
25.419148,600,903.013744
39.730391,600,904.214696
129.846424,900,905.820601
-83.795035,180,932.847818
-22.952304,600,933.795584
-30.200832,1,933.835159
110.018989,600,935.011618
-6.493267,241,935.465814
-51.167728,237,935.889018
-30.708019,1,935.929574
268.799766,549,936.912228
-135.791447,600,937.991428
-30.115447,900,939.635295
210.436443,517,968.42046
-30.728962,1,968.459998
585.347282,596,969.360372
815.43687,643,970.470613
19.846299,600,971.331931
606.158814,600,972.249731
192.195611,553,973.207246
-200.890265,102,973.412597
281.142729,516,974.198758
123.640299,600,975.228114
-109.857754,82,1004.924955
141.852427,484,1005.817024
198.380735,900,1007.591312
-42.90077,590,1008.813175
-30.722612,1,1008.858745
472.634044,1500,1011.640507
145.998036,900,1013.362297
1023.752886,1250,1015.98276
734.175691,649,1017.276263
425.630962,684,1018.657617
-30.883976,337,1045.572009
-88.075355,549,1046.560687
924.656147,1187,1048.92455
471.637065,447,1049.752918
446.370044,445,1050.590724
423.615709,696,1051.994213
327.318621,580,1053.017314
561.81763,1200,1055.102519
587.192992,1200,1057.280923
429.570759,746,1058.538169
955.378583,962,1089.789944
417.441514,535,1090.733759
516.666411,405,1091.424018
668.649071,444,1092.166603
446.479748,578,1093.162781
524.345509,1200,1095.237172
543.979043,419,1095.983871
605.272034,673,1097.242419
499.471601,619,1098.392619
105.405465,560,1099.360977
-112.286944,159,1127.285188
258.744414,363,1127.939178
253.754336,365,1128.504982
190.187391,434,1129.277601
84.073602,326,1129.839029
213.085003,349,1130.39638
283.733825,394,1131.079902
157.086632,272,1131.686511
288.976365,500,1132.535884
446.139474,694,1133.685276
484.091892,594,1162.984846
202.108347,536,1163.970214
544.230196,398,1164.563032
261.056771,736,1165.834707
842.554579,534,1166.687606
134.753701,524,1167.59965
347.957256,433,1168.320787
20.44654,229,1168.748986
328.383923,449,1169.435124
318.943307,483,1170.269152
750.234895,496,1199.754239
751.796234,483,1200.474119
666.136893,419,1201.124301
395.160435,316,1201.580537
646.540226,831,1203.005315
-292.131781,103,1203.198602
432.011664,618,1204.224871
380.879766,313,1204.706509
991.588331,918,1206.343328
43.447893,227,1206.839586
203.337843,284,1235.573832
359.089394,406,1236.230635
493.644969,349,1236.847941
258.092072,319,1237.472637
172.236156,238,1238.264546
604.329463,408,1239.165087
261.448556,327,1239.894365
436.164045,294,1240.497259
577.509951,393,1241.264155
455.874503,610,1243.086562
56.673061,177,1272.518167
413.693554,418,1273.400129
-30.241463,1,1273.441189
219.554089,268,1274.005095
481.935056,321,1274.666821
951.635568,723,1276.168007
485.8289,487,1277.193728
508.423367,314,1277.834
566.012716,601,1279.136074
-77.236639,101,1279.345432
1000.120148,745,1310.592639
209.196607,271,1311.242326
629.446182,374,1312.091487
491.990548,329,1312.691617
204.319842,900,1314.397246
781.032863,443,1315.285173
793.02082,462,1316.207423
207.39143,262,1316.81078
196.635765,900,1318.520391
631.317785,370,1319.285582
397.304332,535,1349.925727
225.532906,255,1350.335798
948.256268,755,1351.631668
19.810137,169,1351.994648
172.874661,231,1352.642021
807.910239,440,1353.290975
480.67474,297,1353.766242
707.657148,762,1355.153022
255.862156,276,1355.668309
577.912608,354,1356.227173
571.687792,693,1387.943588
35.285075,600,1389.041687
-14.432291,118,1389.25605
165.794389,231,1389.770544
615.891949,411,1390.60167
221.261315,307,1391.197745
153.428344,237,1391.788892
619.472383,729,1393.142328
248.557582,310,1393.677717
307.395266,362,1394.285724
796.976317,419,1425.026897
305.75939,311,1425.671068
756.990922,427,1426.490101
422.589684,256,1427.018183
-75.109975,600,1428.32716
465.784445,293,1429.106114
492.452885,299,1429.661701
936.521884,629,1431.069531
45.320665,167,1431.503267
44.224096,600,1433.025579
495.244219,276,1463.16887
838.497415,421,1464.097121
494.424932,281,1464.707191
204.747822,413,1465.575492
-51.907365,600,1466.62142
971.562769,656,1467.941052
646.902487,342,1468.576739
175.101022,344,1469.374399
12.168833,133,1469.651612
301.865849,299,1470.290207
628.465213,437,1501.757061
615.605541,442,1502.586343
576.195508,388,1503.300444
368.754325,388,1504.125613
1039.292901,572,1505.283158
-53.769268,600,1506.581437
618.793175,407,1507.359144
279.25796,259,1507.905576
1001.106961,546,1508.957659
854.011418,374,1509.725384
201.825282,221,1538.680866
308.665552,351,1539.349087
223.969508,280,1539.932103
761.230154,381,1540.720531
1034.342062,523,1541.736533
213.002191,222,1542.195821
673.481575,308,1542.906286
761.59748,375,1543.700093
197.230928,203,1544.114394
202.132212,217,1544.528752
508.173761,268,1574.135282
381.070096,341,1574.712629
86.052946,261,1575.192247
450.893509,239,1575.66319
685.927737,332,1576.203379
510.585189,433,1576.892432
851.394896,413,1577.62635
-69.761351,600,1578.605245
66.642864,197,1579.049006
437.112919,241,1579.429634
1035.738287,626,1610.327181
-51.164067,600,1611.398273
495.608763,424,1612.18659
1016.649939,640,1613.383687
-64.385125,600,1614.836874
421.453891,254,1615.36826
-30.245693,1,1615.41331
322.935669,344,1616.279263
213.018259,341,1617.065341
697.240301,354,1617.935838
204.144659,262,1646.692756
1002.231836,519,1647.71833
410.264634,212,1648.119174
454.822728,241,1648.585798
495.674101,236,1649.057603
852.307306,387,1649.786568
981.361307,519,1650.787194
958.929576,537,1651.888249
278.700761,291,1652.404592
-30.762884,1,1652.44566
645.245296,397,1683.282001
697.244609,392,1684.011225
212.476032,341,1684.65287
213.214625,283,1685.176721
1069.839296,536,1686.28191
661.615013,369,1687.08332
701.501181,311,1687.652234
828.39241,391,1688.353286
351.958378,375,1689.044142
845.243972,419,1689.857029
672.608807,372,1720.176561
451.830604,215,1720.534931
1022.66921,525,1721.49176
-9.50499,600,1722.47457
784.496553,410,1723.256974
574.331197,364,1723.974617
301.906631,283,1724.879262
828.223886,386,1725.63979
797.815961,390,1726.36867
683.736661,382,1727.209635
360.980862,385,1757.105434
1024.917286,543,1758.36963
424.321684,231,1758.82751
-47.77278,155,1759.166036
800.477498,411,1759.999478
-38.426325,153,1760.337097
682.71197,414,1761.179588
314.869223,317,1761.8217
121.084136,232,1762.265051
-50.925656,160,1762.554968
383.065332,305,1793.515733
818.763364,426,1794.31019
1063.946946,515,1795.351581
674.79202,309,1795.904501
207.317963,260,1796.356221
621.735039,357,1797.04189
451.383212,218,1797.408967
735.998525,365,1798.099662
-30.254753,1,1798.191302
649.306769,316,1798.729911
582.988747,325,1828.895072
853.427644,373,1829.529552
760.45729,363,1830.12457
226.605964,243,1830.594377
335.181678,290,1831.159573
854.96171,370,1831.896622
522.132829,222,1832.293654
339.926205,298,1832.921273
700.630946,303,1833.465601
-30.749279,1,1833.50717
-32.421796,600,1862.414449
609.410931,342,1863.020866
797.929446,393,1863.748868
1030.048323,506,1864.684681
-30.735104,1,1864.724741
785.790232,379,1865.42657
688.192909,301,1866.003193
596.922916,346,1866.7523
736.910451,356,1867.401196
549.859381,239,1867.838398
786.368331,378,1898.15156
425.103145,204,1898.615893
711.646865,359,1899.314553
1067.690298,462,1900.23991
701.636069,303,1900.792819
312.519158,269,1901.401772
811.325212,384,1902.112775
1066.642806,468,1903.026639
336.639129,344,1903.736877
799.495603,380,1904.460511
658.017579,347,1933.557193
225.425851,258,1934.15758
515.708271,383,1934.89175
329.687303,283,1935.57846
658.94974,342,1936.184608
515.598993,376,1936.87351
208.767962,242,1937.329597
-30.731873,1,1937.369136
316.132115,270,1937.963564
-30.227409,1,1938.004636
-30.751947,1,1967.565289
456.067138,225,1968.025725
501.108253,371,1968.727833
139.240438,192,1969.063437
584.993051,358,1969.82225
865.2239,363,1970.459574
1029.958955,497,1971.414584
865.876598,385,1972.223049
852.295841,367,1972.947454
674.512176,287,1973.643754
309.356493,264,2002.988131
357.702473,318,2003.664183
515.571576,377,2004.344111
820.062976,420,2005.146366
31.381524,139,2005.477432
-36.304266,600,2006.476601
854.308573,391,2007.171816
1044.914241,507,2008.131647
1069.810461,502,2009.057684
496.884099,243,2009.508894
-30.728539,1,2038.766635
1019.649217,476,2039.755097
313.573859,283,2040.357199
819.538626,397,2041.023906
746.478033,370,2041.692183
676.101925,293,2042.158369
1046.630752,488,2042.986671
1004.071087,498,2043.850138
675.432393,297,2044.297828
335.219347,284,2044.878279
-12.641538,82,2073.690212
683.145076,300,2074.130465
660.674935,338,2074.663865
841.205889,358,2075.343246
867.098819,369,2075.945595
334.904014,289,2076.566738
536.922415,218,2076.91805
662.745998,292,2077.411795
524.693689,217,2077.814358
785.787547,362,2078.433653
911.788794,407,2107.927637
1073.094695,478,2108.948732
812.829137,375,2109.619778
786.471377,377,2110.338149
-30.726612,1,2110.379713
1058.977736,474,2111.18815
510.783137,228,2111.599808
313.98522,293,2112.219985
873.554948,398,2112.879182
739.01761,349,2113.53382
700.769775,294,2143.34271
437.528656,192,2143.637615
-34.09465,600,2144.487169
510.227383,222,2144.839161
358.186239,277,2145.380457
-30.739536,1,2145.421997
524.360228,220,2145.860806
860.843142,387,2146.606675
244.833917,253,2147.153686
786.097048,363,2147.852842
703.46323,293,2177.54628
491.19482,200,2177.885241
590.640145,328,2178.608886
337.598949,291,2179.204073
726.656356,337,2179.830098
1068.329536,460,2180.701827
485.499619,225,2181.091468
1067.849274,479,2182.016568
810.05841,387,2182.816168
1068.683678,457,2183.778108
807.050691,399,2213.770437
-30.256149,1,2213.811
840.675047,366,2214.589206
334.803596,315,2215.337435
477.806721,198,2215.777154
536.324661,221,2216.262922
620.537049,323,2217.073005
594.062873,334,2217.875289
647.235027,335,2218.650138
353.123165,325,2219.62555
702.003557,290,2249.922364
713.024563,330,2250.625448
-30.728634,1,2250.66601
826.330441,368,2251.411727
-30.223846,1,2251.452328
437.669741,194,2251.863205
1069.053509,465,2252.873551
510.563008,225,2253.342851
-41.829254,87,2253.547145
846.475854,401,2254.407488
320.585224,278,2284.748402
463.490772,198,2285.201319
464.097497,192,2285.642583
-72.186122,137,2285.941319
673.678937,330,2286.621912
701.475988,290,2287.270483
211.91412,237,2287.833573
820.067574,411,2288.72546
872.173901,394,2289.449239
536.662056,222,2289.822918
1034.934542,448,2320.178612
1070.092277,455,2321.157065
1021.338066,467,2322.02425
1047.455795,469,2322.903507
855.606217,376,2323.522065
726.340834,336,2324.191154
511.919728,222,2324.567777
465.779029,193,2324.8983
856.434709,365,2325.503531
862.407895,387,2326.215405
703.059039,282,2356.632533
-89.964405,109,2356.821797
1067.581451,468,2357.624118
-104.647476,135,2357.860417
841.297297,375,2358.480564
702.523855,294,2359.058205
703.109804,285,2359.532398
1046.562418,452,2360.359348
713.067104,330,2360.925774
842.105751,367,2361.500457
1065.089285,481,2391.389176
1065.227042,487,2392.243546
-61.375918,99,2392.426272
609.957567,355,2393.125459
-30.218403,1,2393.166089
437.645597,200,2393.574327
1065.138133,494,2394.465235
673.781064,334,2395.192355
549.243409,229,2395.643246
605.47222,332,2396.32296
1032.144051,460,2426.465907
411.947192,200,2426.777828
-41.401944,87,2426.966573
-48.770184,85,2427.120323
-30.729216,1,2427.159883
1031.399175,476,2428.093768
1031.611958,463,2428.94851
858.534487,409,2429.648921
687.051991,331,2430.248715
623.078114,317,2430.781056
464.229176,198,2460.138504
357.811945,295,2460.757638
820.254747,391,2461.562859
695.182955,300,2462.060316
700.662218,297,2462.573713
700.284727,331,2463.14861
867.25521,365,2463.734096
596.430937,313,2464.351814
-30.696274,1,2464.394389
686.541405,332,2465.028009
478.179994,197,2494.421404
1034.24404,465,2495.379711
863.177109,441,2496.372195
842.147204,377,2497.062989
1072.706831,488,2497.995305
-30.772277,1,2498.036367
-18.257549,79,2498.200156
813.822744,357,2498.807765
849.612332,445,2499.739418
-29.899416,78,2499.954756
332.869357,272,2530.757553
524.367707,219,2531.134435
437.906047,196,2531.491092
359.817381,287,2532.169014
363.886219,303,2532.972459
727.473261,322,2533.730725
702.511222,301,2534.348289
364.179237,295,2535.064189
-79.408623,108,2535.444397
774.498527,351,2536.211076
703.536862,284,2565.090145
632.281467,323,2565.754131
703.456504,284,2566.282428
485.44667,215,2566.676225
655.357225,316,2567.224631
687.726681,322,2567.821072
1070.017975,453,2568.777294
478.98109,194,2569.154914
1070.546237,441,2570.030174
843.00947,363,2570.793142
1053.751533,488,2601.326329
1030.193081,510,2602.440192
637.794008,326,2603.059629
523.11333,217,2603.444193
-30.714123,1,2603.487259
701.633255,309,2604.015974
-55.505434,87,2604.200299
373.129531,310,2604.829965
523.236255,226,2605.284269
255.211496,262,2605.815105
873.838717,396,2636.943887
813.332531,361,2637.634688
-15.808287,135,2637.907592
1068.869768,453,2638.854781
17.463409,166,2639.238867
-49.750032,88,2639.428248
687.516309,323,2640.055804
842.816509,360,2640.705431
-30.717472,1,2640.745478
597.110222,313,2641.425026
510.399613,372,2669.795505
1019.052131,469,2670.674556
687.184238,328,2671.26155
367.254726,289,2671.814476
379.910033,292,2672.359506
360.878394,285,2672.86356
451.513739,192,2673.240616
523.545671,222,2673.701429
598.74711,310,2674.245742
832.804511,397,2674.876106
-26.075304,137,2705.065664
993.442942,454,2706.079196
853.463741,370,2706.806734
1066.460881,475,2707.751079
638.130534,307,2708.405527
232.005655,234,2708.847685
657.113886,300,2709.614368
866.979241,366,2710.348537
848.120595,377,2711.119794
1066.244925,477,2712.051121
336.326668,293,2742.317179
834.40058,388,2743.07244
1067.855284,460,2744.038514
367.009807,298,2744.751112
688.943872,280,2745.400586
451.727235,188,2745.871013
1068.146251,462,2746.744175
840.922672,366,2747.31505
395.020461,299,2747.846952
760.486814,352,2748.552918
1045.017138,457,2778.164497
687.390345,321,2778.805008
439.1067,190,2779.198807
848.093989,383,2779.942466
451.684332,194,2780.281143
1067.417549,459,2781.232488
833.44352,394,2781.990536
1067.036835,467,2782.966299
1044.33269,476,2784.041817
867.395218,367,2784.797063
537.013725,212,2814.432042
465.646383,190,2814.746073
-32.504421,102,2814.938374
254.226775,237,2815.401657
773.051908,365,2816.063841
523.735896,217,2816.47293
438.694488,197,2816.788898
900.832127,381,2817.486726
861.896324,386,2818.169803
674.495747,328,2818.824378
689.477194,282,2848.743145
522.317274,370,2849.551894
327.803792,288,2850.269926
687.940082,304,2850.912525
-6.91121,72,2851.064787
1060.688636,442,2851.883057
727.999302,311,2852.53055
1069.087537,444,2853.363497
-30.21526,1,2853.403562
-30.707296,1,2853.44312
861.459914,390,2883.523559
598.600271,307,2884.173043
854.712669,362,2884.976807
583.204513,309,2885.589308
1046.116311,454,2886.623062
465.395842,187,2887.151567
424.198517,311,2887.790786
1069.91987,435,2888.65264
204.020263,236,2889.07685
1069.382035,439,2889.99038
841.192327,367,2921.03354
464.186055,193,2921.381436
341.361684,265,2921.971006
1068.209937,440,2922.835339
833.66227,394,2923.545143
853.808638,359,2924.191915
523.345182,214,2924.569031
661.531688,307,2925.14557
-30.75185,1,2925.185127
867.830453,381,2925.907547
248.846567,232,2955.68959
523.840734,212,2956.067883
650.33287,293,2956.685257
702.469506,283,2957.194302
3.78114,94,2957.394751
-0.441348,99,2957.629627
1060.678591,435,2958.600552
498.632049,210,2959.017172
452.60689,192,2959.352192
1070.611859,436,2960.181632
552.519395,368,2990.053027
360.878817,290,2990.679582
-30.728611,1,2990.719623
1032.938557,455,2991.623142
372.633151,295,2992.259131
500.79591,336,2992.838758
597.504458,302,2993.563431
1055.949972,450,2994.45809
572.359633,393,2995.282883
675.673825,280,2995.793226
539.071239,373,3025.06797
897.998201,404,3025.787257
637.820558,308,3026.368609
701.027207,318,3026.998916
1071.160441,469,3027.991498
1059.642424,451,3028.838132
231.579581,259,3029.304894
637.841064,313,3029.887685
847.202507,385,3030.636393
1072.264004,462,3031.503937
611.804787,314,3060.562826
623.421423,290,3061.082659
636.13226,292,3061.707778
551.640655,382,3062.581319
1071.572274,471,3063.343203
623.38303,286,3063.868536
702.488074,280,3064.334421
1060.106906,445,3065.105018
702.22383,291,3065.562705
452.542111,189,3065.843593
510.107734,217,3096.044013
635.017794,304,3096.634492
537.289101,212,3096.969953
701.556346,304,3097.554353
388.494285,458,3098.281469
373.009265,299,3098.898361
713.301729,328,3099.416095
517.538366,374,3100.091105
855.260072,371,3100.682426
713.935835,320,3101.196905
524.714929,216,3130.597833
541.120035,389,3131.32787
728.423264,322,3131.892651
702.961103,291,3132.344923
1069.530668,448,3133.099757
524.513819,220,3133.439243
524.134738,219,3133.771338
800.879469,353,3134.354684
613.102805,298,3134.8373
353.580207,289,3135.396049
164.576252,214,3164.578103
491.399495,192,3164.881766
1069.206689,436,3165.649139
465.388753,192,3165.95968
860.934504,385,3166.603866
701.391994,289,3167.068193
73.403709,153,3167.332114
847.057012,384,3167.9935
505.61084,364,3168.659555
62.952318,153,3168.919408
661.02587,307,3199.657458
1069.205013,443,3200.395627
464.649066,189,3200.706097
701.518371,286,3201.155897
799.921606,355,3201.749428
774.83793,352,3202.477715
734.134181,353,3203.255802
-30.728828,1,3203.295365
866.79483,380,3204.040758
846.748664,392,3204.869442
478.651852,197,3233.078872
478.844493,201,3233.418311
864.941649,428,3234.340358
862.209581,386,3235.1321
1070.071585,449,3236.068642
842.794718,368,3236.847747
856.929771,374,3237.562881
698.113543,451,3238.426993
333.6879,290,3239.035907
-30.756191,1,3239.075481
-30.237553,1,3268.123361
649.194176,296,3268.759874
235.94731,276,3269.28734
1070.364575,427,3270.216087
635.206714,297,3270.801679
524.858125,210,3271.230342
521.059912,346,3271.999571
1073.635755,440,3272.943019
728.255011,312,3273.568509
887.483528,390,3274.386835
875.718155,380,3304.007593
534.13563,379,3304.89462
652.181292,297,3305.507058
1068.909011,461,3306.45204
623.189796,306,3307.1426
856.556348,355,3307.854501
700.902123,323,3308.528009
1069.449599,446,3309.455225
864.219377,431,3310.259551
-30.749306,1,3310.29911
728.889726,312,3338.88225
890.067277,422,3339.768965
1069.394356,448,3340.651457
649.694539,296,3341.233856
676.625513,285,3341.706282
38.053357,159,3341.998291
281.058696,363,3342.594803
728.253047,307,3343.129516
849.47778,376,3343.807652
599.76211,291,3344.33732
702.219373,304,3374.91697
478.03304,196,3375.244262
-30.761906,1,3375.283879
1068.699422,451,3376.151507
789.407966,424,3376.983246
702.155267,308,3377.552192
702.440101,279,3378.043165
913.517835,391,3378.718051
702.663442,284,3379.184841
532.481535,371,3379.919249
1046.431968,461,3409.793226
28.890922,126,3410.055135
498.144432,217,3410.476532
676.523539,295,3411.054449
524.044776,219,3411.498777
329.692124,260,3412.214469
598.784963,292,3412.85769
619.946037,287,3413.479204
856.508292,356,3414.196303
901.556875,386,3415.0353
1068.517079,442,3445.799574
727.751717,312,3446.400507
-30.766893,1,3446.440548
856.121683,357,3447.117272
636.677953,294,3447.750554
542.185568,360,3448.644487
842.254056,359,3449.346658
855.871679,354,3449.994192
725.796868,394,3450.732097
-30.221115,1,3450.772637
355.33596,283,3481.613871
826.820702,345,3482.231171
888.29456,378,3482.914312
835.482586,375,3483.742313
838.750176,362,3484.518418
552.155632,390,3485.296781
855.265951,362,3485.882427
623.407375,286,3486.362157
855.679009,366,3487.106542
612.449199,292,3487.604985
833.94092,382,3518.152507
510.403463,207,3518.549952
853.281141,373,3519.214061
470.158533,213,3519.580864
729.640388,392,3520.329887
691.196246,384,3521.123305
834.677468,397,3521.962978
-30.225075,1,3522.002545
523.874234,214,3522.456876
713.101615,316,3523.246246
478.36366,190,3553.865309
856.454416,365,3554.532829
1046.099375,454,3555.54207
-30.748874,1,3555.582629
1021.520246,439,3556.615785
1067.793237,466,3557.674941
728.307377,306,3558.328864
1056.138839,455,3559.326446
478.88317,190,3559.711517
1069.873881,451,3560.652644
626.170776,288,3590.087697
-30.245071,1,3590.127267
625.541826,291,3590.654638
741.131058,320,3591.30711
701.993483,289,3591.825039
774.707453,345,3592.500139
-30.773847,1,3592.539692
550.527584,213,3592.928858
511.040341,209,3593.295503
652.02437,281,3593.82114
702.173001,299,3624.044529
874.28683,374,3624.74974
537.323637,356,3625.759346
839.415683,357,3626.415576
542.476117,383,3627.214311
1069.29435,442,3628.112953
1035.148324,443,3629.033166
1059.281569,468,3629.888222
813.571468,354,3630.764669
741.065023,317,3631.378398
1059.83683,470,3662.717036
1068.270724,461,3663.600466
727.444998,317,3664.342468
-30.220371,1,3664.383034
-30.749689,1,3664.424613
1059.987542,463,3665.443285
717.305699,378,3666.053153
867.701154,350,3666.627879
1060.541601,462,3667.626639
875.052489,380,3668.341413
1045.68047,485,3698.156104
701.944526,296,3698.645989
689.874811,403,3699.239681
465.389753,191,3699.546136
760.739818,361,3700.170254
826.171232,368,3700.789119
902.894697,438,3701.643583
522.09522,377,3702.322577
691.591626,381,3702.942197
864.773788,421,3703.879279
867.924544,364,3734.113433
-30.710479,1,3734.213109
849.088909,377,3734.836599
868.214273,342,3735.382364
715.002337,302,3735.885213
464.954363,188,3736.192169
887.516718,380,3736.857884
-30.184246,1,3736.897452
741.370355,301,3737.379685
741.841959,314,3738.017276
464.255596,191,3768.846925
1067.335157,448,3769.790698
1059.262608,466,3770.851685
635.482309,293,3771.626793
664.008121,347,3772.417279
866.782631,375,3773.365758
1068.246417,445,3774.544909
625.836797,286,3775.18495
701.509386,293,3775.842098
1046.697427,454,3776.996918
689.811094,285,3807.941476
680.772818,371,3808.801488
-30.219894,1,3808.845089
702.687407,288,3809.500187
636.780239,283,3810.055214
1069.882932,429,3810.961877
680.199261,370,3811.666728
648.70091,291,3812.44915
573.359514,390,3813.299168
741.429944,314,3813.846426
535.023214,365,3845.531564
541.349051,372,3846.285391
855.458433,354,3846.956804
1060.523615,446,3847.814745
553.740174,377,3848.769746
1070.144278,432,3849.602917
478.982883,195,3849.91388
741.020608,316,3850.45416
478.280746,192,3850.781745
869.614925,356,3851.47892
900.67917,398,3881.861144
728.157382,309,3882.50149
774.741675,356,3883.193844
741.534975,307,3883.726775
438.726703,189,3884.081572
465.402206,189,3884.469708
484.671782,222,3884.890278
852.374318,364,3885.520417
673.845771,288,3886.122594
774.386002,351,3886.784266
843.238748,366,3917.343129
760.753215,346,3917.977126
513.074636,344,3918.626872
703.23041,288,3919.168365
875.065214,372,3919.832391
-30.729017,1,3919.872988
728.954195,311,3920.673434
727.264051,316,3921.260046
707.693699,351,3921.968979
-30.246889,1,3922.009551
1072.419148,465,3952.303393
661.809546,292,3952.777657
839.46953,357,3953.418151
840.068768,349,3953.979454
718.971379,338,3954.500735
702.88089,285,3954.960526
1069.179541,436,3955.817301
703.956729,278,3956.326702
597.92635,291,3956.908393
882.847766,366,3957.576963
1067.791397,446,3988.089935
537.671423,367,3988.841027
619.62721,398,3989.73712
524.517238,213,3990.193056
651.177923,287,3990.809506
740.740636,311,3991.457553
546.961878,380,3992.283109
439.41071,189,3992.660616
253.683882,248,3993.164383
1041.651154,441,3994.103363
868.539302,353,4022.57077
1071.65825,474,4023.576705
549.343582,215,4023.981345
1069.349052,433,4024.914171
995.790326,438,4026.070491
683.16623,300,4026.717599
245.173341,226,4027.267581
437.948535,197,4027.687891
522.833588,218,4028.22995
701.788822,290,4028.925933
1060.555735,453,4059.463145
701.421153,298,4060.144255
888.185112,388,4060.84235
451.157933,198,4061.250657
930.120713,441,4062.284389
1069.271823,459,4063.276042
741.098714,311,4063.853642
582.406544,310,4064.42246
800.621333,343,4065.029089
1046.182142,456,4065.861536
573.195156,393,4095.102368
904.333253,409,4095.871162
496.975353,213,4096.245851
599.56087,281,4096.76831
661.472056,285,4097.322776
509.905926,206,4097.656785
685.382351,340,4098.17747
881.836866,363,4098.800094
1068.84672,445,4099.608861
1033.818615,447,4100.406539
510.778558,217,4130.635028
890.705584,425,4131.464137
868.96853,370,4132.085815
650.50278,288,4132.595512
702.388251,285,4133.081403
851.187583,426,4133.946582
703.404647,285,4134.423368
537.091149,216,4134.783998
714.825147,325,4135.351351
701.86163,312,4135.909712
-30.726969,1,4164.511906
703.14053,274,4164.957139
536.965196,222,4165.331826
738.854059,338,4165.890331
1069.784266,446,4166.734501
740.585708,315,4167.28783
868.791007,427,4168.069406
868.97881,365,4168.628685
-30.263012,1,4168.66873
-30.749371,1,4168.710293
703.78557,289,4197.617573
1069.66906,433,4198.371303
740.933705,304,4198.880763
801.127557,341,4199.439308
1059.559091,457,4200.250413
1069.182695,451,4201.113623
477.403406,191,4201.463163
917.428872,427,4202.330108
1069.192816,457,4203.190462
510.185945,215,4203.619179
788.152149,346,4234.30335
478.676213,189,4234.632854
927.876173,381,4235.396347
901.996994,374,4236.047807
703.609855,287,4236.533124
703.517842,287,4236.995365
1061.248182,448,4237.868684
-30.240467,1,4237.909223
-30.758068,1,4237.950281
846.389569,405,4238.749547
424.803145,191,4267.890045
373.796748,285,4268.495448
334.474247,279,4269.199916
712.831661,341,4269.865367
703.105895,281,4270.382829
350.262896,276,4270.903693
741.433165,302,4271.547615
451.266858,191,4271.875972
411.597182,190,4272.23006
1019.953142,445,4272.990939
543.279762,385,4302.884964
596.418972,293,4303.451518
702.559067,278,4303.938807
1067.923263,458,4304.83475
741.25916,302,4305.448468
881.240044,359,4306.084086
741.139091,303,4306.599946
-30.748383,1,4306.640504
715.807321,295,4307.184493
890.645733,413,4307.962044
728.099739,302,4338.064916
1069.433954,436,4338.838614
1068.982103,447,4339.575544
491.02364,194,4339.865477
464.875105,190,4340.162032
438.670817,196,4340.459567
702.371901,289,4340.920323
609.008094,282,4341.371448
883.930027,413,4342.161204
714.417006,298,4342.670606
1069.298647,447,4372.082057
-30.251682,1,4372.122114
881.228215,363,4372.701744
549.607067,211,4373.040759
478.361923,193,4373.351785
703.835157,321,4373.849709
689.414787,290,4374.379973
623.942419,282,4374.861288
1070.466139,430,4375.609957
864.60356,416,4376.360113
775.705244,344,4405.911206
814.481499,346,4406.461905
511.321793,210,4406.790472
703.524771,293,4407.270416
636.570173,291,4407.822815
663.187099,280,4408.349179
827.58321,351,4408.924198
-30.758447,1,4408.96477
1070.274365,442,4409.717356
-30.735163,1,4409.756914
646.996094,294,4440.545815
718.672933,322,4441.084864
621.023147,292,4441.531151
842.950735,357,4442.146463
547.871982,372,4443.049087
465.316331,187,4443.424706
927.51504,387,4444.290119
451.682341,192,4444.723849
465.456812,190,4445.108658
634.460714,285,4445.792778
749.553079,327,4473.83708
634.611212,291,4474.403435
868.4379,364,4475.304061
536.815002,216,4475.781328
451.691121,191,4476.191139
438.441876,188,4476.587457
622.765168,290,4477.339559
1060.178111,453,4478.427714
-30.768529,1,4478.531361
891.261752,416,4479.553668
1069.688611,423,4510.28646
891.337616,414,4511.29315
-30.225513,1,4511.336716
-30.222832,1,4511.377774
842.486666,364,4512.137396
703.240704,268,4512.732376
661.824523,281,4513.418437
523.487684,209,4513.810522
1069.39724,442,4514.965913
1073.318101,462,4516.025036
868.066616,365,4546.875709
741.099175,305,4547.47034
1069.227036,429,4548.323023
728.410918,316,4548.987416
534.512586,283,4549.634073
702.640346,281,4550.200711
900.712455,384,4551.003372
576.040501,383,4551.926712
868.24257,368,4552.755439
855.455097,370,4553.624621
846.620051,427,4583.827347
342.953857,287,4584.481317
888.646745,374,4585.178404
610.854533,287,4585.706157
862.102037,378,4586.412289
1069.816316,435,4587.219371
762.748567,325,4587.710589
523.665159,216,4588.036119
636.649383,283,4588.486061
510.56311,214,4588.868629
-30.753391,1,4617.895924
1060.702808,451,4618.713278
740.445116,305,4619.206991
636.771103,293,4619.635309
1046.678053,451,4620.397299
900.971563,379,4621.029245
438.346053,189,4621.326727
534.361595,361,4622.025383
827.220958,344,4622.603861
757.848199,347,4623.182251
748.057685,336,4652.57447
675.187915,292,4653.141276
-30.75684,1,4653.181329
855.044865,361,4653.726786
477.586478,193,4654.037715
744.746284,333,4654.55147
425.303188,183,4654.864438
523.405414,210,4655.248026
425.543134,193,4655.541954
1073.049645,459,4656.333873
536.720615,222,4685.794051
741.507157,301,4686.264812
901.579268,395,4686.911376
1070.656821,435,4687.720845
742.222979,305,4688.224303
841.588774,340,4688.76267
1061.088401,448,4689.550484
1070.680592,440,4690.338222
523.869987,216,4690.680916
840.293204,362,4691.244835
881.591106,361,4720.763015
901.073719,384,4721.379347
728.27135,308,4721.911096
875.248413,381,4722.51429
1046.674091,450,4723.311607
522.852013,211,4723.666416
741.556407,310,4724.178736
-30.261036,1,4724.218778
-30.762592,1,4724.258338
868.673557,353,4724.835691
742.183268,307,4754.795357
648.941104,287,4755.28894
343.030091,275,4755.900856
730.128256,339,4756.417267
1047.10773,443,4757.176971
703.151025,281,4757.665306
728.155486,308,4758.210457
622.838258,277,4758.771759
662.241957,291,4759.349448
868.863114,355,4759.916959
1073.366897,452,4790.694217
903.885318,422,4791.531291
1072.397151,458,4792.333853
878.54171,413,4793.093554
-30.74128,1,4793.134118
-30.717335,1,4793.173656
510.75517,211,4793.513222
537.457438,206,4793.90264
840.457641,349,4794.620331
839.653744,353,4795.30474
887.875899,378,4824.60531
867.781681,354,4825.182177
813.39373,342,4825.758074
867.653313,366,4826.486214
711.661131,344,4827.186066
873.675933,385,4827.94723
1067.845893,454,4828.876634
745.235666,341,4829.527045
702.030797,277,4830.152302
438.031248,182,4830.476822
1069.390091,441,4859.952393
659.561694,299,4860.554337
734.913669,339,4861.183405
1072.609255,455,4862.020954
704.088452,277,4862.551192
438.516425,192,4862.910773
891.712802,409,4863.819413
438.657941,193,4864.180461
451.77555,186,4864.526225
1068.653693,456,4865.374588
886.953892,419,4895.838116
704.193996,284,4896.33275
-30.750059,1,4896.372288
465.090991,184,4896.694839
650.336236,287,4897.35529
1071.024068,428,4898.239126
523.911569,209,4898.581109
1068.927363,455,4899.476506
647.995511,296,4900.007781
704.189562,275,4900.529117
788.184461,362,4928.248029
712.751731,329,4928.861915
864.321299,430,4929.746509
-30.786243,1,4929.786581
900.936724,390,4930.609878
659.975722,299,4931.178908
1047.178316,438,4931.985997
663.979009,293,4932.578466
1068.999508,450,4933.39372
663.165386,293,4933.978179
763.188983,337,4964.254505
747.259465,364,4964.90658
1045.970139,459,4965.742352
826.581556,364,4966.366057
657.483101,300,4966.99369
648.934425,297,4967.564196
750.857827,330,4968.105258
663.08178,292,4968.57818
855.806475,357,4969.210737
887.541294,395,4969.899746
881.313626,365,4999.465547
713.951472,307,5000.032127
827.054607,354,5000.659885
913.839481,391,5001.366355
740.962424,306,5001.953692
728.211436,312,5002.50109
854.805979,348,5003.11232
535.997699,213,5003.494951
881.303203,355,5004.120121
688.082081,288,5004.750169
334.69418,269,5034.168164
853.376148,345,5034.777314
1068.079865,461,5035.640347
852.4635,352,5036.254368
737.954645,324,5036.797861
912.605754,389,5037.487853
875.16523,376,5038.151427
800.585984,354,5038.812226
535.569569,215,5039.208915
869.101906,354,5039.840886
868.675053,356,5070.555436
1069.105078,437,5071.404697
664.078652,297,5072.010185
714.450148,325,5072.66027
881.931348,352,5073.326559
688.993281,295,5073.88532
901.861162,386,5074.616313
633.331572,306,5075.116049
451.494559,190,5075.475101
509.929976,210,5075.851614
714.403363,316,5104.928583
701.124927,317,5105.50402
676.930019,273,5105.978474
714.873489,311,5106.512906
728.427105,307,5107.004117
690.630995,278,5107.455292
714.018924,317,5107.985624
686.243838,295,5108.526121
411.319578,185,5108.822561
510.143685,212,5109.14743
342.128031,265,5140.389385
868.895469,362,5141.004038
1069.416211,445,5141.893838
1068.037692,455,5142.767771
761.091512,326,5143.477336
914.078373,388,5144.30583
913.653341,381,5145.144382
1069.965939,441,5146.182506
690.10499,281,5146.721929
851.471417,416,5147.591922
523.579679,212,5177.326486
-30.761183,1,5177.367024
884.057472,358,5177.95216
905.110472,414,5178.689345
-30.257149,1,5178.780002
-30.757893,1,5178.820563
-30.745058,1,5178.8591
452.068836,192,5179.158035
883.400624,352,5179.710275
703.134596,287,5180.162665
702.530077,290,5209.422338
676.429745,295,5209.949191
412.040315,188,5210.263593
411.551278,183,5210.538561
649.684386,285,5211.053349
637.004545,288,5211.521749
663.009581,298,5212.123393
689.506534,284,5212.649827
549.869215,210,5213.055557
904.004146,421,5213.909465
813.068887,347,5243.798492
725.752903,338,5244.279882
1045.765583,440,5245.065023
887.358724,372,5245.946083
753.307952,327,5246.615046
637.274933,290,5247.234399
702.726065,280,5247.838514
497.25742,210,5248.257207
672.958326,297,5248.843287
451.23763,193,5249.203805
1068.873489,435,5280.472103
1069.000793,438,5281.540911
510.250957,210,5282.040634
626.471628,284,5282.733065
886.947294,389,5283.613045
649.139911,290,5284.349739
662.377883,285,5285.07889
437.545161,182,5285.504718
688.875906,282,5286.072151
881.735621,370,5286.808465
439.246489,180,5317.450208
727.899125,303,5318.051588
882.40328,370,5318.790588
1073.15611,454,5319.749312
690.516336,288,5320.322858
704.60291,278,5320.88865
901.884215,374,5321.73227
497.901921,213,5322.166292
814.805429,343,5322.869917
747.763476,327,5323.55557
889.200577,375,5355.871353
728.926844,295,5356.533883
814.296735,356,5357.241566
826.702384,350,5357.998724
1069.272035,451,5359.014259
675.838785,298,5359.675089
1069.301467,454,5360.733814
802.095563,350,5361.521184
-30.226887,1,5361.564783
523.460024,216,5361.971728
851.475446,409,5393.180739
688.542255,283,5393.752826
880.327431,363,5394.376195
550.174029,208,5394.756578
728.12234,295,5395.328171
702.612943,279,5395.850074
875.390567,383,5396.596436
1074.246751,430,5397.443608
741.326644,314,5398.052455
478.112626,183,5398.385288
367.051395,292,5429.55442
424.587562,183,5429.880169
688.784802,284,5430.389222
850.237294,425,5431.253704
688.119688,293,5431.901253
727.193683,312,5432.633646
611.32552,293,5433.285561
674.961053,287,5433.96941
1032.864866,455,5434.994245
622.499871,290,5435.677542
-30.735987,1,5467.735979
452.62096,185,5468.124495
525.210832,215,5468.636524
1070.123955,449,5469.675769
465.140569,177,5470.041545
1070.743236,448,5471.03733
1034.27507,454,5472.05202
683.364331,284,5472.642075
870.594362,360,5473.354729
691.939911,272,5473.879107
867.473585,377,5504.752974
463.125784,190,5505.101169
839.437872,351,5505.794938
839.703629,345,5506.475027
714.522699,322,5507.101399
451.452288,189,5507.476519
727.290942,302,5508.132776
517.295483,361,5509.036913
676.081534,293,5509.659724
-30.226292,1,5509.702293
608.93478,291,5541.554216
660.110712,317,5542.253805
134.202432,180,5542.647136
1040.87858,440,5543.612192
487.659382,344,5544.370983
464.734754,340,5545.262419
1026.223545,463,5546.312545
595.67436,283,5546.91576
992.912013,457,5547.899105
364.696959,280,5548.571002
689.577192,282,5580.160027
624.02997,287,5580.734389
861.25297,389,5581.500102
749.189432,316,5582.105214
826.988104,341,5582.789447
623.285335,285,5583.378445
799.671548,345,5584.064093
688.021006,313,5584.705221
450.29617,181,5585.058575
551.680613,390,5585.993557
1058.474909,458,5616.775775
621.581068,292,5617.292366
1059.783211,444,5618.356207
826.927733,344,5619.171349
523.723492,206,5619.651901
424.66609,185,5620.060214
-30.722229,1,5620.100773
523.145173,217,5620.589879
874.363103,388,5621.468188
-30.250999,1,5621.509259
346.713932,272,5653.576377
1069.388618,435,5654.603613
827.144889,347,5655.364214
826.095219,346,5656.13731
1069.110618,433,5657.144774
1056.698504,427,5658.113014
735.796579,341,5658.806616
523.880111,210,5659.193367
510.560679,199,5659.596132
424.780065,180,5659.952799
875.657241,381,5691.099569
703.616633,282,5691.623226
451.232489,186,5691.977847
901.605781,387,5692.738031
688.811031,290,5693.43812
690.029797,277,5693.988758
-30.752068,1,5694.029592
-30.756351,1,5694.069685
537.438294,209,5694.489967
536.908118,207,5694.906956
848.786157,382,5727.166549
1060.335083,443,5728.028388
411.457759,183,5728.35578
868.769772,351,5729.009552
483.564859,205,5729.38147
703.595055,271,5729.909756
-30.247749,1,5729.952823
483.469275,210,5730.339681
-30.223713,1,5730.380745
861.062893,385,5731.11595
914.355691,378,5763.191618
900.019629,387,5763.898256
1034.370558,442,5764.761096
901.464688,374,5765.508554
741.388688,296,5766.116818
852.646205,343,5766.751327
538.567283,379,5767.570863
437.177157,189,5767.909129
727.632819,307,5768.503874
1068.035349,441,5769.375648
-30.730816,1,5799.875119
889.586731,386,5800.665943
789.249644,326,5801.308559
1074.517169,446,5802.228583
1070.011553,439,5803.167005
650.702314,292,5803.815449
649.473543,293,5804.569283
638.104744,297,5805.307999
866.146974,404,5806.352454
524.446091,208,5806.853605
334.838369,264,5839.086399
702.3146,282,5839.774266
714.689818,306,5840.520568
587.145077,283,5841.192351
1069.038768,438,5842.260377
450.705465,186,5842.696556
867.366722,359,5843.541488
664.145433,287,5844.263572
815.108753,335,5844.971286
1068.095121,435,5845.909935
689.568035,280,5877.557508
865.293687,410,5878.521671
649.950105,299,5879.19364
814.000311,353,5879.914645
697.043462,300,5880.547385
877.672051,403,5881.46649
777.105565,313,5882.081172
-30.730459,1,5882.122742
883.481716,348,5882.839618
451.568552,190,5883.239886
-30.742882,1,5913.65337
-30.768682,1,5913.694643
1048.056097,438,5914.668184
-30.242027,1,5914.711251
-30.725925,1,5914.751357
536.726399,211,5915.133204
424.590643,186,5915.521077
663.472257,285,5916.117817
650.221435,280,5916.819957
728.391032,290,5917.418107
904.416718,421,5950.481029
703.541787,282,5950.984853
660.8482,291,5951.539008
451.584661,187,5951.876492
550.390829,210,5952.256867
901.902361,379,5953.040699
1061.446776,454,5953.946597
745.160785,335,5954.536779
-30.239586,1,5954.579337
663.705002,294,5955.220591
-30.730766,1,5985.483649
623.39681,297,5986.107472
438.550743,193,5986.427287
703.711361,285,5986.934939
648.232363,281,5987.456844
1069.4534,441,5988.317213
882.024482,355,5988.978876
1059.20965,451,5989.900649
852.374934,400,5990.752734
853.273719,347,5991.404153
863.733649,416,6022.918516
749.729879,337,6023.556119
675.721102,285,6024.176494
700.921543,306,6024.833689
720.611459,324,6025.502234
702.523055,285,6026.108231
1020.124736,443,6027.097208
881.491718,369,6027.921019
340.642434,276,6028.586823
510.598648,207,6029.022671
848.747923,382,6061.827283
1045.439484,459,6062.772421
1060.445111,446,6063.676155
1047.393945,439,6064.597951
881.592645,349,6065.299783
451.064665,185,6065.722708
483.985867,207,6066.158581
424.98511,184,6066.541688
743.719342,317,6067.165692
700.720154,304,6067.821074
741.376931,304,6097.752117
741.484328,301,6098.32979
703.765677,271,6098.807841
865.289696,414,6099.730611
715.984409,295,6100.359937
-30.255793,1,6100.400518
632.60931,278,6101.031265
550.566238,208,6101.474696
914.48923,384,6102.323119
1048.481922,441,6103.325974
867.482251,363,6135.169781
635.998753,286,6135.81872
701.928867,283,6136.432964
1020.764856,451,6137.418759
465.234225,185,6137.822073
623.183012,283,6138.47255
549.469079,209,6138.876456
623.705581,281,6139.439777
675.924107,273,6139.975812
688.696967,279,6140.51225
463.880493,183,6172.299836
748.02505,323,6172.936735
738.600839,327,6173.535213
763.133604,318,6174.127051
-30.731535,1,6174.168118
524.412754,202,6174.56352
863.236109,400,6175.455591
882.073684,354,6176.206702
464.669292,185,6176.563631
437.265042,188,6176.969532
741.348932,305,6207.408574
703.133661,280,6208.051366
1070.110083,438,6209.123782
840.50937,347,6209.863339
646.342106,292,6210.496643
826.869981,352,6211.254011
1060.199463,448,6212.282739
869.485345,354,6213.081568
524.802285,214,6213.532908
702.2212,292,6214.166372
741.026444,298,6246.29875
814.14542,341,6246.945921
1068.255377,456,6247.945323
740.524945,302,6248.570012
827.115656,339,6249.244276
881.975825,358,6249.955004
1069.562736,428,6250.851432
675.58289,291,6251.48802
848.649858,381,6252.272485
881.395941,357,6252.967581
553.236979,370,6284.252231
841.249534,341,6284.902454
1047.616872,440,6285.738308
451.239776,184,6286.076048
704.344046,275,6286.597039
-30.219639,1,6286.637103
703.448676,281,6287.232766
703.875957,289,6287.820527
526.120885,354,6288.656291
728.540895,309,6289.261612
749.938077,318,6321.023698
887.161751,395,6321.735769
740.656772,306,6322.317661
650.759926,285,6322.898026
702.657687,285,6323.45173
721.20664,338,6324.059392
1048.102102,434,6324.991495
1070.213008,435,6325.879525
635.420673,292,6326.467379
635.805304,291,6327.059241
-30.253517,1,6357.639307
-30.752716,1,6357.680003
1046.436911,458,6358.651122
870.273302,356,6359.330806
523.739377,205,6359.744977
438.756357,181,6360.108353
1069.214287,446,6361.06763
883.993675,366,6361.817171
676.212812,283,6362.602709
1071.013232,433,6363.659686
1068.214032,439,6395.680073
1055.166336,447,6396.780447
424.854342,187,6397.214296
635.092819,309,6397.96591
789.311127,321,6398.662292
1060.151456,458,6399.765436
423.872885,188,6400.183426
762.334373,322,6400.923942
631.688596,300,6401.712694
1069.194929,425,6402.698665
701.037636,319,6434.415814
869.832367,361,6435.116975
714.151253,314,6435.767291
787.341726,362,6436.520199
-30.249355,1,6436.560793
927.64671,395,6437.395608
605.746409,304,6438.021306
840.932201,346,6438.736022
672.554461,302,6439.366357
685.43779,293,6439.974171
867.709631,360,6471.914005
670.6983,297,6472.492441
523.819353,209,6472.930476
689.6124,279,6473.545988
1046.106909,458,6474.553114
901.762177,380,6475.275732
436.864057,186,6475.609448
702.004774,285,6476.139075
476.511195,188,6476.522281
726.904891,321,6477.141423
1068.438138,456,6508.495614
881.544942,372,6509.124869
1055.008959,458,6510.012451
689.88899,286,6510.554158
623.891838,289,6511.099812
-30.222315,1,6511.141874
532.173094,363,6511.909723
741.764787,310,6512.504631
888.426905,389,6513.241482
-30.192173,1,6513.283542
852.060849,362,6545.359614
-30.730013,1,6545.45576
758.336604,330,6546.035362
675.476967,295,6546.654191
852.284341,356,6547.299189
853.424273,342,6547.977238
861.733199,384,6548.815183
510.500201,207,6549.223109
609.669177,292,6549.858378
1047.554409,437,6550.851306
688.351435,276,6582.105696
496.653139,207,6582.581592
411.300343,188,6583.003217
709.2497,300,6583.657218
674.55192,292,6584.287803
663.080972,284,6584.936525
1067.463539,443,6586.040058
-30.245193,1,6586.081633
561.002983,382,6587.005363
786.036641,330,6587.65023
511.090113,210,6618.530588
661.822117,286,6619.057025
777.377722,319,6619.648482
853.297843,409,6620.564026
704.252901,272,6621.121598
742.347708,299,6621.758873
452.381762,183,6622.127939
703.346257,283,6622.716941
927.962211,398,6623.602847
1070.852468,432,6624.548909
749.202844,326,6657.0163
1020.981997,457,6658.034618
853.476604,359,6658.815367
1047.517163,456,6659.811579
687.192385,290,6660.435231
901.849134,386,6661.223085
1070.594985,434,6662.195507
662.653422,288,6662.823242
537.037019,213,6663.272454
478.223221,193,6663.740888
478.39576,186,6694.113141
465.034458,188,6694.501256
688.483433,296,6695.135433
643.169943,300,6695.768927
890.506909,422,6696.537316
-30.76017,1,6696.576873
852.193066,411,6697.378835
1069.530164,448,6698.210997
765.24595,325,6698.854975
869.770495,361,6699.534464
1069.59742,424,6729.717987
523.279532,215,6730.095555
1060.981941,444,6730.890067
901.74272,382,6731.577746
702.240343,283,6732.065543
675.811475,290,6732.604187
788.443917,317,6733.110085
649.55642,293,6733.599694
900.155594,385,6734.234678
623.81639,291,6734.789051
754.357403,317,6764.806404
892.00098,403,6765.519282
1068.742108,440,6766.265258
1062.162318,441,6766.991659
622.475737,289,6767.455858
770.966111,317,6767.996753
-30.751625,1,6768.039312
702.976216,277,6768.525733
524.014668,217,6768.901235
749.641494,325,6769.515144
848.894806,413,6798.505092
728.499061,301,6798.997649
728.010564,308,6799.601775
-30.23247,1,6799.643332
881.773511,361,6800.236784
688.416652,299,6800.86981
1048.017464,437,6801.744262
826.83109,357,6802.37627
881.477746,364,6803.03377
-30.259029,1,6803.073806
662.953535,295,6832.714534
465.28251,193,6833.096645
522.756545,215,6833.538497
510.747016,212,6833.886567
728.280096,310,6834.495075
638.095969,283,6834.978999
1069.559836,440,6835.892645
715.389308,308,6836.466717
647.092704,291,6837.067615
690.006139,276,6837.53224
550.074688,210,6866.85872
1073.677256,449,6867.740948
680.273738,293,6868.389405
702.442031,280,6868.873661
490.074807,192,6869.201769
881.403018,360,6869.850152
881.586851,356,6870.524423
732.145553,327,6871.144902
464.590547,187,6871.592637
647.010301,286,6872.126964
763.0725,331,6900.153942
813.729358,354,6900.908752
-30.736917,1,6900.948812
596.98366,282,6901.493638
492.514019,185,6901.878731
756.936873,338,6902.528343
523.680626,215,6902.948451
1059.683343,464,6903.887889
491.40305,179,6904.230856
-30.77339,1,6904.270915
510.660542,212,6933.678473
1048.26735,439,6934.601016
774.108432,323,6935.208992
524.581789,212,6935.646697
425.571792,186,6936.066367
814.723775,347,6936.785607
882.917599,377,6937.552826
689.096922,297,6938.134794
883.445112,368,6938.775164
1060.20845,447,6939.627843
-30.757277,1,6967.892379
1046.45107,459,6968.860901
714.467087,307,6969.477789
875.642589,374,6970.161581
-30.757931,1,6970.202146
-30.784427,1,6970.241717
646.402941,298,6970.775197
763.038483,315,6971.33573
465.287581,184,6971.666408
662.777612,291,6972.202773
703.021489,286,7002.739822
544.227196,367,7003.593868
702.346044,278,7004.079787
900.280376,393,7004.787646
583.053785,287,7005.299788
1060.154656,464,7006.207721
775.732998,329,7006.76196
-30.748224,1,7006.801517
1069.370456,425,7007.598811
881.040286,366,7008.183288
638.987236,292,7038.089553
878.044549,416,7038.927253
852.820038,351,7039.539845
853.031539,351,7040.110354
764.091631,321,7040.661771
755.310727,335,7041.249807
665.636347,283,7041.739119
663.324547,287,7042.24439
550.659328,215,7042.598471
741.460302,304,7043.120032
928.211915,386,7073.036823
882.726354,372,7073.669511
451.684716,188,7074.00318
877.753487,424,7074.786567
537.432053,217,7075.140591
1069.835155,449,7075.917848
760.618614,331,7076.456801
524.509055,209,7076.796364
1068.843405,455,7077.596164
524.002824,208,7077.911937
1061.353995,433,7108.417445
688.937643,290,7108.927677
675.781134,283,7109.396472
839.380931,343,7109.930306
1048.043878,447,7110.688426
1068.805148,437,7111.489584
623.529503,288,7112.041812
875.245968,382,7112.70164
411.067965,181,7112.981052
1061.166303,436,7113.741549
612.313675,291,7142.474432
888.699021,384,7143.126357
915.005239,385,7143.776119
914.229797,388,7144.424662
891.670911,408,7145.276473
878.052886,403,7146.060037
864.437126,415,7146.884361
696.666627,300,7147.419561
901.425057,377,7148.156486
868.994885,354,7148.816209
1067.929204,450,7178.626843
1058.591645,456,7179.477339
676.27017,289,7180.043107
727.366854,301,7180.607536
608.108945,292,7181.147799
886.28428,396,7181.826071
523.123878,217,7182.159033
703.138068,279,7182.6386
773.944554,318,7183.162264
701.862935,299,7183.772303
888.288178,395,7213.692231
787.916569,324,7214.348779
851.588205,427,7215.185421
702.679003,287,7215.648846
683.1962,296,7216.161349
373.952722,289,7216.723959
759.912027,319,7217.233263
890.86375,429,7218.03307
545.777915,378,7218.828237
852.732265,354,7219.412256
-30.736769,1,7248.115493
523.990326,216,7248.498615
890.318149,442,7249.346716
891.112532,423,7250.123544
689.045442,291,7250.618097
728.062293,309,7251.158031
881.623127,371,7251.757366
767.713444,331,7252.263152
1033.155468,476,7253.125585
877.03974,440,7253.91586
464.399566,181,7283.703339
463.761858,188,7283.991342
537.47457,209,7284.318969
714.713435,307,7284.826351
649.638095,287,7285.338175
750.625176,313,7285.806885
1022.073806,444,7286.565014
774.697896,326,7287.067347
537.634485,206,7287.383891
740.699728,312,7287.883122
674.504276,290,7317.940726
715.386233,295,7318.457199
1072.787333,447,7319.271888
916.576498,413,7320.032672
-30.785599,1,7320.072709
536.681268,211,7320.40016
729.508239,321,7320.956465
-30.757938,1,7320.998035
1033.959743,442,7321.853508
888.384511,383,7322.581316
-30.785778,1,7350.254362
1048.372562,446,7351.015612
663.763816,289,7351.522884
537.214763,212,7351.869992
827.318897,340,7352.468076
536.961995,212,7352.92025
-30.74094,1,7352.960842
677.009296,280,7353.434132
1069.273114,453,7354.329639
-30.746944,1,7354.369681
1032.971265,468,7384.088021
1070.351712,453,7384.892322
856.635635,376,7385.609511
510.71251,214,7385.976676
788.020822,356,7386.664315
704.220335,287,7387.175668
742.33038,303,7387.746989
870.794611,367,7388.488723
623.972106,288,7389.148653
760.653432,315,7389.769417
622.785459,287,7419.437307
703.216372,277,7419.950687
1060.979887,448,7420.916587
675.723346,289,7421.585818
881.761406,364,7422.324716
891.307577,414,7423.291723
639.442608,285,7423.884625
900.573667,395,7424.703669
-30.772121,1,7424.744225
1069.87845,435,7425.668356
704.001468,288,7454.287374
689.138593,293,7454.942813
536.86801,215,7455.406501
1069.299875,440,7456.407438
477.623632,191,7456.788982
741.939982,311,7457.471717
674.034628,291,7458.049005
882.954095,366,7458.75893
1068.850584,454,7459.711323
550.230327,211,7460.120396
464.034357,189,7489.652246
787.587129,329,7490.301246
852.292838,354,7491.028457
674.041099,293,7491.637276
649.037899,292,7492.27067
686.638582,286,7492.867044
876.222815,378,7493.593275
865.172095,416,7494.485631
827.160896,356,7495.126086
1033.923948,458,7496.013011
714.674082,307,7524.896419
901.634048,377,7525.581924
689.469558,285,7526.061134
755.347634,325,7526.620309
888.046498,383,7527.2797
751.777351,328,7527.816042
839.776024,350,7528.42913
1059.617593,452,7529.203764
868.551526,363,7529.810511
869.119711,352,7530.398183
1059.405546,471,7560.995292
701.234591,314,7561.586446
497.436701,210,7561.946654
1073.534789,458,7562.777612
635.859468,284,7563.274898
827.030935,350,7563.88853
1068.659561,448,7564.690123
689.040652,298,7565.246557
483.646724,213,7565.606803
826.20348,366,7566.187469
649.155774,295,7595.173542
535.843785,220,7595.554259
411.306544,189,7595.872365
1068.458691,449,7596.745773
747.237522,339,7597.275566
881.19855,374,7597.895811
-30.748055,1,7597.93537
813.633593,355,7598.550992
639.420335,294,7599.042749
867.825438,374,7599.634087
726.71847,314,7629.723397
1068.188302,442,7630.49342
888.222679,386,7631.086829
902.850398,431,7631.859175
-30.739872,1,7631.89873
727.800642,304,7632.433069
874.551257,393,7633.062079
1055.087474,445,7633.864798
-30.734711,1,7633.905882
611.490495,282,7634.460928
1046.167096,460,7665.003319
661.759777,298,7665.567662
869.210745,361,7666.20121
869.425021,370,7666.904939
1068.978608,434,7667.702508
-30.73785,1,7667.745078
656.857118,300,7668.378309
715.389401,303,7668.980241
1019.711768,469,7669.851047
877.051439,428,7670.699989
882.161469,357,7700.292413
523.845076,208,7700.663616
715.746751,310,7701.251561
889.043977,387,7701.935141
689.783849,289,7702.436369
709.905073,336,7702.991658
650.695584,286,7703.513147
701.234575,313,7704.063618
688.419384,288,7704.560794
927.564912,395,7705.232583
1074.68454,433,7735.051056
882.907062,354,7735.70555
561.803354,382,7736.519027
689.838254,278,7737.070936
1036.079756,432,7737.92938
852.656264,355,7738.514731
1049.050336,447,7739.312277
771.174199,321,7739.830394
1069.928458,426,7740.600818
1070.364897,422,7741.34239
1059.417555,468,7771.582816
853.54124,354,7772.172738
747.839762,336,7772.684401
626.324833,282,7773.131493
868.518778,356,7773.721645
510.246008,208,7774.052638
675.76036,305,7774.556371
878.098072,406,7775.278421
635.347502,297,7775.809227
1033.865205,457,7776.588729
662.084107,281,7805.588614
-30.741655,1,7805.629671
741.520551,301,7806.147933
1071.047532,434,7806.929053
714.857843,308,7807.419808
862.010484,421,7808.234769
871.103085,352,7808.78583
511.385287,213,7809.108294
-30.752695,1,7809.148846
856.811972,370,7809.717538
1067.54153,457,7839.122622
-30.757692,1,7839.161665
826.886052,358,7839.723573
900.808112,380,7840.381737
714.649585,299,7840.878532
882.150218,361,7841.437417
777.611025,311,7841.922186
741.023267,303,7842.461643
767.961841,322,7843.111133
882.710909,353,7843.82828
853.715258,342,7874.30356
623.829955,286,7874.796918
728.940178,301,7875.307104
1068.807267,437,7876.066898
663.056516,284,7876.620854
523.132377,211,7876.999411
463.918085,185,7877.358518
1068.613661,450,7878.2582
782.92729,325,7878.808617
523.691984,204,7879.174668
662.741439,297,7907.336255
715.047539,304,7907.980951
1068.786087,444,7908.918215
-30.234058,1,7908.958272
-30.732037,1,7908.998837
881.916102,354,7909.67257
840.16839,351,7910.413229
956.349027,425,7911.322593
477.731877,185,7911.684278
489.675436,186,7912.052426
702.115313,290,7942.04023
612.072908,290,7942.58819
740.966932,304,7943.18464
-30.733742,1,7943.224191
1069.018483,449,7944.19067
727.427779,313,7944.774951
714.863057,306,7945.397432
1069.42748,451,7946.325773
410.932438,185,7946.685131
1061.073498,462,7947.636553
750.166418,318,7976.209004
-30.228485,1,7976.250069
625.913673,283,7976.869125
1068.298859,459,7977.841969
882.501447,360,7978.568147
853.923957,354,7979.282778
627.217778,280,7979.827093
731.102107,327,7980.463476
881.753579,372,7981.208622
438.458687,186,7981.597444
612.830865,279,8010.715707
800.125886,353,8011.527606
880.563519,361,8012.265739
636.386891,278,8012.803041
839.514674,345,8013.508054
483.531495,215,8013.887632
1059.21858,455,8014.847434
675.477187,275,8015.326725
901.179481,376,8015.994817
687.42928,302,8016.541755
702.813627,283,8046.373743
728.35561,315,8046.999856
675.583432,293,8047.579263
662.715388,294,8048.13446
1069.293074,446,8048.994517
1069.716776,444,8049.787401
689.643259,290,8050.261318
839.649078,358,8050.884088
903.922309,413,8051.68998
674.056883,296,8052.201285
650.11595,280,8080.787482
510.926559,206,8081.136704
765.344824,322,8081.644112
662.979406,275,8082.104482
881.185726,356,8082.748021
902.113107,382,8083.415962
497.382795,205,8083.779719
268.465215,238,8084.205057
861.606801,388,8084.867895
675.55059,285,8085.362962
663.205855,280,8115.977395
914.475469,379,8116.616805
509.768662,210,8116.975917
536.283551,211,8117.304423
875.612263,373,8117.979909
1069.355784,428,8118.74185
1069.658864,426,8119.541953
868.729323,349,8120.140841
-30.734673,1,8120.180407
598.042336,288,8120.661849
292.777975,253,8149.627674
834.983138,394,8150.27169
827.250581,347,8150.853705
762.065485,343,8151.466987
1059.490911,459,8152.271401
826.385064,357,8152.956417
496.729947,215,8153.323483
411.957066,190,8153.654426
1034.30624,450,8154.519759
623.308915,273,8154.981347
662.050793,294,8184.736024
847.937482,392,8185.441608
1060.118683,445,8186.369517
864.192505,406,8187.193051
497.97746,202,8187.54739
483.319106,212,8187.933552
470.011431,214,8188.313589
1060.253835,458,8189.272464
1068.293636,455,8190.119077
1059.662794,458,8190.971729
901.072601,395,8221.167228
1060.851068,457,8222.015399
623.305827,288,8222.499012
786.877506,317,8223.064761
740.651973,312,8223.628794
889.16363,373,8224.279994
623.565628,296,8224.881433
1061.61857,447,8225.713779
1068.623759,448,8226.561723
801.521172,350,8227.234864
843.487776,411,8256.276388
1060.797839,469,8257.118496
701.715121,296,8257.698386
425.262892,188,8258.038867
248.503436,216,8258.526766
258.719742,215,8259.005601
676.338116,290,8259.543343
626.283296,278,8260.001033
437.853936,190,8260.308116
914.06335,389,8260.951244
622.817006,284,8290.476206
720.918499,337,8291.037118
437.996033,186,8291.365185
626.147611,287,8291.816723
851.623623,404,8292.648845
1047.757526,454,8293.423191
596.001548,292,8293.957531
773.051393,328,8294.459361
253.496995,211,8294.876436
869.417015,355,8295.424265
916.5995,416,8325.788362
778.636444,317,8326.275005
702.567376,284,8326.713796
703.378721,285,8327.16398
715.377884,296,8327.716298
624.191295,292,8328.237537
778.769273,325,8328.731788
1062.087129,442,8329.496017
1068.666765,459,8330.286266
623.169128,297,8330.8378
662.047348,287,8359.553169
676.583977,284,8360.007014
882.806257,366,8360.583525
853.977545,355,8361.145929
715.173149,305,8361.640379
258.829757,218,8362.09916
702.037573,286,8362.537427
827.959859,348,8363.091369
1075.713536,453,8363.84894
778.441834,313,8364.334318
1069.656032,430,8394.64932
646.645607,276,8395.080586
1070.066987,436,8395.837515
746.650903,315,8396.309289
-30.736544,1,8396.349438
702.483058,285,8396.788065
525.757551,361,8397.589825
1069.957508,450,8398.564889
883.589637,355,8399.241036
702.637276,287,8399.821283
881.391401,373,8429.566375
701.788665,286,8430.190904
1060.341577,468,8431.180796
536.27398,207,8431.614511
745.450642,321,8432.262033
465.026929,190,8432.645144
510.204639,212,8433.08179
689.098476,286,8433.64764
881.727848,364,8434.355989
1061.522601,458,8435.307613
702.684707,281,8463.549216
-30.225094,1,8463.589775
840.418201,361,8464.336557
702.464215,282,8464.916482
535.010862,366,8465.746393
1060.661369,460,8466.784484
882.926778,353,8467.515575
883.162162,349,8468.233246
623.540452,283,8468.827633
703.132801,280,8469.388887
689.887792,287,8499.404235
611.143168,293,8500.108755
451.523003,184,8500.504885
915.54165,384,8501.278128
865.61069,418,8502.167485
-30.255556,1,8502.207023
901.909069,393,8503.008702
854.203353,357,8503.696291
876.040172,394,8504.493087
234.79943,224,8505.029487
484.226528,214,8532.714256
840.156774,351,8533.440442
1068.910518,454,8534.327582
882.176297,362,8535.001088
412.385739,188,8535.354653
-30.262505,1,8535.395218
727.914518,306,8535.955581
509.699354,214,8536.324848
761.062188,328,8536.849683
437.475892,192,8537.17783
676.548191,292,8566.694408
840.297829,356,8567.440956
863.858259,377,8568.146565
915.681025,387,8568.84459
889.768947,379,8569.495673
1049.088268,434,8570.340574
552.797011,375,8571.04709
553.284678,396,8571.809147
497.287984,204,8572.173673
689.069697,306,8572.677868
637.873767,284,8602.065534
545.493177,384,8602.776062
929.196011,376,8603.372994
882.598954,359,8603.99087
883.122914,359,8604.64785
1061.430909,453,8605.471191
638.291206,290,8605.971434
788.775582,329,8606.503714
1069.997475,445,8607.289042
1074.635623,452,8608.114851
636.148672,286,8637.963574
883.469249,360,8638.59374
755.841031,314,8639.086943
905.715532,405,8639.84935
524.674626,215,8640.196967
882.754133,366,8640.797848
537.784185,206,8641.143951
675.268515,290,8641.648298
1070.066448,444,8642.515516
866.17339,408,8643.365157
715.040475,310,8673.900329
889.949955,388,8674.609481
623.799824,297,8675.147647
841.036948,353,8675.783202
1070.110472,442,8676.659588
702.930264,296,8677.273585
857.259114,369,8677.969736
638.59572,290,8678.555176
789.614529,414,8679.341257
761.475774,322,8679.906785
883.090118,361,8708.931197
-30.721645,1,8708.971735
853.1708,361,8709.676083
1069.421894,437,8710.525909
1069.383105,441,8711.379916
623.515506,290,8712.052751
715.427551,304,8712.655673
548.539074,385,8713.442478
883.321659,360,8714.064601
687.550817,295,8714.67397
490.057423,190,8743.710692
550.587568,211,8744.109402
-30.748203,1,8744.150463
1061.52817,458,8745.070545
748.648459,328,8745.655618
769.426938,313,8746.244143
624.355564,286,8746.763439
464.934565,184,8747.102969
728.741452,298,8747.630839
702.540233,302,8748.18527
1069.758664,426,8778.201057
463.64273,183,8778.545149
1061.972824,431,8779.446578
788.03259,320,8780.048572
814.350879,349,8780.739358
814.979975,352,8781.492416
-30.74192,1,8781.53602
-30.761527,1,8781.578629
674.983963,306,8782.38914
888.276208,382,8783.115615
889.912991,388,8814.024366
854.11761,342,8814.614571
813.346283,364,8815.227788
787.53007,353,8815.838695
-30.247503,1,8815.87928
881.390282,373,8816.479384
878.27577,424,8817.493506
424.979429,187,8817.84008
675.777729,280,8818.341156
774.784445,328,8818.917162
464.667246,184,8849.604038
1048.886454,454,8850.480429
623.914887,285,8851.070325
1048.60871,453,8851.909634
883.373779,362,8852.515492
1071.682982,426,8853.485535
852.365911,414,8854.499398
852.579942,405,8855.717257
662.454987,281,8856.363531
750.182307,333,8856.986258
510.059968,207,8888.202882
652.87783,285,8888.773094
522.971704,356,8889.60287
412.234725,189,8890.011909
851.922196,421,8891.126577
870.968658,413,8892.151402
901.861148,375,8892.927153
875.908693,391,8893.665809
917.143392,425,8894.58829
1049.68328,440,8895.494147
663.287664,290,8926.223432
-30.725914,1,8926.266
1061.68588,440,8927.488844
545.74001,368,8928.475409
1070.173238,438,8929.35112
715.54802,293,8929.978597
1070.138797,451,8930.951921
1070.318462,436,8932.007402
349.774459,278,8932.631969
851.857617,375,8933.379058
765.944485,324,8963.496765
761.907431,331,8964.104654
1070.005829,454,8965.082615
776.852155,320,8965.648751
1071.525903,427,8966.495056
1062.363012,441,8967.293375
802.565034,342,8967.912926
1071.029447,430,8968.715084
1073.974712,461,8969.581181
662.698639,296,8970.179597
865.568516,412,9001.326488
463.517398,189,9001.649765
-30.750632,1,9001.69285
878.185202,411,9002.556135
689.502209,285,9003.076312
715.513668,302,9003.660527
690.287361,271,9004.146311
753.022601,328,9004.713672
865.55043,404,9005.50975
882.004223,360,9006.135992
538.153053,208,9036.149038
879.75238,412,9037.014333
878.808293,402,9037.970551
803.053272,346,9038.712635
-30.259172,1,9038.752695
870.993593,352,9039.477074
1070.355326,445,9040.53601
-30.23241,1,9040.576579
903.856748,389,9041.480428
1072.439878,424,9042.462535
902.773093,373,9074.491717
1060.598564,458,9075.519112
720.45486,326,9076.249435
862.141181,383,9077.076251
661.409974,293,9077.663886
437.274031,183,9078.010802
523.086857,212,9078.42809
597.511562,279,9079.008766
740.270424,331,9079.753515
914.772781,394,9080.46299
841.870963,348,9110.402253
-30.223394,1,9110.444345
624.276691,283,9110.985293
916.132553,390,9111.786572
528.103393,357,9112.715787
883.820112,361,9113.475079
728.803469,316,9114.162602
1049.926618,443,9115.144261
854.349021,360,9115.801223
903.145701,384,9116.473152
849.507613,402,9147.970639
1072.017513,418,9148.983276
703.797194,279,9149.579695
611.699642,284,9150.244028
917.661825,377,9151.184789
-30.737869,1,9151.225375
524.466239,213,9151.71677
883.534622,354,9152.469085
854.446713,350,9153.213627
537.276685,211,9153.676665
477.683674,186,9184.215656
703.941743,283,9184.721583
883.602588,355,9185.309129
777.1457,326,9185.903668
715.578769,306,9186.563085
703.917216,275,9187.133856
377.059789,284,9187.789738
883.101219,371,9188.505505
688.531967,289,9189.130899
828.322507,351,9189.924788
815.891005,349,9221.101528
450.454288,182,9221.505005
729.042505,310,9222.248204
869.281341,367,9223.197185
611.943212,289,9223.936875
496.875508,217,9224.393515
902.843374,393,9225.402386
1070.637541,434,9226.436035
637.057927,286,9227.15362
728.297749,312,9227.882216
703.940801,281,9259.120975
765.239602,316,9259.689685
677.71548,290,9260.353112
538.849323,209,9260.793528
677.249267,288,9261.516407
478.839614,189,9261.863055
743.359837,299,9262.500986
884.61352,360,9263.233575
659.51987,283,9263.92198
1076.098198,453,9264.708
652.338191,285,9295.145082
652.576091,290,9295.670358
437.719982,188,9296.073074
497.328894,217,9296.494344
675.28451,293,9297.047555
-30.736477,1,9297.090117
759.884027,322,9297.661382
497.405739,209,9298.012128
814.617379,347,9298.834565
1069.753769,432,9299.621279
930.268953,406,9331.512105
826.592088,359,9332.190947
710.895232,318,9332.812155
852.227196,350,9333.535604
510.741963,212,9334.027922
1073.591616,465,9334.927362
648.417488,290,9335.629193
727.845228,321,9336.204167
878.716761,406,9337.143089
612.261822,292,9337.759422
881.847123,357,9369.201394
-30.754028,1,9369.24246
1070.902678,431,9370.014384
715.152112,290,9370.612669
1074.928841,449,9371.454659
841.539133,352,9372.133079
-30.74683,1,9372.175654
1074.704884,448,9373.1615
741.429708,307,9373.817109
853.984317,342,9374.540715
724.829284,326,9405.312912
901.696212,392,9406.1706
869.864435,368,9406.976954
905.771027,417,9408.082592
1069.061909,453,9409.144333
-30.740963,1,9409.185425
548.594641,367,9410.104013
711.268862,324,9410.832049
870.218163,358,9411.649626
703.611911,288,9412.245925
855.040004,363,9443.664641
491.583109,194,9444.007096
866.378409,426,9444.878774
465.110299,187,9445.274286
854.566976,360,9445.994349
716.222352,309,9446.742044
829.393098,341,9447.358545
750.759153,330,9447.920329
1071.280928,441,9448.832202
1062.724053,453,9449.931369
336.03655,272,9481.48457
550.724522,380,9482.310862
757.281594,336,9483.039111
865.684679,418,9483.992923
464.492522,186,9484.370375
903.181372,376,9485.345596
510.124365,208,9485.813998
663.265878,288,9486.437938
1068.875529,450,9487.360113
624.935249,286,9488.122403
548.583518,368,9517.970419
649.96527,272,9518.527427
916.389632,382,9519.315012
650.254944,282,9520.010979
676.521936,289,9520.641158
1070.455057,440,9521.564537
1071.70854,424,9522.561409
1071.333013,427,9523.323138
686.731945,324,9523.860506
689.111178,286,9524.444849
676.548874,299,9554.994831
1062.056701,449,9555.832555
902.765454,384,9556.496475
712.413715,326,9557.042081
611.123361,274,9557.54562
-30.759392,1,9557.58719
649.013952,294,9558.188774
452.640595,186,9558.540415
598.117385,283,9559.080609
1049.568155,440,9560.048676
852.040052,418,9591.80807
889.464467,382,9592.576895
626.04439,285,9593.20801
855.11898,349,9593.928502
425.751177,182,9594.306059
757.358727,319,9594.961183
-30.2388,1,9595.002746
701.358567,297,9595.726687
437.831692,185,9596.090889
464.494334,183,9596.46558
520.453362,365,9626.829193
601.216414,276,9627.44822
728.862839,302,9628.075789
-30.748426,1,9628.117864
737.477989,325,9628.790748
915.461984,387,9629.609099
690.478139,282,9630.152341
689.950356,276,9630.648213
1070.304568,434,9631.534301
544.548612,362,9632.417973
701.112845,305,9663.288285
424.937701,181,9663.599213
-30.741713,1,9663.639839
411.547269,185,9663.975685
649.656034,275,9664.612472
510.766085,213,9664.9956
647.88868,288,9665.659637
613.665997,291,9666.184166
1060.702078,447,9667.091758
597.953558,284,9667.603191
1056.51253,431,9698.462953
662.846176,286,9699.074192
649.812285,290,9699.727887
1035.219436,436,9700.644485
869.199739,349,9701.348036
736.819153,332,9702.018246
1056.026292,442,9702.95223
496.975276,214,9703.398773
689.657623,301,9704.020642
890.882979,439,9704.985223
425.149162,182,9735.400577
882.445711,352,9736.079427
424.892083,186,9736.437683
662.868047,296,9737.072587
1067.970975,450,9738.09051
-30.753086,1,9738.134098
-30.736116,1,9738.174178
856.252121,351,9738.900106
-30.248983,1,9738.941673
1068.591707,450,9739.814342
1063.749779,434,9771.457671
869.478961,352,9772.076779
-30.24724,1,9772.115864
1057.443176,453,9773.02448
-30.748083,1,9773.065079
-30.252415,1,9773.10614
1070.95749,425,9773.925593
464.963183,186,9774.258916
882.992787,347,9774.893938
1070.579564,442,9775.713916
438.736839,186,9806.450444
915.457483,377,9807.178808
914.46204,394,9807.927466
741.734474,302,9808.454317
536.885995,207,9808.941666
866.235634,416,9809.835192
766.848024,331,9810.422328
637.058883,284,9811.204223
-30.243244,1,9811.247288
1069.646207,430,9812.247914
1070.715588,437,9843.962228
1062.665447,448,9844.970782
890.971701,371,9845.742081
742.177134,302,9846.38359
1070.964681,442,9847.364444
704.475649,275,9847.935727
715.596248,308,9848.622417
1069.826794,455,9849.754945
537.337867,374,9850.565026
741.562496,317,9851.128289
741.047021,314,9882.547789
703.404203,285,9883.073808
1074.775599,442,9883.941726
522.034302,357,9884.697205
451.05283,183,9885.033904
702.339036,285,9885.540267
611.596879,287,9886.076228
648.605352,288,9886.628943
853.418617,356,9887.311924
735.688833,313,9887.888465
714.917917,307,9918.102884
840.03332,364,9918.772721
1047.590446,450,9919.681941
875.531572,389,9920.499249
765.499467,317,9921.144599
875.051999,395,9921.963573
536.564818,212,9922.386451
702.406338,282,9922.980474
648.014542,288,9923.585545
688.77329,295,9924.23378
438.567128,185,9955.623662
1062.691289,435,9956.515086
1069.284442,455,9957.492369
915.817433,380,9958.255179
904.93977,409,9959.17463
636.780619,273,9959.820518
703.151836,274,9960.367165
676.15335,285,9960.988239
702.453897,288,9961.61355
-30.774356,1,9961.653617
1074.26986,456,9992.972327
702.417161,284,9993.468391
491.318916,189,9993.8124
689.644852,279,9994.299265
1061.599744,440,9995.14193
536.994073,212,9995.561015
649.041994,294,9996.155427
915.47459,385,9996.939483
703.782222,280,9997.444712
746.170423,318,9998.009269
854.673563,353,10028.423726
1074.418833,454,10029.285705
-30.235411,1,10029.325781
841.115675,363,10030.001406
852.496078,421,10030.974194
1048.082259,447,10032.239902
762.502848,325,10032.910475
-30.221642,1,10032.952027
1070.559484,450,10033.888225
715.207105,319,10034.551514
688.981797,287,10066.913355
828.544758,347,10067.623411
928.316534,391,10068.412094
523.806374,208,10068.922077
477.728786,184,10069.501018
-30.752083,1,10069.54409
511.453757,207,10070.017262
865.46021,431,10071.044351
497.80152,210,10071.404284
1062.164787,440,10072.254351
891.751852,428,10103.438493
-30.264435,1,10103.481106
915.521841,381,10104.208526
901.533047,396,10104.957097
548.140175,379,10105.834918
498.11991,213,10106.232203
685.464913,320,10106.800023
868.040143,362,10107.465119
878.107114,433,10108.35471
727.720612,305,10108.926334
866.106414,420,10140.721918
689.464208,283,10141.232541
600.473955,285,10141.743535
902.165146,388,10142.407135
599.917632,286,10142.904992
868.741348,374,10143.591631
828.062044,358,10144.254998
869.565713,358,10144.865875
827.905482,344,10145.490876
918.465064,417,10146.40827
582.883642,294,10177.48567
1049.394147,429,10178.358918
715.77896,303,10178.986315
916.0111,377,10179.761132
915.233759,392,10180.528331
869.547467,354,10181.218395
477.662736,191,10181.592313
1060.867124,453,10182.478356
425.1679,185,10182.819179
915.245524,384,10183.58241
450.697875,185,10213.937639
1068.565812,446,10214.781164
676.569444,283,10215.293709
902.894783,374,10216.017746
-30.220152,1,10216.061958
597.026501,280,10216.594435
853.354268,352,10217.2577
868.686148,360,10217.924582
689.816392,291,10218.543557
881.428376,369,10219.196051
801.613136,350,10250.156842
1048.543065,436,10250.954113
703.701135,291,10251.505514
524.215409,202,10251.973784
854.266727,361,10252.850901
828.709277,338,10253.57157
840.930471,353,10254.341848
1061.572821,445,10255.411299
675.914306,290,10256.212014
854.428216,340,10256.918724
476.981699,191,10287.783186
649.15655,293,10288.497837
704.067192,273,10289.105071
1062.877813,439,10290.189812
736.897555,322,10290.892419
901.298504,393,10291.771919
465.023037,186,10292.143301
702.581247,290,10292.821664
903.477598,385,10293.565658
672.630315,282,10294.099471
703.465197,284,10324.364327
728.343094,311,10324.913445
688.317601,331,10325.505053
878.854192,417,10326.387333
-30.74218,1,10326.426895
697.726446,314,10327.015404
916.884566,376,10327.795907
1070.306559,440,10328.678057
1069.922619,449,10329.572438
703.04076,305,10330.169934
662.09721,298,10362.266403
703.637694,283,10362.743258
1071.3848,446,10363.618471
916.490154,385,10364.372225
1076.629205,433,10365.200787
536.855517,215,10365.558852
1076.805184,436,10366.463921
902.300685,396,10367.195524
1062.219444,454,10368.064191
704.157357,278,10368.560194
702.136734,293,10399.751515
-30.739956,1,10399.793115
891.472811,433,10400.651269
464.118906,188,10400.953186
702.102121,297,10401.610241
497.260322,206,10401.95147
451.261065,189,10402.255649
724.871885,325,10402.788644
-30.731398,1,10402.830209
464.541151,186,10403.125353
901.882391,382,10434.48735
673.079006,331,10434.99704
-30.76532,1,10435.037594
814.784654,350,10435.606676
1070.516436,420,10436.464039
662.879221,283,10436.999447
623.742917,291,10437.547905
928.910182,369,10438.242209
702.865309,280,10438.807268
-30.75658,1,10438.850348
720.719619,329,10470.107203
689.433672,293,10470.662168
882.535069,350,10471.253262
688.804053,301,10472.109044
510.703426,218,10472.716567
878.14124,431,10473.728047
477.773015,186,10474.097232
694.897819,314,10474.873075
438.248244,187,10475.249579
650.946002,288,10475.839419
689.346894,281,10506.291817
1070.02392,444,10507.355114
477.442968,187,10507.766416
1061.762796,443,10508.797175
826.843447,344,10509.585908
867.994098,363,10510.385454
476.985052,184,10510.793217
686.52422,312,10511.498006
689.765896,281,10512.0531
841.342434,346,10512.732067
598.777412,289,10544.019032
879.106126,416,10544.8862
689.693627,314,10545.479645
1069.729092,421,10546.36695
888.300491,376,10547.120126
840.654341,354,10547.989605
527.419879,366,10548.731728
880.923357,352,10549.353124
675.521757,305,10549.986145
-30.715446,1,10550.027209
536.209345,212,10581.161309
-30.738651,1,10581.207381
1062.402478,433,10582.048216
648.682087,294,10582.578808
691.153583,278,10583.071419
714.828142,295,10583.695944
892.078803,412,10584.660962
689.22528,283,10585.24297
476.931302,187,10585.525558
690.644369,277,10585.999595
611.765756,290,10616.775901
639.039583,281,10617.288967
741.336903,328,10617.854258
882.882542,361,10618.479632
902.43288,389,10619.20697
464.566042,188,10619.534092
704.049106,270,10620.050719
-30.768756,1,10620.093287
463.794242,181,10620.410868
1061.521767,451,10621.275471
740.486374,324,10653.371971
741.521796,313,10653.945413
674.561289,293,10654.515538
1070.707843,428,10655.30072
703.306901,279,10655.784774
869.961258,355,10656.426356
703.334831,289,10656.973528
1070.781783,437,10657.864597
704.263939,284,10658.371894
647.570069,278,10658.872922
1061.472646,464,10690.379844
476.901452,191,10690.700428
766.099823,324,10691.23665
917.297644,426,10692.085196
882.927721,355,10692.811643
699.430928,327,10693.4493
902.726828,389,10694.301452
1074.790104,451,10695.340467
659.488313,291,10696.041169
1073.65299,469,10697.123803
-30.733757,1,10726.803673
624.657581,285,10727.463183
-30.750128,1,10727.50475
702.529206,281,10728.136176
438.625572,188,10728.551197
-30.224791,1,10728.591673
626.941345,291,10729.258529
-30.245361,1,10729.305686
870.117044,358,10730.100033
1047.871087,457,10731.14797
1035.690101,437,10763.081538
714.485352,283,10763.784508
709.502706,319,10764.416266
688.905849,286,10765.092936
673.831818,292,10765.673483
523.684234,210,10766.073331
868.998998,370,10766.801337
758.58751,317,10767.447944
767.441511,310,10768.04475
675.711409,292,10768.707573
535.318812,379,10798.964308
715.782929,301,10799.579594
870.165054,355,10800.264848
1048.582803,429,10801.159276
714.666842,312,10801.785366
450.782296,185,10802.218852
439.026225,182,10802.635876
1070.363703,448,10803.665212
891.835637,410,10804.591304
674.759711,289,10805.222
437.769138,182,10836.142815
677.029326,283,10836.715014
854.507381,341,10837.42452
854.314544,339,10838.134178
702.09747,294,10838.716129
674.972371,292,10839.314973
1070.784833,438,10840.231623
929.034849,389,10841.010756
869.00099,370,10841.68915
715.289134,307,10842.266888
883.737969,354,10873.617054
840.72072,352,10874.247443
464.480785,184,10874.560286
-30.748348,1,10874.603396
478.190107,185,10874.918784
-30.746861,1,10874.960343
511.087848,213,10875.337418
875.603069,381,10876.045117
1070.196074,433,10876.875126
905.107544,417,10877.705783
662.276297,278,10908.248846
715.621996,283,10908.815182
1070.82564,438,10909.641596
889.503279,384,10910.323092
870.573487,365,10910.931393
903.165363,373,10911.582831
702.011377,289,10912.187411
1070.643805,451,10913.196291
854.873972,354,10913.908705
700.935154,290,10914.644572
888.413798,386,10945.430636
464.134065,179,10945.785389
509.614355,209,10946.202848
881.732989,364,10946.966623
748.109063,326,10947.610881
523.693913,215,10948.048265
874.982203,388,10948.911587
928.227848,373,10949.734966
-30.23951,1,10949.775533
702.416703,283,10950.356906
776.16057,320,10982.080018
752.963381,314,10982.737577
-30.743919,1,10982.780148
-30.739262,1,10982.820746
714.881931,306,10983.469958
1062.0062,434,10984.434456
901.353939,382,10985.198052
664.178607,292,10985.872817
789.377507,330,10986.436509
688.570761,285,10986.998356
490.615841,190,11017.188192
688.520002,292,11017.789529
523.514426,213,11018.229584
1069.040734,444,11019.166577
853.982264,350,11019.861672
884.256262,352,11020.577598
764.515735,330,11021.1822
864.470209,426,11022.156785
690.095026,274,11022.88393
-30.225809,1,11022.925996
727.991881,299,11054.296359
827.787322,342,11055.066043
728.573092,325,11055.705169
727.927046,312,11056.338093
662.738638,270,11056.890595
840.162086,350,11057.815058
688.658204,280,11058.368494
496.386056,210,11058.76899
1068.886473,450,11059.675987
550.325192,213,11060.120891
787.662726,329,11090.466159
814.650818,349,11091.19218
511.108736,214,11091.632298
841.628144,342,11092.279823
865.829154,424,11093.203083
478.222111,189,11093.526381
703.394282,281,11094.277511
928.707993,374,11094.95833
452.72613,190,11095.276084
699.951334,320,11095.775346
822.965484,375,11126.232779
801.148122,335,11126.791144
800.614505,357,11127.418878
464.050042,186,11127.75308
438.314857,182,11128.086219
-30.74147,1,11128.130312
875.221077,385,11128.82562
762.360768,338,11129.440589
664.753493,283,11129.955293
544.653133,362,11130.736589
753.762778,330,11161.722329
478.566711,187,11162.072651
652.539165,290,11162.862501
623.523914,283,11163.58051
543.460616,376,11164.535192
688.238762,294,11165.188882
636.843644,287,11165.816078
689.096969,282,11166.368578
652.03761,286,11166.990113
437.870087,188,11167.404078
858.416137,356,11198.007764
562.43712,397,11198.955475
828.817513,348,11199.662349
452.099801,186,11200.026396
871.944228,372,11200.76443
212.066076,206,11201.242517
621.684988,290,11201.973213
484.876066,211,11202.31717
512.47339,205,11202.648842
611.099104,283,11203.174657
465.935621,183,11233.923078
888.032925,387,11234.635397
702.757529,275,11235.112204
702.5095,275,11235.595905
852.873609,403,11236.444243
790.524134,317,11237.005385
510.583424,203,11237.374347
676.059275,284,11237.910388
649.280484,287,11238.476394
703.314765,275,11239.019091
1075.571549,437,11270.148376
903.894495,421,11271.027344
883.651141,360,11271.653455
828.202092,350,11272.347646
491.028482,188,11272.718105
854.754663,346,11273.676247
451.407968,183,11274.045927
915.437748,389,11274.816062
740.944803,316,11275.405675
689.083367,285,11276.069385
870.422174,370,11306.783634
854.426449,363,11307.472598
715.052481,294,11308.091786
726.45882,312,11308.679294
854.226465,349,11309.324238
637.13759,284,11309.940179
524.848601,207,11310.369651
635.829976,284,11310.957816
828.190888,354,11311.670177
637.204859,284,11312.324047
689.052307,306,11343.646209
802.234889,359,11344.289517
-30.239265,1,11344.329095
510.567581,211,11344.693334
688.39437,291,11345.283845
438.105248,187,11345.632213
524.162562,203,11345.995274
841.724601,339,11346.608092
883.698649,361,11347.25304
725.298904,311,11347.812474
702.893486,286,11378.5344
827.877213,337,11379.109748
1048.298091,444,11379.996012
464.166727,186,11380.333322
-39.668062,69,11380.485459
1070.01317,432,11381.274159
612.990143,283,11381.865822
450.642855,184,11382.238056
451.307229,183,11382.600348
613.890217,282,11383.182683
1070.093475,441,11414.455941
478.138701,188,11414.846061
663.393407,282,11415.586406
689.138345,291,11416.227709
854.097715,336,11416.915107
841.696203,335,11417.608699
915.1984,387,11418.452224
659.366207,282,11419.110094
537.991056,206,11419.550255
878.634838,417,11420.513703
701.628102,301,11452.797768
715.22449,306,11453.356004
-30.749355,1,11453.397576
715.354056,293,11453.999075
869.635731,355,11454.69734
676.490899,271,11455.282975
-30.732292,1,11455.324059
663.711139,279,11455.86833
463.987461,189,11456.235231
1069.843514,443,11457.36383
881.650741,359,11488.089035
1069.198194,451,11489.135081
675.306608,287,11489.757248
763.875701,316,11490.45755
790.977033,313,11491.00324
775.542154,330,11491.593731
882.646778,352,11492.20982
788.727551,309,11492.7812
868.412798,359,11493.461098
689.89269,276,11493.946909
627.128257,280,11525.505579
1070.463433,433,11526.476074
882.840269,367,11527.129522
869.372691,364,11527.837554
741.106208,314,11528.498561
-30.748093,1,11528.540624
1048.740791,452,11529.4687
741.364573,314,11530.043028
929.229167,380,11530.771333
715.391753,308,11531.373274
-30.733471,1,11563.070422
870.061101,354,11563.785916
623.288183,283,11564.318309
904.621416,418,11565.178986
903.083722,375,11565.893329
854.260137,350,11566.565292
597.319343,290,11567.193979
523.308762,208,11567.584943
703.052015,279,11568.147691
1070.176108,450,11569.209075
451.217974,185,11600.098057
777.797617,330,11600.778759
-30.753685,1,11600.81983
702.780505,281,11601.398936
815.574949,346,11602.148494
869.721819,352,11602.908864
870.098815,355,11603.70614
524.158262,211,11604.179131
878.039493,416,11605.224532
763.446838,321,11605.94319
716.532656,295,11638.272137
675.840236,277,11638.927103
-30.730324,1,11638.967681
650.008642,283,11639.648196
878.834033,410,11640.608055
869.660845,367,11641.315663
854.677757,352,11642.012545
866.529797,403,11642.904023
523.75358,213,11643.322575
635.871416,285,11643.937112
703.129292,280,11675.639254
905.024938,418,11676.458724
840.495854,354,11677.304765
902.100422,387,11678.171126
464.660727,186,11678.517459
1062.389549,432,11679.345801
-30.754393,1,11679.387362
640.072084,278,11680.091287
916.666255,376,11680.96406
732.121087,330,11681.525267
1062.121196,445,11713.097386
703.086405,296,11713.670606
464.740147,184,11713.995894
1061.825185,458,11714.89544
689.386377,294,11715.559879
1061.607535,457,11716.437924
624.122328,290,11716.985379
702.585759,306,11717.564268
703.569552,281,11718.060772
1071.664129,430,11718.88371
1049.233304,439,11750.608652
715.796179,312,11751.156785
729.538512,312,11751.924301
-30.738565,1,11751.967404
871.931629,358,11752.572454
650.173237,290,11753.178302
-30.737022,1,11753.21987
497.820387,213,11753.580039
1070.505739,457,11754.435038
1050.302055,434,11755.2329
412.010859,185,11786.685726
1062.679957,444,11787.58469
613.6601,275,11788.210665
636.520012,286,11789.003492
690.806203,277,11789.6367
741.636776,320,11790.332047
901.798183,374,11791.185621
870.206484,346,11791.980258
702.241574,301,11792.720922
840.407407,352,11793.760277
748.092235,316,11825.149642
-30.734936,1,11825.192204
723.178086,317,11825.883245
536.616445,209,11826.322862
-30.76283,1,11826.365425
1071.04017,426,11827.277262
882.542502,360,11828.015145
877.601821,417,11828.941505
888.780403,382,11829.922804
510.930577,206,11830.284663
1048.895436,442,11861.741736
742.186195,326,11862.355832
1070.093132,434,11863.309966
719.022301,308,11863.906559
1075.823844,433,11864.824294
882.40989,349,11865.528346
775.759219,346,11866.268893
-30.747421,1,11866.309961
875.932632,383,11867.147873
1075.482803,448,11868.106716
690.541346,282,11899.067092
890.209791,384,11899.855532
740.409879,327,11900.493512
739.112232,330,11901.156535
464.76461,188,11901.507346
-30.758114,1,11901.548488
523.632706,215,11901.97882
-30.263304,1,11902.020393
728.892836,301,11902.821203
728.548781,298,11903.450642
1061.286794,465,11934.82202
450.765067,189,11935.149769
1060.546124,458,11935.991078
1061.930049,441,11936.811335
741.629979,293,11937.36563
727.720863,302,11937.942836
477.853083,182,11938.258077
689.765361,285,11938.806773
902.047284,393,11939.596744
523.915702,214,11940.004571
829.804053,345,11971.146429
871.531166,371,11971.777452
427.300001,191,11972.116787
677.31906,296,11972.809163
915.970925,390,11973.863252
690.110572,288,11974.498596
1061.751479,456,11975.794231
903.500175,386,11976.588863
729.467331,295,11977.246715
635.600685,293,11977.788823
1036.583202,438,12008.133883
537.702122,377,12008.947788
496.96479,211,12009.311138
713.579062,319,12009.957823
1069.500986,425,12010.833058
823.439013,368,12011.563678
1022.299595,443,12012.629898
510.180674,203,12013.017517
1069.500784,447,12014.012487
470.598673,207,12014.426387
689.697747,276,12046.320777
711.464983,340,12046.910795
1061.268194,451,12047.770516
675.791161,286,12048.340787
703.60438,279,12048.851105
-30.740059,1,12048.891694
714.425011,306,12049.494293
464.406571,187,12049.837596
-30.7332,1,12049.879154
841.368075,344,12050.526514
623.079995,279,12080.594233
840.90001,348,12081.258955
738.379655,327,12081.849486
-30.2346,1,12081.89304
1071.091907,440,12082.98873
689.518944,290,12083.601023
865.475185,419,12084.510555
1061.244088,444,12085.415414
904.260503,436,12086.314481
749.330408,315,12086.978277
-30.751238,1,12117.115651
728.654427,299,12117.737479
-30.748247,1,12117.779046
-30.226318,1,12117.873775
365.009137,301,12118.599196
714.891773,308,12119.245337
732.908221,325,12119.848455
623.569073,284,12120.425101
1074.447067,451,12121.355193
728.49131,309,12121.977679
634.320734,278,12153.433519
883.201935,350,12154.238887
712.662653,321,12154.784811
-30.761666,1,12154.824888
524.038451,212,12155.181507
703.465137,290,12155.667268
697.626917,325,12156.243909
1061.717975,450,12157.119411
715.296992,306,12157.688837
917.753182,414,12158.616527
552.172089,384,12189.633104
1062.084372,441,12190.444782
625.514963,292,12191.033736
464.984153,192,12191.364875
465.197969,190,12191.690142
870.403823,368,12192.528414
1061.449134,451,12193.331373
664.213599,285,12193.917482
869.964087,368,12194.685078
854.561134,352,12195.451659
-30.752619,1,12224.541456
-30.239336,1,12224.582522
452.547054,182,12224.951499
437.888794,180,12225.307523
464.255571,184,12225.671813
537.097816,207,12226.108794
523.883207,210,12226.566829
716.169977,296,12227.190402
623.192661,291,12227.858701
651.275411,286,12228.427974
828.162519,338,12259.871842
882.735318,357,12260.591558
1061.874891,449,12261.698069
537.474249,208,12262.202157
727.945882,305,12262.878747
915.722006,368,12263.75791
842.269883,337,12264.564242
901.490945,395,12265.424037
510.916139,211,12265.844084
841.041124,352,12266.539515
570.704542,391,12296.651186
737.857264,319,12297.201171
523.491882,211,12297.574958
1060.890289,438,12298.391455
411.669293,188,12298.711213
-30.744453,1,12298.751794
900.963621,377,12299.424786
840.669629,345,12300.042855
424.941706,184,12300.373711
688.810614,295,12301.007021
-30.756485,1,12331.409604
523.586585,215,12331.844579
1071.630519,422,12332.650834
677.223808,283,12333.143222
626.941221,294,12333.694406
870.423893,359,12334.350711
664.870532,281,12334.856093
883.686483,350,12335.516363
700.341469,315,12336.130947
688.109567,310,12336.714796
-30.739269,1,12366.681373
-30.241112,1,12366.720452
-30.75061,1,12366.766036
739.152678,323,12367.443457
1048.730386,440,12368.390341
626.538578,282,12369.153937
790.613238,312,12369.743997
649.811971,287,12370.356454
889.877932,385,12371.105427
841.798048,347,12372.019994
865.766671,410,12402.5925
702.38057,303,12403.288144
-30.730108,1,12403.33373
728.124875,312,12403.939138
662.547861,285,12404.586245
450.523803,186,12404.953371
760.684014,327,12405.5827
702.339929,324,12406.196512
536.509352,213,12406.602093
727.55769,304,12407.191576
742.174592,295,12437.642554
-30.724674,1,12437.683114
905.199064,409,12438.548391
689.508796,282,12439.123209
1074.471676,453,12439.986164
-30.768176,1,12440.026232
649.332042,288,12440.538053
891.228048,417,12441.404544
745.42835,326,12441.976024
-30.738626,1,12442.017162
677.042585,277,12472.765877
869.497121,370,12473.395313
703.373429,278,12473.892869
1061.542758,442,12474.711262
649.491969,288,12475.257724
1061.981796,441,12476.22688
703.097856,283,12476.67358
-30.774841,1,12476.713646
883.489432,357,12477.274126
1070.288199,428,12478.180613
703.242275,287,12507.989501
689.532468,289,12508.457132
690.652643,275,12508.93661
689.205393,298,12509.520664
661.922461,275,12510.155958
690.679877,272,12510.666086
875.822679,395,12511.446061
623.437637,292,12512.01433
891.559075,412,12512.918684
662.866719,286,12513.580207
713.460556,315,12545.176778
904.979788,431,12546.064566
855.823444,340,12546.778197
703.551485,286,12547.319179
1074.369378,454,12548.262079
704.115683,285,12548.804669
916.730897,378,12549.574476
873.852749,424,12550.420531
931.136808,417,12551.25124
465.024375,189,12551.589592
892.08697,413,12582.098667
1069.564667,450,12582.99178
-30.730398,1,12583.036366
1070.413541,443,12583.871571
523.936441,214,12584.263383
905.097038,408,12585.08436
638.356763,293,12585.621013
451.128222,189,12585.955149
853.460999,349,12586.618237
714.958555,328,12587.221809
-30.761696,1,12618.131649
900.983019,387,12618.905025
903.553094,429,12619.773327
837.744326,418,12620.626162
802.052447,338,12621.252528
523.975922,213,12621.671311
648.160094,289,12622.193381
740.856622,313,12622.826247
904.691077,414,12623.678993
1069.128053,443,12624.532252
702.022677,293,12653.877713
524.264025,204,12654.338101
451.01501,180,12654.686793
661.898077,288,12655.346599
703.175477,282,12655.852164
626.79609,279,12656.425864
675.808347,274,12656.95384
-30.244953,1,12656.995906
675.693706,289,12657.578155
879.761628,412,12658.508808
713.629759,327,12689.261341
930.486766,427,12690.194781
687.679179,289,12690.851974
1061.934486,432,12691.798824
785.567368,327,12692.635818
928.818954,381,12693.378628
891.577975,421,12694.317854
1073.926056,452,12695.392382
904.121283,425,12696.266021
866.113102,409,12697.087259
853.670703,359,12727.456862
752.518998,320,12728.026451
626.116358,284,12728.543734
1070.080746,442,12729.334866
888.448501,392,12729.983808
879.673673,403,12730.755845
478.06291,179,12731.052722
451.297902,188,12731.378239
854.494597,355,12732.087633
675.086445,284,12732.74111
622.793484,284,12763.605853
1047.840657,458,12764.593334
753.474365,314,12765.399463
1049.571958,439,12766.255902
704.377343,282,12766.794476
891.758663,421,12767.678114
870.895188,351,12768.352514
673.33894,280,12768.90175
464.655752,184,12769.271459
741.747231,302,12769.899322
-30.256935,1,12799.16496
424.59765,184,12799.596689
877.964727,413,12800.515841
610.241618,290,12801.094174
827.985411,353,12801.818191
702.415346,285,12802.5089
612.758039,291,12803.072935
915.871891,383,12803.773457
915.582859,380,12804.45389
477.240216,186,12804.776159
1060.538983,464,12836.546574
840.222318,352,12837.157381
765.594805,320,12837.72188
675.170343,287,12838.233195
1060.141137,469,12839.079424
484.227141,214,12839.46575
714.552567,306,12840.047374
450.225091,191,12840.383408
842.982517,363,12841.062414
676.623397,280,12841.592801
856.724873,353,12871.715654
1070.620983,429,12872.551234
1060.33909,455,12873.418281
637.338415,292,12873.978088
676.133602,298,12874.620712
1069.594438,447,12875.521583
554.069149,373,12876.307357
510.14379,210,12876.713837
662.716642,285,12877.378742
-30.755642,1,12877.419808
853.386721,352,12908.494738
689.981632,278,12909.03886
891.31076,411,12910.084116
890.842409,429,12911.042373
1071.43687,425,12911.885976
914.455553,392,12912.708355
690.053436,285,12913.346356
688.574295,292,12913.969746
869.148309,361,12914.681676
779.463226,319,12915.228971
-30.740906,1,12945.749032
853.365665,354,12946.703456
-30.752016,1,12946.745517
703.617624,272,12947.260076
702.763008,280,12947.76656
715.596091,293,12948.323745
1057.142221,436,12949.20122
748.829035,326,12949.759739
864.678699,419,12950.586005
516.528125,356,12951.358433
1070.21984,439,12981.798174
890.886021,416,12982.675554
702.367263,304,12983.315962
425.402491,184,12983.701433
725.99989,314,12984.257886
-30.759689,1,12984.302471
451.00621,186,12984.6388
869.756219,371,12985.389758
762.832074,330,12986.167053
334.828739,265,12986.678326
-30.243713,1,13016.816973
690.574431,285,13017.533511
-30.265804,1,13017.573565
510.462015,212,13017.985335
877.371286,430,13018.890607
887.732644,395,13019.676002
914.632156,380,13020.438977
674.779347,281,13021.074175
869.766133,356,13021.74421
1073.850733,450,13022.664712
915.68299,382,13053.429267
715.638774,306,13054.176395
715.180284,308,13054.789035
723.885321,317,13055.453145
689.435477,302,13056.022823
438.586151,186,13056.345544
672.863486,318,13056.874298
1056.361368,445,13057.716859
451.557017,186,13058.032044
842.22516,342,13058.650839
662.699465,289,13089.044007
702.995096,286,13089.543703
477.905005,188,13089.83558
1070.469335,437,13090.634177
523.742268,216,13091.01285
524.487524,208,13091.379451
1061.850705,438,13092.244078
-30.216005,1,13092.285681
623.155909,283,13092.879369
-30.754324,1,13092.920432
652.559795,283,13124.116847
878.340694,412,13124.971901
451.122411,183,13125.30026
702.22706,303,13125.887673
1071.123918,438,13126.791186
649.487659,294,13127.407532
865.00984,418,13128.352536
1062.685719,434,13129.210112
1069.982782,441,13130.098801
727.505786,309,13130.740134
-30.749744,1,13160.219242
762.503798,311,13161.013339
688.417233,304,13161.634118
733.760752,314,13162.242866
840.854083,350,13163.052969
650.700396,286,13163.563801
826.836919,358,13164.285298
869.502233,346,13164.937644
637.603442,279,13165.516389
869.271923,365,13166.232826
1048.142658,461,13197.437267
878.682008,410,13198.388364
787.257199,319,13198.95328
510.861852,210,13199.335672
647.153833,284,13199.937642
-30.769868,1,13199.977704
689.209063,301,13200.548226
742.311487,304,13201.168924
769.005115,317,13201.828239
1048.323152,453,13202.886304
621.601636,281,13233.61519
484.098286,215,13233.988524
702.667908,279,13234.460985
702.655857,286,13235.009934
853.457084,347,13235.675642
840.462901,353,13236.296021
650.077373,288,13236.850393
703.078495,274,13237.391983
1070.142119,443,13238.461786
675.376607,290,13239.020882
689.371557,283,13268.919466
748.717187,317,13269.533994
1048.141847,444,13270.655582
740.848172,314,13271.322737
870.504794,360,13272.027617
883.385616,362,13272.772286
696.144156,318,13273.377783
477.566169,180,13273.730471
714.041482,313,13274.36411
1070.559529,428,13275.306284
497.448919,207,13305.973816
840.266277,355,13306.685292
869.872359,362,13307.373671
864.496703,420,13308.273597
813.850053,355,13308.94351
1070.391482,430,13309.989913
688.843645,313,13310.555271
561.403146,394,13311.358366
715.369856,307,13311.923096
477.292914,186,13312.253375
437.973665,182,13342.552688
-30.251389,1,13342.594251
889.441271,375,13343.345226
649.81883,288,13343.883463
703.136184,282,13344.374122
739.759231,329,13344.955208
662.768241,285,13345.533778
878.29211,403,13346.34494
726.888967,320,13346.900584
888.388617,393,13347.598285
-30.749443,1,13378.147096
901.735115,391,13379.032975
608.611703,285,13379.703873
425.011758,186,13380.068003
1075.684732,444,13381.302195
596.078915,290,13381.873039
878.202611,421,13382.757578
1075.110725,444,13383.66698
1049.068253,438,13384.536725
854.27011,349,13385.245528
1023.013717,441,13416.840648
1070.883845,433,13417.771245
864.871952,413,13418.623791
1070.575085,442,13419.568773
663.002771,283,13420.172941
677.237131,283,13420.702717
688.736315,305,13421.24534
823.189836,383,13422.131155
650.812218,272,13422.581742
1057.57152,432,13423.333674
-30.753697,1,13453.919413
902.334111,372,13454.666212
1069.84347,442,13455.49864
1061.378669,453,13456.343929
510.412376,211,13456.714231
726.491558,326,13457.514236
915.173586,379,13458.153685
496.878776,216,13458.519755
1070.654681,428,13459.478394
904.633611,419,13460.482326
882.347621,360,13491.174764
813.836158,363,13491.942039
883.20104,365,13492.642344
450.856876,182,13492.99907
688.067301,293,13493.648417
714.995938,309,13494.300787
726.719177,324,13494.936819
649.81486,292,13495.598846
1069.901406,444,13496.538317
-30.762864,1,13496.580375
915.217412,378,13528.607046
871.384074,367,13529.364885
522.953735,218,13529.835837
715.026758,315,13530.458472
713.626845,309,13531.060408
704.312384,276,13531.550488
1020.067333,459,13532.417838
1034.499372,440,13533.278528
636.021046,299,13533.810708
747.481769,320,13534.356612
663.325937,278,13564.237099
-30.73753,1,13564.277665
497.295629,207,13564.622948
1069.167878,451,13565.541681
1047.510181,435,13566.396479
849.153258,389,13567.119491
357.989907,284,13567.630743
334.077185,270,13568.260012
484.063211,209,13568.626751
869.069819,356,13569.245785
649.427348,290,13601.292992
622.791,279,13601.800637
1060.852337,459,13602.629363
1070.220974,432,13603.428874
801.383717,350,13604.078357
889.077898,382,13604.977582
863.367381,427,13606.005661
497.621683,213,13606.423991
850.929813,417,13607.36211
561.58139,389,13608.286332
-30.737459,1,13638.962341
735.784881,360,13639.857577
891.452829,406,13640.907289
450.678258,187,13641.297704
690.153656,278,13641.755421
1048.958016,446,13642.591203
1070.457446,443,13643.500542
1056.418393,452,13644.464632
537.445244,205,13644.837953
411.958976,187,13645.183865
-30.736925,1,13674.320656
510.692016,211,13674.766672
1061.548792,454,13675.579497
888.586825,389,13676.254924
689.28491,302,13676.827271
718.339026,310,13677.513398
598.54182,278,13677.966316
1070.766442,434,13678.736881
800.71306,360,13679.373293
524.237104,207,13679.731245
891.353068,421,13711.27644
700.25211,317,13711.893284
-30.241203,1,13711.937359
450.911791,190,13712.313485
691.175272,277,13712.937433
854.276931,350,13713.732599
703.948859,277,13714.331378
646.122737,287,13714.984798
716.205718,295,13715.66804
903.76164,382,13716.512312
864.550509,414,13748.580317
1069.759075,428,13749.441675
649.867847,289,13750.068781
664.435579,281,13750.816387
463.578396,188,13751.22222
1048.63258,452,13752.292277
753.659164,313,13752.954004
882.274299,368,13753.762511
862.186257,392,13754.515049
471.174143,205,13754.881377
883.518676,361,13785.416417
1009.083248,442,13786.484766
437.893883,190,13786.811651
827.616745,363,13787.398053
752.791452,320,13787.893302
840.418339,347,13788.507411
450.672307,189,13788.955146
1034.21655,451,13789.845614
703.489471,274,13790.336911
510.474561,213,13790.665351
