#{"t_start": 1777935675.1414967, "env_id": "None"}
r,l,t
13.301777,156,4.767331
-8.020738,1,4.787908
45.378439,345,5.107455
18.718996,138,5.272551
21.142156,274,5.530849
10.728479,194,5.717018
10.189303,204,5.908771
-13.976618,600,6.498292
22.603022,428,6.900901
-7.9993,300,7.163512
51.994462,141,13.106473
14.678439,107,13.218338
26.092674,107,13.327117
51.014527,186,13.54191
-1.468664,46,13.599365
40.442868,156,13.773515
16.174618,97,13.874988
16.274332,98,13.97995
56.166734,173,14.161925
9.851144,68,14.253194
4.380761,67,18.618096
16.086104,88,18.728524
23.074194,95,18.835319
51.512993,163,19.032441
10.559649,82,19.137922
16.17918,98,19.238314
26.462472,91,19.344158
16.523053,79,19.43188
23.259053,95,19.536994
5.283148,57,19.622155
38.676035,82,26.738254
60.267085,126,26.899618
15.253834,62,26.993918
14.755782,56,27.08541
24.159105,81,27.189475
26.879438,84,27.299037
27.697389,79,27.422974
24.724023,67,27.507964
27.211367,73,27.610761
61.211344,115,27.758369
44.02978,94,35.724822
38.484322,79,35.817671
45.148736,87,35.93426
38.648811,88,36.089494
30.241148,70,36.173339
20.804957,55,36.25077
38.719396,88,36.347728
45.348543,90,36.46086
24.688162,72,36.543151
26.633572,73,36.622853
28.136625,68,43.303137
43.921051,90,43.434795
-16.045513,1,43.462397
22.641971,72,43.562539
61.352593,116,43.714448
21.320692,66,43.817737
35.544916,85,43.943131
22.663728,75,44.053094
75.657448,141,44.238526
33.749397,81,44.317561
29.335685,64,52.399174
28.187932,63,52.491661
28.092202,69,52.607866
28.878499,68,52.698619
52.705525,95,52.849106
14.286466,55,52.933563
28.165729,61,53.033262
28.767153,64,53.122938
52.546079,99,53.274945
29.03106,65,53.380514
60.004742,109,59.988753
35.218425,79,60.088171
61.49437,104,60.231333
28.246944,65,60.338816
100.401758,144,60.530411
26.931967,65,60.621186
26.758009,68,60.713735
80.383024,129,60.887908
61.597389,101,61.022944
28.891462,66,61.10892
16.095924,49,68.961701
59.453869,104,69.110806
87.855642,144,69.295064
68.722014,125,69.425243
14.405096,50,69.497056
198.935967,284,69.776591
68.993196,118,69.913355
77.535553,129,70.060064
43.63255,91,70.169382
81.120247,139,70.326472
47.706962,86,77.683226
227.693916,335,78.015907
201.205405,286,78.296266
-16.050764,1,78.32286
47.031475,85,78.412927
44.399521,80,78.505909
70.656147,123,78.628389
108.410789,147,78.807133
43.860226,80,78.90168
261.990399,324,79.233954
109.629823,171,85.308491
108.478395,145,85.509627
46.856609,85,85.62388
227.539785,341,86.004539
44.32299,86,86.104096
108.175854,153,86.283358
81.93251,125,86.42911
15.874886,44,86.482634
47.607325,85,86.58553
81.005027,129,86.731898
15.34838,47,93.593578
14.162689,42,93.655412
15.340397,48,93.721817
14.57723,42,93.780291
262.122483,311,94.100591
233.13633,340,94.443388
47.051778,84,94.608866
47.414275,85,94.705964
14.692015,42,94.766003
14.86841,42,94.826267
15.553747,46,100.035356
14.471756,42,100.113014
115.133172,156,100.328229
108.411044,152,100.535488
70.151319,118,100.680416
47.12122,86,100.782346
14.519834,47,100.861006
70.795902,113,100.996216
81.796487,124,101.176066
233.10311,338,101.587966
50.664212,81,107.970756
240.777897,330,108.322579
15.546547,46,108.385525
226.690354,295,108.671191
200.251482,272,108.940314
14.572107,42,109.00377
186.106029,213,109.243692
291.604372,382,109.668829
102.894627,147,109.836171
70.963833,110,109.950763
102.430489,148,116.330582
71.029246,108,116.443563
395.647922,461,116.91523
286.491627,313,117.221883
289.065451,363,117.593179
296.518309,364,117.95719
81.298193,115,118.100625
102.613592,144,118.258872
-8.077236,1,118.28706
224.649519,282,118.569797
295.846146,368,123.301116
50.745461,81,123.412998
70.956247,106,123.546158
50.251762,79,123.656665
296.371461,367,124.07994
309.779519,387,124.538333
102.717159,145,124.734895
309.996619,383,125.20507
295.41061,358,125.695029
102.595233,146,125.890564
75.560277,110,131.858325
70.34163,106,131.983672
50.388619,81,132.083406
296.274164,354,132.433937
6.177597,27,132.48263
284.07128,310,132.784516
15.790658,41,132.855091
642.4035,724,133.582767
787.930296,886,134.476685
790.856788,875,135.363204
288.212303,355,139.755487
14.14264,37,139.814052
107.322747,135,139.957999
49.98295,81,140.054605
393.00257,467,140.535138
102.038594,145,140.701971
310.664743,380,141.087416
285.939527,309,141.399065
15.931516,44,141.459931
300.860394,362,141.8056
102.065642,132,148.112305
14.142433,39,148.184574
102.035164,135,148.366414
70.626435,96,148.487145
14.70389,35,148.547802
50.078569,76,148.657397
15.412975,41,148.716658
-16.053541,1,148.746835
300.972683,335,149.079326
711.787784,533,149.5903
710.382136,524,156.022955
101.959234,129,156.168622
14.616212,39,156.229042
710.685067,520,156.718233
310.041749,348,157.065857
49.913333,74,157.175716
787.496933,814,158.003584
70.390756,91,158.16151
284.873175,273,158.427377
102.029471,132,158.581727
15.572881,42,162.716487
284.630407,283,162.994315
15.222136,35,163.053579
71.755108,99,163.165182
14.391563,34,163.220305
102.184996,130,163.376908
49.888671,73,163.461815
14.409631,36,163.519324
-16.058109,1,163.547098
15.530951,43,163.607734
788.604678,777,170.386675
15.434676,36,170.44686
105.03637,111,170.575308
786.137167,777,171.341712
75.090563,98,171.446074
70.316598,89,171.541877
785.630762,790,172.354175
50.004015,68,172.433323
50.074587,74,172.517585
285.698375,268,172.785829
49.761778,70,178.785938
14.578334,34,178.8392
314.102736,326,179.159698
285.909333,255,179.41681
71.002821,89,179.504861
103.186101,119,179.64594
68.239217,91,179.742842
785.274289,761,180.493352
6.173188,28,180.55355
1073.933585,834,181.410015
70.846586,89,185.997881
14.629169,37,186.059882
710.432675,485,186.52169
14.501312,39,186.573169
50.784782,71,186.656253
101.835515,124,186.801396
71.089826,93,186.962141
76.415628,54,187.032044
101.90591,124,187.171444
101.327067,121,187.316985
46.458719,63,193.087589
308.691876,312,193.406529
284.78577,258,193.664072
50.667989,70,193.745368
1071.839385,820,194.599888
14.417379,33,194.648081
103.291946,118,194.793986
15.813358,37,194.85816
284.620579,259,195.109459
1072.378293,824,195.947858
787.179669,767,200.941818
1073.193211,837,201.842419
101.47197,124,201.975803
792.86789,764,202.759672
14.606657,40,202.812913
308.10684,309,203.129855
240.512164,217,203.349509
1070.928436,832,204.16181
14.239423,34,204.228384
787.538009,768,204.989946
711.087512,463,211.225754
50.020045,70,211.307859
786.299488,750,212.072627
4.621184,29,212.117906
101.819582,120,212.262322
79.776813,50,212.329888
241.674144,207,212.556232
314.97417,306,212.952667
1074.460002,811,213.757547
5.412315,27,213.804694
75.345035,89,219.77805
308.923208,291,220.064879
81.882309,98,220.159268
75.757126,88,220.252453
102.504612,113,220.386303
71.092804,91,220.476994
1074.363173,766,221.23388
-16.061085,1,221.258516
14.541762,34,221.313204
6.175393,25,221.363828
81.329052,48,225.158748
102.533701,115,225.295573
75.831465,90,225.391436
102.45758,113,225.531075
102.36631,116,225.671434
101.894764,117,225.808343
102.302713,114,225.94555
81.036144,46,226.001857
101.730465,120,226.159405
50.270284,68,226.237905
78.552076,53,232.131401
106.428191,99,232.25223
308.767451,287,232.554539
1073.244127,756,233.300582
74.33766,78,233.395287
71.096976,88,233.491978
15.772851,35,233.547385
14.665742,31,233.598194
-8.060606,1,233.624523
70.200072,87,233.719122
101.745039,118,237.781732
75.567391,91,237.897412
14.751441,31,237.955491
101.872077,115,238.084186
1074.014462,779,238.884478
315.281953,285,239.182624
70.507325,85,239.272768
71.965433,90,239.433775
286.987048,235,239.671602
73.230732,81,239.759849
315.949525,275,245.83036
241.233797,188,246.033725
71.334634,83,246.128225
712.774333,413,246.537521
70.176205,84,246.632376
710.922249,408,247.018596
101.866014,116,247.158249
78.968689,51,247.224247
315.885882,273,247.513376
75.910767,90,247.604429
14.587783,34,253.664901
70.901519,86,253.756232
102.135415,109,253.881072
239.344753,190,254.074736
711.718498,409,254.46441
267.667594,234,254.728662
14.618624,36,254.786039
15.618173,35,254.839742
14.605427,33,254.896374
70.832274,84,254.990867
1074.12564,734,260.203099
-8.041357,1,260.226674
710.745722,407,260.691938
101.907599,108,260.846842
75.814558,85,260.948756
102.263563,109,261.107041
239.464822,192,261.354672
1073.264376,711,262.083792
575.418066,487,262.599736
103.737149,101,262.719163
1073.761346,695,269.119522
712.049211,393,269.499572
315.388957,264,269.774183
9.610377,31,269.822386
102.117896,106,269.95301
3.755991,26,270.000991
8.27675,27,270.044052
315.017598,264,270.321636
4.989034,25,270.365576
81.725504,92,270.46264
101.724412,108,274.956135
711.356908,392,275.346601
-16.075602,1,275.370127
1074.025635,674,276.086915
105.305084,94,276.194875
102.127324,106,276.327932
50.75555,64,276.407119
15.502352,33,276.460078
49.949317,65,276.537589
239.624993,183,276.724475
75.684285,83,282.602292
13.991717,37,282.66405
15.62877,31,282.716916
245.933254,176,282.912095
15.350071,33,282.96585
711.690439,372,283.323031
15.689985,36,283.373722
287.012249,209,283.58303
712.963356,387,283.965456
81.956183,44,284.024891
342.102585,263,290.231256
73.299088,75,290.317625
197.709942,159,290.475045
102.094977,101,290.608163
315.926681,246,290.862388
242.941113,179,291.056703
1074.747248,647,291.702872
196.504574,156,291.950299
70.888214,79,292.040954
107.692789,91,292.145561
71.338593,81,296.3973
244.672994,175,296.616671
82.072443,88,296.727459
106.706426,90,296.833883
103.02852,103,296.95561
287.248147,203,297.166599
109.074553,89,297.282057
285.871518,197,297.487631
15.267176,33,297.531271
321.577198,254,297.816927
14.362266,34,304.067316
102.162152,102,304.190421
711.304772,367,304.551297
1073.46758,647,305.220117
1075.993523,638,305.870636
284.912905,202,306.081238
322.104588,248,306.337638
50.119199,60,306.412337
789.267788,589,307.024959
286.212146,203,307.241019
101.893559,97,313.122897
101.928217,99,313.244737
71.294385,79,313.329056
711.357341,364,313.673199
15.488912,36,313.72288
102.276531,101,313.845956
102.090709,97,313.962173
72.384411,78,314.043016
14.558403,32,314.089053
49.824583,62,314.166456
81.625975,44,318.629333
101.736543,102,318.766819
82.685142,43,318.842737
75.761614,80,318.937185
315.659391,245,319.246283
49.836293,62,319.39902
241.167741,169,319.612568
788.763423,576,320.299027
14.492726,31,320.351325
70.667871,78,320.440804
577.239847,408,326.712915
1075.618384,621,327.359121
15.784158,34,327.413328
712.286405,351,327.761013
15.641589,32,327.812185
302.780375,222,328.045901
14.641572,33,328.1036
15.807382,33,328.151084
1075.220573,609,328.773001
50.305572,59,328.845697
241.285659,165,333.195592
77.076817,72,333.284238
1076.576634,605,333.906693
14.812233,31,333.957906
71.575022,79,334.049378
98.816317,92,334.164272
242.00521,168,334.34969
23.592551,41,334.412657
326.131493,239,334.67445
712.686331,344,335.023691
102.168006,97,340.906564
15.504859,36,340.960342
15.639875,32,341.011254
68.69699,75,341.101366
311.715177,228,341.325604
713.810099,350,341.683441
14.71332,30,341.736808
82.549386,46,341.797467
83.716255,43,341.857164
102.688805,93,341.969687
102.452709,96,348.113863
82.728772,82,348.253061
102.143792,96,348.367234
49.91806,59,348.434018
102.329105,92,348.554896
402.050499,290,348.851598
101.873431,94,348.962126
713.466113,345,349.284405
217.521454,160,349.455471
714.019529,342,349.799123
15.384543,32,354.01853
244.557381,166,354.205524
713.146606,348,354.544797
105.599419,103,354.653991
240.916977,164,354.834755
714.679817,334,355.158556
59.404045,66,355.239238
287.724586,187,355.431046
105.683159,87,355.529114
102.141298,93,355.644171
108.496655,100,361.61704
654.354748,447,362.091381
102.320628,95,362.207509
791.725921,535,362.746266
712.671738,342,363.089333
15.726826,33,363.145503
1076.948712,587,363.755436
290.486055,207,363.977733
102.750753,91,364.088145
83.259855,85,364.178864
46.400931,58,368.229054
106.481796,101,368.338362
713.586283,338,368.666361
83.4017,44,368.720523
14.492786,30,368.777644
72.267047,58,368.848883
287.685192,189,369.046228
1076.926953,588,369.644568
217.975473,160,369.827853
14.829818,34,369.891123
347.373747,234,376.205424
241.076425,163,376.41798
75.448671,82,376.526859
76.007024,76,376.61791
287.829726,189,376.837294
105.544477,94,376.959828
15.869609,31,377.01425
82.643948,84,377.103256
68.237125,59,377.180717
402.196245,280,377.478914
80.661665,76,383.804696
54.235616,73,383.880707
793.05334,523,384.408409
1077.269937,570,384.995392
229.981151,154,385.153708
324.612284,224,385.425818
16.202733,33,385.48064
15.517589,35,385.535582
342.439447,244,385.784981
232.999873,187,385.974745
-16.079219,1,389.72438
102.59802,91,389.840385
286.304557,192,390.044205
102.552387,92,390.160267
50.473836,59,390.239118
896.858818,423,390.663649
790.481069,531,391.202082
232.410912,190,391.386136
79.864124,75,391.480927
1077.042987,564,392.063754
-16.075983,1,397.901538
105.881349,97,397.999341
714.33772,340,398.331248
286.953953,185,398.523829
106.856423,101,398.628501
344.023573,236,398.877782
791.734978,507,399.410431
107.025693,95,399.581755
50.926456,62,399.660597
714.461624,338,399.985917
71.828786,76,404.31774
312.564553,212,404.574287
713.039416,325,404.91255
233.767082,154,405.084306
222.616148,182,405.27922
1076.722048,557,405.846362
342.818565,233,406.091705
241.059415,164,406.257809
343.843079,238,406.512265
74.591212,70,406.599165
714.985997,326,412.687926
106.56114,100,412.793335
1077.886361,556,413.361044
344.276512,228,413.606637
1078.01926,550,414.159782
71.45524,72,414.239699
239.070579,184,414.420241
242.659293,163,414.587786
239.542195,184,414.771632
713.749171,321,415.084857
1077.479053,542,421.354833
102.621877,90,421.465631
-8.055014,1,421.485598
239.020497,187,421.689655
47.924512,58,421.767781
410.260099,268,422.047653
232.825918,152,422.209248
777.173643,500,422.726411
1078.378177,544,423.26879
102.77741,89,423.394041
83.792856,41,427.50996
288.417842,181,427.707542
567.025784,262,427.958833
102.588091,89,428.071122
289.090399,180,428.253974
50.917866,59,428.321373
23.866345,38,428.3856
102.393251,93,428.495461
505.663766,225,428.737151
897.59398,403,429.133885
898.506799,405,435.491958
1078.604765,535,436.032914
287.501771,180,436.221744
411.249107,266,436.50023
240.920625,157,436.669941
14.607147,30,436.725087
76.140525,79,436.813184
414.202162,274,437.094482
106.640591,100,437.203273
22.828279,40,437.263861
102.298577,89,443.104788
81.397183,52,443.171428
1078.337497,544,443.706286
234.450912,180,443.880054
288.122867,181,444.068167
264.224056,201,444.249448
83.10624,46,444.316264
14.739057,33,444.370619
79.625408,75,444.47068
141.59584,121,444.603776
242.887644,155,448.75352
-8.065106,1,448.780159
81.383849,47,448.843071
242.738223,154,449.008924
286.794582,175,449.186591
107.337899,97,449.297316
50.792956,57,449.368017
59.042282,66,449.44803
80.898873,76,449.54234
505.962085,219,449.747672
71.652395,72,455.662359
235.381442,150,455.821993
345.195798,220,456.069355
1079.49638,538,456.668539
186.428008,137,456.822375
40.891903,89,456.922607
1079.52364,529,457.458466
344.580922,224,457.697485
50.644999,56,457.766763
111.427842,100,457.880026
1078.406179,537,462.862443
1079.382519,517,463.384299
15.709887,34,463.436402
779.293577,481,463.946651
149.26237,129,464.084902
200.435359,140,464.239237
80.541258,78,464.338994
794.663596,489,464.836733
81.794049,50,464.897156
314.324126,225,465.123343
1079.335756,524,471.036508
297.226325,194,471.233277
794.5341,491,471.730204
1078.786063,521,472.267375
119.138758,98,472.381083
714.387187,311,472.681925
715.39081,318,472.995153
15.502198,36,473.052045
567.959478,242,473.295075
414.208208,261,473.591362
279.572874,174,479.994856
110.264864,99,480.104129
1079.124723,535,480.625308
714.180904,317,481.00293
715.417849,311,481.302291
413.731467,266,481.583601
506.053087,219,481.796593
506.819177,222,482.008738
414.84178,261,482.283322
714.792208,307,482.585909
82.197951,48,486.421357
184.830473,144,486.573215
149.439421,124,486.718965
16.577698,32,486.784534
102.624519,87,486.893404
-16.04571,1,486.917106
71.172904,73,487.005584
715.084787,311,487.308824
260.51138,190,487.492515
1081.324056,520,488.036546
714.963926,314,494.249228
50.261189,56,494.324324
284.286164,185,494.527024
292.856473,180,494.717266
1080.08698,516,495.247897
714.534182,302,495.546889
50.485976,56,495.614366
1079.813258,527,496.183095
15.253351,32,496.23101
54.889227,73,496.317258
50.771431,59,500.33198
144.779446,119,500.466319
243.64895,155,500.641604
410.843977,259,500.908895
-16.051933,1,500.941019
897.68227,385,501.311499
897.910325,391,501.698479
58.191047,71,501.781249
50.733005,59,501.856929
506.779897,222,502.073147
110.41122,103,508.073698
900.630776,381,508.43579
715.554936,305,508.738764
244.115956,154,508.906147
395.800107,246,509.234544
72.311994,74,509.320893
79.889713,71,509.416146
1079.919841,526,509.959377
142.662944,111,510.089765
1079.345083,520,510.617202
344.064169,214,516.545405
71.672565,70,516.621651
120.209898,101,516.737279
507.458416,221,516.94641
107.078307,99,517.047578
60.703977,67,517.136229
1079.984491,516,517.689192
899.153811,385,518.074845
50.510902,59,518.145992
714.507908,304,518.448269
225.42744,165,522.67179
897.62939,390,523.04761
566.249119,254,523.303911
125.761098,108,523.412957
142.807527,112,523.545806
714.293835,311,523.865236
143.210276,118,523.999807
74.645875,70,524.079751
715.258656,305,524.380968
715.058391,304,524.68335
76.064421,75,530.461369
318.640037,197,530.660688
412.084459,257,530.939544
106.281799,100,531.045656
1079.36369,520,531.596189
715.103186,307,531.894482
274.510832,172,532.072594
15.754232,34,532.115458
898.066196,378,532.479692
50.191141,59,532.558844
72.574655,74,536.373283
101.661666,88,536.479997
714.178927,306,536.80094
345.239259,215,537.032322
232.484404,173,537.229244
1081.530988,500,537.740868
414.571761,251,538.009234
72.051292,68,538.08413
792.82874,476,538.617388
117.18007,109,538.742897
109.873055,104,544.769669
313.325406,201,544.986181
226.10044,165,545.160268
714.20994,298,545.444764
117.256894,105,545.576392
59.962783,64,545.652692
82.14471,45,545.709031
102.576107,88,545.82816
230.028046,146,545.985627
102.834251,85,546.101135
122.340573,105,551.832307
58.446512,71,551.918989
567.403169,250,552.165858
716.800833,298,552.457545
391.982966,241,552.741125
-8.075845,1,552.765845
50.306817,61,552.841117
102.664127,88,552.947551
117.58004,106,553.072075
197.665926,133,553.231688
226.145748,173,557.315369
411.797033,253,557.600576
80.903446,45,557.667084
324.598667,205,557.883365
412.587631,246,558.147463
199.083435,132,558.306375
4.822208,27,558.353406
143.317337,115,558.487841
242.272987,153,558.646639
1081.101732,489,559.163954
102.520266,88,565.018096
567.256002,247,565.314731
116.945055,104,565.43673
90.385866,88,565.521649
629.089543,354,565.884851
22.955064,38,565.946594
1080.32137,499,566.453885
1081.755685,490,566.954962
226.039279,167,567.13378
566.888747,246,567.376764
153.825337,125,571.629916
1080.103593,487,572.128379
69.870308,62,572.206921
149.730993,130,572.349079
566.967835,242,572.585419
81.989142,47,572.642941
117.985639,100,572.766094
75.153822,69,572.843131
345.69543,212,573.084423
141.846299,112,573.217907
143.562546,113,578.837161
242.862255,152,579.001657
506.61478,209,579.201585
81.158087,70,579.301191
82.173863,49,579.363967
242.088851,145,579.523086
119.209195,98,579.636622
233.885535,169,579.825231
1081.762798,491,580.32245
313.518921,194,580.522642
242.62597,149,586.587101
82.02069,47,586.650734
505.879714,211,586.856007
507.287611,214,587.058479
102.832695,85,587.169734
321.026056,200,587.359822
82.832855,51,587.423071
345.819,210,587.65512
242.498924,149,587.814688
243.330972,144,587.972035
413.859042,242,592.11872
110.632502,96,592.233209
81.421418,54,592.301624
412.313733,242,592.555032
715.520484,289,592.902474
110.360604,96,593.018754
345.693748,208,593.247159
583.784941,330,593.594421
390.774678,233,593.858924
714.380813,295,594.149134
716.313911,285,600.214014
1083.879521,470,600.693503
244.190082,155,600.859985
119.051809,99,600.974499
412.723307,246,601.23852
246.754862,153,601.396498
402.272933,239,601.666188
508.471605,205,601.866962
110.858763,96,601.973652
69.519793,58,602.04495
507.234836,205,608.244777
507.018258,205,608.445249
82.304994,50,608.50546
1082.144872,480,609.010405
70.244304,58,609.076987
82.14227,49,609.131272
109.996707,99,609.252239
714.368808,299,609.543611
-8.049729,1,609.57148
506.882839,206,609.778139
114.858496,91,613.893757
1082.078353,484,614.404601
508.614767,208,614.6107
244.860408,152,614.772359
81.806948,49,614.838181
716.468451,297,615.13057
415.119454,250,615.396905
70.147675,62,615.47319
1083.118857,465,615.96489
110.68301,98,616.075441
146.171742,117,622.14421
282.308845,192,622.332601
412.06774,243,622.584655
288.617224,172,622.761997
197.427339,127,622.979384
508.147983,207,623.185491
50.118928,60,623.258018
117.2687,98,623.372736
243.241206,148,623.530797
342.349325,199,623.736567
51.017389,58,627.976189
414.199347,243,628.230607
423.025671,237,628.478715
715.872226,294,628.793716
1082.377145,468,629.289346
1083.688918,478,629.777082
412.740977,242,630.045822
320.386086,199,630.260923
567.217555,238,630.51154
345.362739,202,630.733842
143.074738,116,636.406957
60.272168,63,636.484063
393.756144,229,636.726869
567.510607,241,636.962225
107.913972,82,637.058377
50.9897,55,637.122722
117.584351,103,637.245788
568.140454,227,637.469995
242.951305,180,637.650577
154.634956,129,637.777426
102.625588,87,643.559462
154.462272,123,643.680881
717.231093,283,643.943554
568.139841,234,644.158835
356.876039,207,644.387957
107.218249,82,644.48221
188.837418,143,644.627416
412.940926,235,644.881579
898.532487,370,645.235667
1082.307374,459,645.708647
42.394701,80,649.686183
125.796011,106,649.794191
506.352432,201,649.9905
297.067648,176,650.189522
118.884968,97,650.303325
506.836724,208,650.503331
343.793716,208,650.727004
314.919621,192,650.916236
716.520391,291,651.197164
282.351928,190,651.390382
299.40583,176,657.23813
125.9461,106,657.425263
412.820885,241,657.697523
120.421331,95,657.814008
715.644138,278,658.093673
244.766208,150,658.254109
-16.061853,1,658.271216
125.777392,106,658.394507
225.562312,157,658.555507
110.42338,93,658.664174
293.603043,172,662.832161
415.88488,239,663.082661
119.068365,96,663.202455
99.502909,79,663.303284
244.056979,146,663.458907
119.067184,92,663.573882
145.304567,110,663.6981
84.576482,78,663.799328
568.348017,233,664.029427
297.678248,182,664.212203
117.859436,101,670.670472
225.131734,162,670.851796
84.02409,43,670.911498
245.5575,155,671.078527
59.126933,66,671.156711
83.140479,47,671.215384
81.847951,48,671.278349
246.004061,149,671.440691
568.444608,234,671.669534
15.68445,36,671.725676
568.696674,230,677.610734
111.239805,97,677.722303
567.552414,230,677.950814
81.847929,49,678.013786
413.824385,238,678.262658
243.235304,148,678.419509
15.96155,32,678.468647
1082.644276,458,678.938612
1082.673354,466,679.421157
81.91145,50,679.48592
346.566684,204,683.644254
282.519256,191,683.88798
1082.771279,470,684.381049
1082.821433,471,684.878214
81.2771,73,684.967132
567.561079,225,685.190466
233.597327,164,685.372345
234.255056,171,685.544601
298.718445,183,685.732657
716.712726,282,686.014078
84.374924,44,691.717819
1082.693731,467,692.212151
569.146348,233,692.461109
72.230139,72,692.544467
71.580844,71,692.617254
242.782339,148,692.782625
233.523698,167,692.976313
110.852494,96,693.092219
50.457276,58,693.162725
117.623247,98,693.278667
1082.088231,466,697.530432
507.634051,208,697.733344
-8.056058,1,697.756893
1082.887064,460,698.244673
232.349645,161,698.411254
230.8529,166,698.601146
108.338321,92,698.700654
243.290892,150,698.859512
126.032433,109,698.974931
142.383168,111,699.103576
126.765901,106,704.873562
225.565962,164,705.042549
716.323333,278,705.315519
412.780755,233,705.5669
249.799853,150,705.726143
312.915491,192,705.924563
716.25152,286,706.210695
634.448846,335,706.565139
120.542594,98,706.714358
59.922529,64,706.791115
716.805509,281,712.674585
111.987623,97,712.790294
243.562305,148,712.94748
1.765851,60,713.021053
415.36015,248,713.279512
103.206582,86,713.384781
143.183647,108,713.513478
142.904334,113,713.707543
413.381854,233,713.952817
122.704236,106,714.063652
411.472764,230,718.372037
413.740876,234,718.615426
899.799334,360,718.971059
314.017495,194,719.168295
125.201904,108,719.29146
1082.943961,452,719.795384
415.27048,241,720.048872
5.810953,27,720.094492
313.662951,197,720.29746
230.832192,163,720.477371
229.88146,163,726.497931
245.677733,152,726.663114
1082.5705,466,727.153295
1082.245422,454,727.632087
344.828594,204,727.850981
566.970044,238,728.078095
226.354435,157,728.239019
568.774472,227,728.471917
237.697864,165,728.649953
578.257873,324,729.006184
567.172137,234,735.005224
142.287648,110,735.125348
296.439334,200,735.324013
322.672432,189,735.525694
42.721953,83,735.610748
312.925415,192,735.803705
717.286455,284,736.07483
900.438314,362,736.430418
234.005296,162,736.605193
1083.206486,441,737.073639
105.940954,94,741.073734
320.263819,191,741.28276
507.295479,201,741.482071
233.351618,158,741.654962
568.911764,229,741.895205
899.830043,364,742.250144
411.455355,242,742.508751
120.445961,102,742.678601
141.905203,107,742.806787
567.265316,233,743.031988
15.606542,33,748.779927
900.064211,357,749.127995
568.355145,234,749.3509
241.911916,151,749.516763
261.57179,174,749.705251
244.267321,147,749.863544
568.2443,230,750.092851
717.214481,282,750.371594
413.492013,237,750.621111
507.033843,210,750.826365
506.92041,207,754.860189
230.661867,164,755.067717
224.961083,162,755.254069
118.910604,99,755.379839
225.051452,161,755.55259
506.628687,201,755.768045
413.090538,233,756.012187
506.84564,208,756.220412
718.962358,278,756.497127
125.899306,110,756.613241
297.992244,176,762.396943
245.898822,151,762.554733
142.712869,108,762.68549
15.902014,33,762.736586
1083.147312,462,763.207688
126.403742,104,763.319677
70.680048,60,763.390464
69.635104,60,763.463972
1083.35519,460,763.944842
507.690164,192,764.133197
245.364601,155,770.013762
1084.34294,442,770.456235
102.189365,87,770.556961
247.597245,152,770.719834
82.872713,46,770.780275
717.079973,281,771.053703
83.250197,78,771.152409
23.681621,43,771.217175
232.85766,168,771.403452
415.430438,241,771.66974
507.136986,195,776.205773
312.909482,193,776.435167
287.632952,166,776.643128
149.581694,116,776.805074
1084.016415,463,777.376833
292.251694,174,777.580627
415.528935,229,777.902668
1085.432207,454,778.401716
-8.069278,1,778.428059
304.815339,179,778.624936
1085.608625,442,784.551852
717.258234,281,784.847647
99.950484,81,784.96368
507.717397,200,785.157934
75.475176,75,785.251577
900.867443,351,785.596591
569.037372,227,785.831502
15.634792,37,785.882897
55.54494,67,785.967128
106.6763,95,786.071818
230.890873,158,790.316158
899.714641,367,790.674139
1082.937152,459,791.149252
901.202618,354,791.490161
567.436922,229,791.720895
107.507321,80,791.817651
121.121452,99,791.936225
313.977716,195,792.138288
608.382407,319,792.480446
314.129184,180,792.673852
118.743519,101,798.661243
566.698813,229,798.877477
415.699873,234,799.127277
901.624026,369,799.491482
1085.135494,452,799.952574
717.026413,289,800.234642
507.2665,196,800.424369
24.035494,37,800.481157
15.597564,35,800.541692
244.585439,154,800.700545
287.549194,172,806.698707
293.178597,179,806.882546
416.583869,233,807.139776
1084.491669,442,807.621524
717.315532,288,807.900051
566.751762,235,808.131987
507.714099,195,808.328733
1085.689422,445,808.781606
74.680912,67,808.870462
509.004118,201,809.061136
718.135324,283,813.130893
508.579953,204,813.328297
186.877219,135,813.474389
415.471873,238,813.723125
188.241393,139,813.86955
415.351423,236,814.140339
95.886034,83,814.240163
1087.035547,444,814.715672
715.932072,285,814.989398
569.109397,233,815.226571
15.718308,32,821.201812
415.046582,243,821.460855
51.040285,55,821.527148
234.158251,163,821.731997
257.329296,175,821.928194
716.945554,273,822.193464
106.898172,95,822.293061
82.992389,48,822.359607
110.732389,96,822.481471
321.824697,189,822.675838
1083.833052,448,827.172497
143.44941,110,827.310616
111.147613,96,827.423556
715.607973,281,827.706283
899.736592,356,828.053245
716.498336,282,828.336828
118.838685,104,828.463712
508.038961,206,828.665345
107.06403,90,828.834344
313.281962,190,829.050418
1084.993075,439,835.259643
413.425297,232,835.514377
568.47785,225,835.732705
648.084046,331,836.061817
270.647266,162,836.250664
243.528481,151,836.412926
110.848719,98,836.523934
235.4253,158,836.706778
289.391064,165,836.8839
69.325976,59,836.957412
716.590051,279,842.706549
1084.095328,446,843.161516
314.060476,187,843.35895
188.619004,141,843.494685
15.697804,34,843.54886
716.859154,286,843.824719
567.673272,239,844.056679
82.196554,47,844.117711
1084.61151,448,844.576658
506.117912,193,844.760196
120.047525,98,848.57412
901.750373,355,848.92567
105.906445,82,849.028548
15.873518,32,849.078518
530.36695,288,849.385871
901.161019,366,849.751901
81.168706,74,849.848773
412.791881,242,850.095333
119.055662,100,850.214772
1083.995839,448,850.677125
716.732549,290,856.641793
506.697526,205,856.840995
16.104324,32,856.882987
118.079849,101,857.007415
145.280439,111,857.140038
125.963544,108,857.248526
416.784864,232,857.495187
899.286362,367,857.863451
242.339478,147,858.026768
568.529893,231,858.249746
1084.16478,450,864.272195
507.901156,199,864.451302
82.98861,48,864.517632
1084.947918,441,864.954594
1084.806368,448,865.483047
900.055738,356,865.839944
-43.080519,101,865.952729
244.973264,151,866.115389
507.963542,195,866.306042
287.88458,171,866.489521
293.494778,177,870.654229
83.035431,49,870.733239
317.447099,190,870.971403
81.876656,49,871.047518
357.358703,207,871.316128
900.799414,358,871.734302
72.237329,72,871.831229
716.492305,284,872.177216
1083.541197,445,872.644544
313.43538,190,872.838765
416.141928,239,878.486359
241.700876,150,878.648679
83.256535,49,878.719953
97.119284,89,878.820419
568.513802,232,879.052556
298.324238,187,879.240077
246.855923,154,879.404664
123.2508,103,879.512678
568.142021,229,879.733897
81.811106,47,879.798639
82.039949,50,884.06188
716.931996,288,884.348175
230.312473,172,884.515563
-8.062934,1,884.541288
224.934005,165,884.707745
233.325107,170,884.87452
117.69512,95,884.988707
71.112504,55,885.056048
124.733247,97,885.17349
900.391931,353,885.536756
126.391854,103,891.201039
902.003163,353,891.55552
81.332382,49,891.624874
242.789191,150,891.78249
716.563905,281,892.055629
58.857509,69,892.145033
263.065435,174,892.33268
507.772346,206,892.533118
507.117072,203,892.719974
84.449322,48,892.799887
71.104075,70,898.399351
69.069886,59,898.470393
899.405309,354,898.80223
416.060593,242,899.046877
58.033652,67,899.127132
716.366168,281,899.401182
297.984799,178,899.600689
49.945024,58,899.672956
414.21061,237,899.921915
299.236728,189,900.108062
507.264588,214,904.099425
22.503704,39,904.160741
17.003365,34,904.268057
1085.594552,432,904.717796
-8.055117,1,904.74497
16.045279,34,904.80016
716.897157,291,905.095217
901.170068,363,905.455676
415.929592,236,905.70885
82.942737,48,905.770658
413.880002,231,911.740797
506.931656,204,911.940555
508.114852,200,912.145147
507.449715,202,912.342254
1084.253462,451,912.807632
-8.046126,1,912.839056
124.874659,101,912.956277
233.302358,158,913.130719
110.054707,91,913.241346
413.455482,239,913.49449
248.323036,148,917.51945
82.449211,45,917.583817
50.318674,57,917.648349
347.675471,203,917.872938
357.563056,207,918.10566
211.768607,155,918.272269
110.001645,91,918.381243
60.41134,64,918.463143
229.046972,162,918.61702
413.343099,233,918.871861
104.093476,83,924.686811
568.045026,236,924.972451
423.911515,244,925.270564
119.264372,95,925.396734
415.597902,238,925.770019
716.698578,274,926.086566
290.107074,171,926.312212
232.494584,162,926.523129
1085.522959,452,927.023852
506.733468,200,927.216222
507.518805,197,933.172706
233.099422,161,933.347468
413.811529,240,933.592883
1084.0439,449,934.059483
110.45229,94,934.176015
102.739713,82,934.276747
416.156249,236,934.524842
16.847169,34,934.576392
900.474543,362,934.933357
899.867277,351,935.276756
411.637353,240,939.499333
415.978685,229,939.786671
-16.070204,1,939.811156
126.061816,107,939.928382
245.901445,147,940.085963
387.783066,183,940.281695
941.729293,378,940.661788
569.238188,226,940.880992
567.575484,230,941.104098
507.876413,207,941.307598
505.836356,199,947.233206
1084.712307,441,947.687373
1084.283663,447,948.152218
1084.089977,449,948.622232
156.073475,116,948.755158
8.358557,30,948.803142
567.271086,233,949.036951
16.672895,37,949.095996
416.397043,235,949.34488
143.089607,107,949.471723
17.100627,34,953.73505
24.086887,37,953.795728
233.20201,165,953.977107
900.523511,357,954.389066
716.200173,291,954.668868
716.270108,276,954.949505
567.458001,235,955.184488
103.136807,83,955.295485
233.819471,159,955.468027
507.573288,195,955.674938
1086.00866,435,961.945665
344.519706,201,962.162327
212.176446,143,962.320698
416.339565,237,962.584193
568.330882,227,962.81011
107.163762,91,962.907522
153.244123,119,963.038746
232.128617,162,963.216656
-16.063084,1,963.246527
110.175991,92,963.352103
715.62019,278,969.141519
412.995572,231,969.396106
717.590037,273,969.666988
234.137073,157,969.83616
716.4156,288,970.112208
1085.840561,446,970.584606
1084.598827,450,971.067641
716.721931,284,971.343857
104.237412,91,971.455454
125.130057,99,971.56958
899.981919,367,975.698876
50.319163,60,975.781556
284.969432,172,975.970031
-8.058864,1,975.996298
-16.076073,1,976.018716
120.501054,91,976.133659
507.315161,200,976.32591
1084.344412,452,976.789597
413.816725,243,977.03689
415.253157,237,977.291118
568.386962,233,983.209177
346.067931,202,983.428132
16.844797,35,983.48257
567.365439,233,983.715349
716.343865,289,984.026668
1085.742177,434,984.478138
111.665527,95,984.581089
567.961538,233,984.817142
716.249546,284,985.101506
188.955377,135,985.244514
102.538915,82,990.938768
233.470204,157,991.106424
236.616221,162,991.283735
714.712637,289,991.553532
506.377434,204,991.751539
899.312508,353,992.085637
314.04347,191,992.271812
82.211576,47,992.325352
83.025666,52,992.388295
102.800658,88,992.502288
149.420946,114,996.397384
-16.07114,1,996.422541
151.169923,113,996.555205
229.743403,164,996.716625
234.348084,156,996.921042
900.002961,359,997.274988
505.970885,199,997.467098
568.547175,226,997.685189
111.705149,92,997.799949
82.258852,51,997.868912
73.810566,68,1003.705157
1084.896063,435,1004.163914
84.35432,46,1004.224521
567.304333,224,1004.441278
715.888835,284,1004.73286
566.86002,233,1004.951859
79.829441,71,1005.051707
566.758246,229,1005.284292
898.7184,358,1005.635539
569.045283,225,1005.882843
92.965706,36,1009.975505
76.808036,70,1010.060817
-16.065392,1,1010.079396
717.242492,280,1010.359051
242.296382,152,1010.529545
1083.624612,460,1011.005185
92.918967,37,1011.067104
567.277705,222,1011.278137
237.447564,160,1011.454575
81.776195,51,1011.514866
1083.297146,445,1017.573072
111.560883,92,1017.683509
567.976806,229,1017.913014
412.329348,227,1018.150367
568.264361,226,1018.367395
899.766785,353,1018.715563
899.097836,354,1019.094568
232.568217,165,1019.271193
568.00137,222,1019.494894
82.101692,46,1019.56002
-8.080457,1,1025.200107
506.785789,200,1025.384428
294.996134,176,1025.553363
715.609262,279,1025.811981
507.275759,206,1026.016627
231.611047,158,1026.186231
567.316274,235,1026.394194
416.089705,231,1026.649193
1086.412301,428,1027.089568
119.198091,92,1027.218283
1083.731439,445,1031.3604
506.961509,200,1031.546776
92.860783,39,1031.61132
58.081932,68,1031.700316
507.884223,201,1031.895098
233.666172,161,1032.077778
-8.060113,1,1032.101332
714.972564,283,1032.37764
566.193904,226,1032.599746
104.29077,89,1032.707332
411.278243,240,1038.594727
1085.412495,442,1039.054803
156.429792,116,1039.18673
-8.059582,1,1039.209895
567.230651,225,1039.432423
82.104392,52,1039.494254
1084.276588,446,1039.952125
715.718679,276,1040.228939
81.896694,47,1040.29186
234.722884,162,1040.467701
566.985227,228,1044.564816
1083.53275,426,1044.997651
567.591489,220,1045.248941
233.57032,151,1045.415683
93.436511,35,1045.466179
314.031655,194,1045.657236
102.837487,85,1045.766329
1084.88057,443,1046.232846
116.300795,96,1046.347981
506.760653,195,1046.5449
143.437441,113,1052.341526
566.206623,235,1052.567887
506.969222,196,1052.772887
318.958956,191,1052.984164
506.786644,202,1053.194972
901.335324,358,1053.541778
1083.538649,458,1054.012811
899.216186,358,1054.379282
507.797573,202,1054.583957
1084.62326,433,1055.033239
257.901506,174,1060.798419
899.997162,358,1061.131095
-16.056677,1,1061.154355
154.139656,114,1061.275534
507.110562,209,1061.475033
103.175939,90,1061.578764
566.887189,227,1061.798876
257.493897,168,1061.98571
566.788317,232,1062.240277
82.720662,76,1062.347667
568.920627,223,1066.66898
110.511352,92,1066.775557
1084.814387,448,1067.276921
506.997977,200,1067.481617
232.743512,162,1067.658563
413.395298,245,1067.925292
1084.136491,450,1068.443649
261.703,177,1068.640133
15.794279,34,1068.688748
716.491895,279,1068.966004
237.060306,166,1074.969377
1084.787633,448,1075.462699
331.879966,195,1075.676208
-8.080105,1,1075.696045
716.115755,283,1076.00729
238.705057,163,1076.181042
14.282063,36,1076.23756
239.501629,172,1076.40903
106.042472,95,1076.524969
898.370872,356,1076.877156
869.668316,423,1081.18654
145.953824,111,1081.327155
715.95878,274,1081.592594
82.881665,51,1081.662097
415.033714,239,1081.917932
1083.192351,439,1082.396832
715.338271,281,1082.677659
715.355694,286,1082.95449
-16.045906,1,1082.980071
102.842354,85,1083.086106
506.614629,203,1089.194
15.638626,33,1089.24694
141.985519,109,1089.376417
565.673564,231,1089.604765
566.690724,229,1089.844301
899.981308,361,1090.194292
898.609839,357,1090.540733
155.085295,123,1090.685448
304.811606,177,1090.891085
74.608446,76,1090.989215
565.809168,229,1097.103422
334.595321,198,1097.31532
415.118173,241,1097.566951
-8.049081,1,1097.59719
122.331998,100,1097.702072
92.806077,38,1097.753225
566.49235,234,1097.987866
900.288477,344,1098.381664
413.206358,240,1098.639805
715.747331,281,1098.915955
234.290089,158,1102.966609
1084.626344,449,1103.429324
567.384611,229,1103.661093
-8.056623,1,1103.683626
415.53324,232,1103.944967
1085.103943,427,1104.390327
70.184325,60,1104.464023
566.498446,221,1104.682606
568.350125,230,1104.905324
340.713449,225,1105.148424
-16.055492,1,1110.632986
93.488379,41,1110.693157
296.243698,210,1110.918996
714.211797,287,1111.210388
566.672611,235,1111.465089
125.678768,101,1111.586823
244.149947,148,1111.7531
899.988466,366,1112.122384
414.975326,243,1112.379095
117.335105,97,1112.496291
1082.982452,441,1117.065566
31.53907,73,1117.152068
899.235418,365,1117.506973
897.994155,350,1117.850512
248.722365,173,1118.034677
236.379707,173,1118.227077
150.600322,112,1118.354815
-8.033375,1,1118.375338
318.923726,195,1118.627351
118.681803,96,1118.73655
566.060292,235,1124.598051
1083.751877,442,1125.046243
1082.011947,456,1125.515414
1083.937271,442,1126.002106
897.853581,367,1126.351519
567.911287,230,1126.590922
900.225039,345,1126.93989
415.187005,233,1127.182107
507.026751,201,1127.37848
716.126276,277,1127.648416
506.762089,200,1133.37071
1084.632592,434,1133.827747
413.636074,237,1134.083416
298.82481,186,1134.275037
1084.408722,434,1134.733453
716.09284,288,1135.012109
82.433949,50,1135.078186
415.306909,237,1135.333896
262.41012,176,1135.518265
506.352386,199,1135.712085
1083.788546,439,1139.988561
565.964779,238,1140.219014
566.398013,227,1140.443122
122.385931,99,1140.545718
715.307891,282,1140.818494
1084.601237,436,1141.290214
506.313317,204,1141.499205
505.960493,195,1141.695429
898.720494,361,1142.049206
1085.96406,444,1142.520128
150.732077,118,1148.325562
1084.744301,429,1148.826925
153.570265,117,1148.968746
1084.385261,444,1149.417718
638.802796,337,1149.777865
716.010994,277,1150.058082
716.99763,273,1150.322655
506.519573,202,1150.527527
412.915738,232,1150.774336
233.897004,164,1150.952236
901.196049,349,1156.797623
1083.875033,449,1157.237322
-16.041016,1,1157.271822
295.769694,195,1157.449092
119.525867,98,1157.569791
1083.852029,442,1158.026799
715.306576,283,1158.300335
1087.386432,430,1158.763824
567.187578,228,1158.9997
900.534173,355,1159.351384
117.35013,100,1163.07079
567.94511,229,1163.295016
92.813835,41,1163.34741
103.238933,89,1163.454546
15.644746,32,1163.506701
82.929508,49,1163.567184
898.853339,356,1163.920786
232.030171,162,1164.095518
312.647166,188,1164.292583
186.914079,142,1164.446118
81.415591,46,1170.059878
22.50995,38,1170.12074
566.961558,218,1170.343983
331.450373,198,1170.635167
457.958537,258,1170.884235
110.618498,90,1170.997656
118.450622,101,1171.119872
232.526252,167,1171.302716
716.170262,276,1171.575932
566.577346,228,1171.799982
716.158814,285,1175.788211
566.627321,221,1176.006098
1084.318974,434,1176.460265
415.715828,236,1176.704792
117.65882,100,1176.836446
507.465227,199,1177.026206
83.016004,48,1177.09261
506.158653,197,1177.284822
566.382243,230,1177.506026
506.809788,200,1177.703273
898.803458,360,1183.561129
715.570584,284,1183.836818
567.298827,222,1184.059028
568.672159,223,1184.270835
110.156497,92,1184.382181
120.19488,95,1184.503102
298.546945,176,1184.698806
373.111671,209,1184.939132
1084.519139,433,1185.385389
415.590586,235,1185.625474
92.916686,41,1191.696126
255.526442,175,1191.875987
81.575617,46,1191.937528
715.569118,281,1192.21303
299.164717,179,1192.414329
507.67482,198,1192.610592
568.281627,224,1192.827592
567.51693,225,1193.059022
1084.641243,438,1193.507313
1086.483676,439,1193.984377
92.658588,41,1197.912966
124.637903,99,1198.042967
566.84958,228,1198.305802
223.505602,166,1198.472089
900.155887,346,1198.80777
566.942341,225,1199.05443
23.696453,41,1199.11516
110.519097,91,1199.224144
716.010461,282,1199.495902
897.994228,364,1199.859228
414.982491,233,1205.643754
900.472897,357,1205.991941
899.091578,355,1206.346128
1084.525084,432,1206.861112
715.751584,282,1207.136212
126.258572,103,1207.248796
261.359235,175,1207.436393
567.099392,219,1207.660729
507.709672,195,1207.847766
506.55291,200,1208.044185
110.386408,98,1211.988004
508.011717,199,1212.187527
233.508571,159,1212.357711
-16.058739,1,1212.391074
58.530065,69,1212.473252
1084.157783,443,1212.92476
120.288349,94,1213.03966
567.842534,235,1213.274972
118.930003,99,1213.390712
567.852968,219,1213.599046
313.809641,196,1219.310169
244.12776,152,1219.476586
288.44756,167,1219.650835
261.720655,176,1219.829921
232.955687,164,1220.012618
506.656527,204,1220.212524
1086.08813,437,1220.681392
567.432426,221,1220.911013
232.536537,154,1221.080773
812.200144,406,1221.515054
233.17506,153,1227.351768
507.490897,203,1227.535265
256.351163,170,1227.715884
506.961695,193,1227.907754
565.883296,239,1228.138652
1084.704161,442,1228.616185
-8.036216,1,1228.63832
506.16907,205,1228.838659
262.18654,175,1229.039728
415.51621,232,1229.288338
81.152627,51,1233.260357
232.854004,163,1233.477438
507.298095,201,1233.711321
233.37654,155,1233.918187
92.207084,36,1233.971528
414.580527,236,1234.262962
506.628642,203,1234.463446
416.161431,230,1234.706932
331.76416,199,1234.928565
220.171974,147,1235.082543
1084.129522,444,1241.186977
507.115042,205,1241.392584
901.387084,355,1241.736114
233.906143,157,1241.911703
145.323034,104,1242.036476
506.069112,197,1242.226716
260.140789,182,1242.424262
415.318765,238,1242.677385
898.543446,366,1243.030807
505.987836,198,1243.237768
1084.528568,424,1247.443422
83.438135,46,1247.504526
1085.209281,435,1247.952193
1084.339722,432,1248.395056
1084.74537,433,1248.857694
262.713329,179,1249.046917
566.723587,228,1249.274822
149.792238,113,1249.397436
716.390989,285,1249.67984
298.664877,188,1249.872511
80.873582,50,1255.516184
567.782414,229,1255.750806
82.731461,49,1255.817625
233.919809,152,1255.988204
153.152641,115,1256.117988
109.807528,94,1256.223958
568.319504,232,1256.449112
714.921365,283,1256.734827
-8.063726,1,1256.756336
506.201676,206,1256.97018
23.667181,38,1262.569061
110.266731,96,1262.685059
261.822028,174,1262.875791
899.357614,356,1263.221529
506.493908,198,1263.414646
506.65278,199,1263.609637
219.216387,155,1263.781607
1084.937219,443,1264.252924
1084.426012,458,1264.719051
345.609001,202,1264.940609
69.156802,58,1268.689354
566.855231,229,1268.911812
415.320585,230,1269.170563
237.945613,159,1269.344872
149.702812,112,1269.471092
232.82334,157,1269.645112
267.50883,179,1269.841403
567.336082,223,1270.070868
567.304303,236,1270.310287
82.183764,50,1270.379452
116.129658,95,1276.256888
233.761019,162,1276.44067
93.338922,40,1276.500792
507.984242,198,1276.695576
505.239852,201,1276.901055
233.595722,157,1277.082297
1084.617372,459,1277.556819
120.039635,96,1277.666659
717.319065,279,1277.966154
233.294635,160,1278.142251
415.451891,234,1283.801712
-8.044672,1,1283.819942
566.206362,231,1284.044433
1084.425355,447,1284.49742
298.071505,176,1284.667068
566.044007,232,1284.885172
506.247012,203,1285.151915
238.25444,161,1285.329031
233.860766,155,1285.50399
394.95983,226,1285.746479
1084.9344,425,1290.520171
232.955312,162,1290.709367
125.226078,107,1290.822577
242.046918,155,1290.986453
232.986029,162,1291.168872
415.007635,234,1291.41537
508.189633,204,1291.618595
505.560175,196,1291.823273
81.09038,54,1291.892709
566.373244,220,1292.107852
122.249661,103,1297.608489
1085.140014,438,1298.077817
239.723773,144,1298.245822
901.415864,354,1298.621199
506.221818,203,1298.814096
567.309636,235,1299.047904
505.114666,207,1299.253155
152.525821,110,1299.379255
119.493667,97,1299.494072
714.691326,286,1299.79107
152.346959,114,1303.725473
899.849626,352,1304.06991
566.138119,234,1304.302621
1085.166481,436,1304.756508
-16.065144,1,1304.789819
506.85221,192,1304.97455
715.955659,280,1305.260462
506.47438,194,1305.45264
536.521561,296,1305.739498
899.956939,356,1306.088444
282.409654,183,1311.813328
81.437691,47,1311.874904
156.943085,118,1311.999631
1084.8354,444,1312.526825
290.168889,171,1312.706046
150.557482,112,1312.837064
125.406319,102,1312.964403
407.046282,252,1313.218443
415.288256,236,1313.473689
1085.049526,431,1313.914068
153.13515,113,1319.645898
93.044801,40,1319.699872
1084.802358,434,1320.12485
68.505602,63,1320.196308
150.259774,112,1320.321076
505.742464,204,1320.524529
1085.085615,435,1320.974053
93.067861,40,1321.030569
715.76482,275,1321.305802
901.061169,352,1321.662348
102.531454,85,1325.494912
109.58968,95,1325.606004
415.639147,237,1325.85944
266.553824,183,1326.056374
899.185462,349,1326.402645
508.24802,193,1326.59715
225.825414,165,1326.763432
241.201252,164,1326.936153
568.73942,222,1327.160144
506.069254,199,1327.360816
1083.635735,444,1333.391775
1085.309463,435,1333.837848
1084.554884,432,1334.304258
117.856831,97,1334.418005
897.75297,368,1334.783214
125.392092,104,1334.88976
567.587861,230,1335.119718
714.814725,288,1335.402185
230.500135,159,1335.639822
897.838844,359,1335.995618
69.871066,62,1340.051003
898.842507,353,1340.401402
118.928448,96,1340.530265
716.034763,278,1340.808597
124.723902,102,1340.929307
898.18978,364,1341.281099
506.919035,203,1341.491278
714.49089,277,1341.773068
714.587725,283,1342.057526
415.26162,226,1342.296486
282.879132,182,1348.192444
110.371723,91,1348.300647
506.649982,196,1348.492034
67.170755,67,1348.573395
899.256907,355,1348.929812
233.023241,162,1349.10873
567.663974,224,1349.329475
119.080298,97,1349.440688
283.972901,174,1349.61997
237.464662,162,1349.800998
506.241579,200,1355.48635
715.092326,275,1355.771579
415.431905,237,1356.034349
119.692549,98,1356.152885
715.408449,283,1356.444384
81.448409,49,1356.505233
23.566696,40,1356.568805
287.643643,173,1356.752424
566.632921,233,1356.977341
120.10966,93,1357.09823
714.940583,282,1361.38864
505.655435,197,1361.580701
256.820987,178,1361.770776
899.629593,352,1362.147125
415.39031,238,1362.395912
82.041012,51,1362.467241
899.960739,357,1362.813198
298.277776,185,1363.003456
898.525576,348,1363.356116
413.15166,234,1363.59991
567.913241,229,1369.205694
508.037906,195,1369.408386
506.373011,198,1369.607308
507.484277,200,1369.837605
568.018456,223,1370.059654
898.383241,367,1370.425825
413.769507,236,1370.683935
105.653555,86,1370.854405
715.928298,285,1371.139357
228.18886,159,1371.300192
504.960726,207,1375.291364
567.425609,234,1375.525392
506.128985,205,1375.745969
506.505106,198,1375.941304
566.749024,234,1376.170354
1084.874444,429,1376.613641
567.89244,220,1376.827652
97.112772,87,1376.93271
715.75044,292,1377.217394
234.087805,154,1377.381977
1084.870532,434,1383.421644
567.834952,225,1383.636731
263.136016,172,1383.822943
714.572263,284,1384.103549
187.617997,142,1384.246279
232.342691,163,1384.439965
567.488281,225,1384.670039
233.081314,160,1384.835067
716.357471,270,1385.119251
82.120695,46,1385.181694
565.570764,236,1390.932458
1083.167078,451,1391.393226
94.279539,36,1391.447826
231.374467,165,1391.628597
507.032758,198,1391.817636
714.372368,290,1392.102451
1084.478156,436,1392.567469
566.546058,229,1392.79031
567.216462,220,1393.005066
714.741437,281,1393.290094
716.16802,278,1397.511703
714.760828,292,1397.807073
257.496717,169,1397.998848
1084.119776,447,1398.480766
110.007919,89,1398.584462
155.425308,113,1398.710789
82.569084,52,1398.777359
230.316955,157,1398.958076
565.874653,232,1399.183252
245.037225,151,1399.356132
265.801843,180,1405.115322
506.426871,200,1405.314248
896.720931,371,1405.673003
267.940456,180,1405.869334
504.923291,212,1406.068914
1083.477918,438,1406.621432
505.983559,198,1406.81517
152.567017,115,1406.936529
411.291357,232,1407.189558
231.626023,158,1407.367415
83.039187,49,1413.206213
81.859657,53,1413.261534
506.959082,196,1413.455478
230.070447,157,1413.644223
414.747809,235,1413.877323
142.343148,109,1414.007514
1083.385013,449,1414.452354
415.039113,242,1414.702864
411.9661,236,1414.952741
714.01311,285,1415.237244
1083.072985,450,1419.35178
900.202695,356,1419.712279
1082.788283,448,1420.162231
247.082633,152,1420.343469
506.42561,198,1420.538107
898.865843,348,1420.88096
899.076587,360,1421.232708
715.890896,272,1421.511142
376.291469,218,1421.74375
125.139178,99,1421.859541
255.32509,172,1427.639805
507.031936,197,1427.850673
1083.123213,450,1428.316003
93.418698,35,1428.365861
458.534263,255,1428.614317
261.615108,174,1428.800646
566.122666,226,1429.033467
1083.687091,446,1429.516904
565.541989,221,1429.749146
564.964873,229,1429.979105
152.033262,115,1433.877571
-16.063467,1,1433.908523
333.990371,197,1434.120243
566.578024,222,1434.341143
567.497818,228,1434.567676
68.028028,64,1434.704797
1083.716406,439,1435.157884
899.606485,366,1435.514938
898.713734,353,1435.876225
714.931852,278,1436.157369
1082.423664,445,1442.294023
567.769116,235,1442.523325
567.30284,221,1442.737705
1083.481417,443,1443.212442
93.21423,36,1443.263712
715.356484,273,1443.532623
233.497932,164,1443.712548
82.21014,48,1443.778261
236.38756,158,1443.95485
714.270232,286,1444.243697
565.540975,220,1450.181103
714.232252,280,1450.448462
214.386526,158,1450.606848
566.95646,230,1450.825864
897.644289,359,1451.16355
67.483303,61,1451.241508
897.414757,365,1451.601743
109.435256,86,1451.697149
1085.181474,431,1452.14165
92.790308,41,1452.198759
94.042787,35,1455.952416
414.800524,240,1456.203059
149.176238,114,1456.333088
506.320336,200,1456.530636
897.155247,369,1456.887553
232.269302,157,1457.060691
506.368885,196,1457.257089
507.16212,199,1457.455491
159.987711,120,1457.590455
83.091206,51,1457.653108
506.860528,200,1463.445187
-16.061647,1,1463.471151
92.844119,41,1463.526944
715.234797,284,1463.799876
82.151023,53,1463.867497
334.474543,198,1464.078543
260.078579,172,1464.264041
897.819386,362,1464.617157
119.982018,94,1464.730212
9.436369,33,1464.780324
299.536787,180,1469.080882
566.116418,233,1469.354499
900.244881,362,1469.774367
566.11863,222,1470.039239
117.542741,95,1470.17223
898.449188,364,1470.605319
794.737711,392,1471.137988
566.086786,224,1471.404781
92.912023,35,1471.46756
1083.695993,448,1472.010424
506.231215,195,1477.796943
899.580076,358,1478.154527
505.96294,197,1478.353568
-16.057936,1,1478.378031
1084.178483,448,1478.838271
237.495618,158,1479.012841
568.464075,225,1479.23866
116.253841,99,1479.3553
567.010611,222,1479.573312
899.163492,356,1479.923317
508.011161,197,1485.780974
421.078384,263,1486.038818
58.674144,71,1486.118607
715.352854,286,1486.396268
156.376517,120,1486.529348
505.646825,204,1486.729171
899.263792,354,1487.074373
1084.495085,429,1487.512067
243.866497,150,1487.675107
84.537388,44,1487.728251
899.197257,370,1492.094536
415.223893,235,1492.347301
505.862691,195,1492.546114
224.127388,155,1492.721832
196.59458,151,1492.877554
233.571718,157,1493.047389
505.922489,203,1493.25368
715.356832,286,1493.540008
413.343602,236,1493.786023
77.887419,68,1493.868817
92.060919,40,1499.535012
1084.480327,445,1500.000489
65.980154,67,1500.088441
232.789434,152,1500.245608
106.41239,94,1500.351987
898.249354,364,1500.699913
211.71125,149,1500.865528
256.596609,171,1501.047392
81.927075,47,1501.11029
81.963441,51,1501.179238
261.695838,173,1505.302545
413.350955,227,1505.542591
896.835328,367,1505.908787
-8.059791,1,1505.936736
715.949869,280,1506.22841
92.86604,38,1506.288543
237.075361,158,1506.467216
233.254759,160,1506.645511
1083.309654,454,1507.118849
941.056621,389,1507.506446
567.521935,230,1513.123864
566.262829,221,1513.34378
898.101503,362,1513.697832
93.582606,39,1513.748952
1086.519993,443,1514.202517
506.109241,193,1514.384676
238.159807,154,1514.566375
567.377853,232,1514.795629
567.951667,223,1515.016723
110.690281,92,1515.12456
330.901499,195,1520.830064
716.195484,280,1521.098974
73.610528,66,1521.178479
110.163317,94,1521.287979
-8.055309,1,1521.309213
232.190251,160,1521.483834
245.736218,173,1521.666024
899.345341,364,1522.049245
332.655706,200,1522.271542
152.962696,115,1522.402901
504.757392,198,1526.353789
713.801045,273,1526.626018
152.789913,117,1526.756342
142.637402,103,1526.883106
93.247496,35,1526.931712
897.659569,370,1527.316998
92.380476,41,1527.371563
567.324273,232,1527.620235
569.064941,216,1527.837223
565.53431,218,1528.059041
244.178171,174,1533.886887
232.246798,156,1534.060398
1083.575275,441,1534.5358
91.826515,41,1534.596504
714.556004,277,1534.864914
1083.624792,442,1535.319771
92.414526,38,1535.375956
248.018797,149,1535.539233
82.797303,47,1535.657119
150.266593,117,1535.788119
232.966293,154,1541.619115
8.45351,28,1541.667386
567.880007,224,1541.882609
414.980083,236,1542.13336
897.04249,358,1542.495649
567.463624,221,1542.694736
1083.248764,449,1543.168583
233.619072,159,1543.352059
567.211152,221,1543.5749
414.864666,235,1543.816321
566.630271,216,1547.803415
713.707602,285,1548.078452
82.518276,49,1548.144777
713.876769,289,1548.444058
898.373641,353,1548.78574
713.345433,281,1549.059241
715.015194,278,1549.334277
530.600594,278,1549.639009
232.99619,165,1549.81639
714.405671,281,1550.090275
715.453452,279,1555.801107
96.440733,81,1555.898704
505.633076,198,1556.093383
262.099165,174,1556.27879
179.754574,134,1556.417998
142.672996,107,1556.545475
1084.438163,429,1556.991417
506.115071,204,1557.188318
715.393494,281,1557.477705
1083.702351,451,1557.955189
897.528425,362,1561.885503
233.574291,157,1562.063932
326.087651,192,1562.280101
566.521848,222,1562.494638
91.922578,39,1562.55995
-8.045633,1,1562.584082
325.925727,192,1562.854384
233.33775,163,1563.035707
1084.629738,424,1563.478383
92.796685,37,1563.52597
233.212498,158,1569.275225
567.100037,223,1569.492285
80.763271,72,1569.594788
506.718449,193,1569.780814
717.452397,286,1570.062325
567.992243,233,1570.298315
230.37015,159,1570.471318
232.718263,155,1570.645575
568.735436,223,1570.867197
1084.8591,432,1571.31024
415.213952,243,1577.13328
93.365453,37,1577.18938
506.424046,198,1577.388631
565.11392,230,1577.598147
567.60496,230,1577.817372
568.969318,221,1578.023535
506.43106,193,1578.202745
333.103536,200,1578.428855
506.577554,203,1578.628471
566.610181,228,1578.85212
414.830161,238,1582.97878
1085.720691,431,1583.499085
93.272752,35,1583.556857
92.62738,36,1583.617219
568.168224,224,1583.859211
304.899904,188,1584.052969
715.25524,281,1584.323933
506.690275,204,1584.523455
506.227665,193,1584.710585
897.967865,344,1585.05659
899.497955,363,1591.161661
237.019855,159,1591.337618
414.437064,239,1591.584604
898.165517,368,1591.942672
714.096468,278,1592.215818
81.660931,48,1592.280999
714.839256,286,1592.571253
568.512566,221,1592.796389
568.343276,224,1593.015565
715.305233,277,1593.288952
507.036447,194,1597.360369
1084.601016,426,1597.799217
566.27624,228,1598.02273
414.165623,236,1598.27266
414.792674,238,1598.588386
415.84531,253,1598.855319
1088.016506,428,1599.297421
116.142884,91,1599.405637
94.010163,76,1599.509078
1084.683271,438,1599.97317
233.538404,156,1605.751698
1084.9897,440,1606.253418
-16.056479,1,1606.279996
715.375261,280,1606.550466
79.023408,55,1606.618557
105.870782,83,1606.722758
149.158847,115,1606.852829
504.955102,203,1607.068016
569.04301,220,1607.283795
414.974619,238,1607.535258
506.960131,201,1613.325394
505.833582,189,1613.503955
505.001618,200,1613.688867
110.325366,86,1613.784317
414.548256,239,1614.026766
338.383705,207,1614.229868
566.358822,225,1614.447305
1084.07871,453,1614.909346
247.367942,148,1615.073322
570.304124,306,1615.39297
267.225201,177,1619.372653
326.967621,188,1619.575122
898.29208,347,1619.917069
93.169216,36,1619.969921
422.276248,253,1620.255667
898.185255,351,1620.593883
565.476144,218,1620.80687
323.998369,190,1621.031332
897.655484,357,1621.401974
415.222071,234,1621.696274
236.726538,162,1627.537138
430.749298,243,1627.796891
334.056162,199,1628.000174
713.398215,285,1628.285285
421.859685,236,1628.534997
125.407701,97,1628.666807
186.77989,136,1628.808151
83.473048,48,1628.869011
414.931988,242,1629.124126
715.048134,273,1629.388288
566.17285,223,1633.711349
228.538259,167,1633.876258
229.948556,158,1634.046996
506.871324,194,1634.235655
565.621501,228,1634.462651
254.415896,171,1634.659463
321.743424,187,1634.862045
566.995192,227,1635.087924
356.621087,209,1635.311112
897.096789,370,1635.677375
91.79117,39,1641.656261
505.145195,206,1641.910945
566.978513,216,1642.162956
566.366038,224,1642.402719
98.642816,84,1642.512771
1082.526235,458,1642.989067
117.423012,92,1643.099695
1083.63917,449,1643.584925
102.396024,83,1643.693254
351.25017,209,1643.912739
898.558744,367,1649.799927
897.571779,353,1650.166868
508.065168,197,1650.358829
155.583424,112,1650.485346
505.963154,198,1650.678864
155.189295,114,1650.800551
506.09086,207,1651.000343
82.789073,49,1651.070624
566.146365,227,1651.292721
507.228359,198,1651.483549
1083.1935,438,1655.906444
119.530883,95,1656.026518
314.100114,204,1656.284571
187.92704,141,1656.427963
238.017915,157,1656.602995
715.551176,280,1656.882551
92.855042,40,1656.936681
566.36334,232,1657.167449
567.073754,230,1657.396449
7.44338,30,1657.438253
120.081005,94,1663.247725
156.886514,112,1663.376258
144.315536,104,1663.495159
898.876949,354,1663.846062
714.461309,283,1664.121189
714.27169,280,1664.393646
809.870085,414,1664.821717
567.384641,220,1665.073901
439.384962,251,1665.33895
566.338215,232,1665.572464
898.086894,350,1669.500012
120.129856,94,1669.619028
899.356985,367,1669.97384
93.120565,36,1670.024711
899.366249,352,1670.38786
-16.044861,1,1670.41842
506.337038,194,1670.608401
108.562222,91,1670.721228
505.742968,194,1670.906404
93.629763,36,1670.963611
415.995939,244,1676.64958
414.596623,238,1676.902018
111.434868,92,1677.012676
414.957933,241,1677.265558
378.699786,181,1677.475753
568.983572,222,1677.696023
81.080421,45,1677.743032
566.776666,219,1677.985309
506.081187,195,1678.174037
506.288472,192,1678.379289
427.410567,261,1684.374496
236.980763,159,1684.556002
-8.072525,1,1684.583302
156.54939,113,1684.708302
261.670579,177,1684.896116
507.134346,194,1685.145325
713.491444,288,1685.425963
265.453478,175,1685.614924
108.627655,63,1685.694795
899.853996,347,1686.035593
119.48464,93,1690.001156
7.017803,29,1690.05077
103.709893,85,1690.178979
567.263506,230,1690.414475
125.612663,100,1690.523118
92.242254,35,1690.580596
414.768043,236,1690.831809
103.840803,85,1690.951305
260.487426,172,1691.158946
81.152637,50,1691.220282
413.469005,239,1697.013474
940.334092,367,1697.388116
716.17042,275,1697.665389
103.905535,83,1697.772225
568.150067,222,1697.993401
715.065401,275,1698.277805
7.214788,26,1698.322603
714.612361,287,1698.604767
98.644436,86,1698.710665
505.885675,196,1698.909591
99.456811,51,1704.522586
506.432331,197,1704.709462
567.015103,229,1704.931154
83.444512,49,1704.988169
537.781275,288,1705.304328
566.659351,220,1705.509509
567.963367,227,1705.735115
92.282267,42,1705.793587
232.735612,155,1705.978151
565.942672,221,1706.200574
505.337197,200,1710.178937
93.937248,37,1710.231307
83.471106,52,1710.294493
941.775563,376,1710.679673
332.762336,201,1710.905534
898.590089,363,1711.259915
116.371585,99,1711.378249
1083.395957,430,1711.822346
567.158115,224,1712.051995
229.597577,162,1712.283833
566.685265,219,1717.916741
237.031103,155,1718.087819
236.425074,158,1718.264426
506.015978,201,1718.452069
713.363985,284,1718.734228
565.895776,221,1718.966882
50.0804,56,1719.048298
92.656408,40,1719.098145
415.04157,231,1719.352147
415.362195,236,1719.601674
406.047399,231,1723.717675
92.945364,38,1723.77077
896.413223,372,1724.125957
1082.983352,451,1724.611086
899.875711,344,1724.946148
413.898247,237,1725.187519
566.07617,219,1725.420987
232.247069,158,1725.596742
92.705031,40,1725.642911
899.090351,366,1726.037843
899.772182,356,1731.981461
331.709751,196,1732.212288
356.26173,212,1732.43696
567.117469,223,1732.662997
336.089776,194,1732.878246
898.236067,350,1733.213452
898.167761,358,1733.574248
233.122568,156,1733.747925
324.853946,185,1733.952965
-16.050419,1,1733.978534
81.379466,55,1739.952452
566.66541,218,1740.153821
256.078222,173,1740.334621
1084.790624,451,1740.814837
102.19067,85,1740.918619
507.184065,200,1741.108528
714.582127,275,1741.448008
110.072095,92,1741.551884
414.392947,238,1741.802969
292.801096,202,1741.997201
142.900227,107,1745.91695
421.82963,236,1746.171046
565.966836,233,1746.402832
92.542165,38,1746.463171
232.721787,157,1746.638007
-8.056084,1,1746.664985
566.879338,225,1746.900619
506.566781,195,1747.098654
247.732909,149,1747.264161
714.658042,272,1747.52433
1085.269978,457,1753.574513
333.330355,197,1753.77985
153.405613,110,1753.906528
897.582802,348,1754.286973
91.663627,43,1754.347356
715.358339,273,1754.631514
506.2523,196,1754.82653
110.986456,90,1754.931262
897.464045,348,1755.270802
803.131492,404,1755.681165
-16.043896,1,1759.43745
81.928255,54,1759.511005
566.050973,229,1759.740798
232.989957,160,1759.903837
124.16502,94,1760.016696
565.724227,223,1760.238468
428.435086,264,1760.515298
714.219469,280,1760.797732
102.176981,85,1760.900987
152.897587,120,1761.039781
325.308046,200,1766.773852
1082.879019,438,1767.222852
93.068572,38,1767.279366
505.26331,198,1767.468723
371.920559,218,1767.707406
81.839479,50,1767.768837
566.558472,221,1767.989898
146.258833,110,1768.116458
506.155566,202,1768.31561
565.465645,225,1768.526948
80.857129,55,1773.935519
414.425197,243,1774.182858
125.773383,95,1774.30485
110.344142,92,1774.476547
9.339086,33,1774.526408
155.605895,114,1774.653482
332.643813,199,1774.858923
263.508241,173,1775.059488
505.240414,199,1775.253546
414.786309,237,1775.513592
259.55358,179,1779.613365
81.830504,49,1779.692584
505.64666,202,1779.898389
1084.571788,439,1780.358671
566.119554,223,1780.579408
714.795789,275,1780.851944
713.809409,285,1781.128571
899.415778,343,1781.461038
-16.051355,1,1781.49285
714.735601,280,1781.77206
415.081317,234,1787.514733
565.062877,226,1787.73729
177.509663,116,1787.87329
438.978324,270,1788.147319
23.88569,36,1788.20585
505.694104,198,1788.418498
897.911566,356,1788.767863
565.593117,218,1788.993701
8.541587,34,1789.040072
504.977448,201,1789.23605
93.719005,40,1793.098354
236.688395,163,1793.293902
267.758139,174,1793.484732
232.916545,158,1793.654555
566.635695,216,1793.873788
566.855583,232,1794.105153
567.490517,222,1794.324865
566.785965,231,1794.55265
1083.984377,449,1795.047813
713.880366,275,1795.314833
229.136634,155,1801.179271
714.957765,279,1801.501124
505.758144,197,1801.730083
714.195652,278,1802.062735
233.451498,161,1802.262904
507.623043,195,1802.498105
796.19606,408,1803.007871
155.783431,113,1803.131831
151.032006,113,1803.260817
302.293764,182,1803.451228
232.638881,156,1809.339076
898.188428,348,1809.696594
46.896891,65,1809.778408
281.228945,178,1809.966262
566.511087,216,1810.175396
1082.794593,437,1810.641476
715.382196,279,1810.917652
229.489315,157,1811.091738
898.312087,353,1811.432392
213.478252,143,1811.594061
125.404099,96,1815.83318
91.755274,41,1815.901191
566.551579,219,1816.156645
233.29526,159,1816.358929
233.027993,160,1816.570414
150.41862,110,1816.715699
714.585335,278,1816.993485
420.537858,260,1817.265703
714.795281,282,1817.557545
230.763565,163,1817.745609
566.683569,221,1823.512259
900.029457,348,1823.855504
715.543107,272,1824.117836
232.662963,153,1824.294874
116.798562,90,1824.415842
92.279348,42,1824.465375
124.417511,98,1824.586166
1082.696133,439,1825.042404
233.605786,159,1825.247754
506.468618,199,1825.44172
896.798303,364,1831.387873
249.012999,147,1831.546788
82.1875,52,1831.610623
413.788393,234,1831.852579
413.65898,242,1832.095174
125.766708,102,1832.200812
507.661059,199,1832.412931
357.219192,207,1832.702861
406.976575,230,1832.965162
566.418996,224,1833.183439
142.17756,110,1836.888543
286.871551,169,1837.066156
900.103917,357,1837.417044
1085.148387,429,1837.853529
507.299154,196,1838.046245
102.950573,87,1838.163218
566.076382,218,1838.392805
505.86717,204,1838.593046
-4.684666,13,1838.625218
415.095844,239,1838.894905
335.460859,196,1844.573843
92.905817,41,1844.634393
716.177768,285,1844.914987
241.527248,145,1845.091777
23.56458,39,1845.152086
714.129324,277,1845.430649
94.228624,37,1845.485307
567.004672,230,1845.733565
415.073532,237,1845.980986
82.60507,76,1846.079924
233.119637,159,1850.20763
715.211767,283,1850.490285
565.223564,224,1850.711982
716.108101,272,1850.975291
332.399254,199,1851.189669
281.830748,189,1851.376781
416.907792,235,1851.632256
232.049663,153,1851.802315
566.47141,222,1852.008291
262.069059,171,1852.208387
90.770899,39,1857.887311
373.535115,215,1858.107088
506.499081,204,1858.304547
331.181581,200,1858.529555
117.508102,91,1858.644716
414.92262,237,1858.897601
714.897134,284,1859.176929
507.779376,197,1859.365693
567.008091,222,1859.59149
108.732741,63,1859.682406
567.291483,223,1865.472677
504.888812,197,1865.654131
714.115527,272,1865.912527
1083.879795,426,1866.400849
1084.382909,450,1866.895836
710.478195,351,1867.266285
564.933993,233,1867.489784
1082.603398,429,1867.926501
57.693775,59,1868.00977
1084.874788,437,1868.458387
247.719951,151,1872.187765
93.400605,39,1872.243559
565.281274,220,1872.485034
567.488501,232,1872.710357
1085.003664,421,1873.151132
233.003357,159,1873.322232
1083.069961,427,1873.804244
105.139141,84,1873.911256
897.728024,359,1874.260111
898.207225,359,1874.630282
897.888027,369,1880.557273
92.249844,40,1880.617127
363.832921,209,1880.856817
567.050307,230,1881.082818
713.652509,283,1881.356228
415.313022,230,1881.598331
565.1132,231,1881.850125
715.746575,279,1882.115628
1083.376336,435,1882.563805
232.139407,163,1882.770759
567.841981,221,1887.119376
92.684286,42,1887.170892
304.370136,188,1887.366177
112.379549,89,1887.473316
506.268684,200,1887.664269
1085.545993,442,1888.121985
254.308778,177,1888.309802
897.997956,361,1888.662266
414.272078,239,1888.915212
714.59948,285,1889.200356
125.481054,101,1894.936113
898.258619,342,1895.279375
898.120569,358,1895.636031
714.286827,281,1895.915826
898.460235,361,1896.271608
415.488742,228,1896.51756
567.468051,226,1896.753947
413.512385,235,1897.05578
627.524527,339,1897.409564
415.061617,239,1897.664396
1084.129584,433,1903.677166
566.76862,224,1903.90751
62.901598,62,1903.98004
566.14885,229,1904.208274
92.07583,40,1904.263989
324.079071,189,1904.460844
266.17145,177,1904.6597
1082.700616,440,1905.11743
330.544676,190,1905.326341
565.099176,224,1905.541673
715.775029,284,1909.658238
229.825918,160,1909.837443
-16.079688,1,1909.868785
714.18192,280,1910.139103
1083.418679,433,1910.606024
91.687314,41,1910.662464
104.058223,81,1910.759433
91.216836,41,1910.819943
898.973952,355,1911.167913
1084.969937,437,1911.613894
92.951474,39,1917.143207
898.472291,362,1917.491665
117.36367,93,1917.60271
520.359087,276,1917.877984
1083.789259,441,1918.330861
85.136488,76,1918.425612
261.344285,171,1918.621875
82.769128,50,1918.689569
126.069799,100,1918.789392
409.697038,231,1919.053836
567.401648,213,1923.071185
565.919219,230,1923.296644
176.596883,139,1923.439086
82.934934,77,1923.535014
1081.47451,456,1924.003972
565.006058,233,1924.231754
-8.065907,1,1924.316312
901.071176,358,1924.670383
75.374185,71,1924.748856
427.510494,254,1925.021339
505.437399,197,1930.957121
504.9315,201,1931.142558
363.618241,207,1931.380849
898.908818,361,1931.741909
8.378864,32,1931.79002
900.478865,364,1932.137965
507.92736,190,1932.333203
1085.967702,430,1932.784239
714.667626,271,1933.076611
414.496574,238,1933.336674
1083.766437,438,1939.619586
416.155257,257,1939.889887
229.952172,154,1940.082688
152.964055,107,1940.203574
564.303397,234,1940.45739
414.905894,241,1940.709935
1083.921883,433,1941.161818
93.312909,43,1941.228625
157.044292,114,1941.365053
338.297364,206,1941.585782
506.008194,200,1945.536916
897.32913,366,1945.910775
8.237472,33,1945.961853
898.666264,346,1946.31075
414.30859,233,1946.569836
506.384953,197,1946.781699
-16.056328,1,1946.808393
507.305501,193,1946.994922
714.535658,276,1947.268593
412.525729,230,1947.517785
23.797224,36,1953.324941
714.700063,286,1953.601229
156.045433,115,1953.733902
716.074705,279,1954.003214
787.753267,413,1954.448092
414.987313,231,1954.690707
187.244042,139,1954.833204
333.066073,203,1955.05837
9.614753,32,1955.171188
898.855503,352,1955.521441
6.920685,30,1961.256391
566.048578,217,1961.456403
505.617339,194,1961.638593
505.968947,198,1961.823275
232.924732,155,1961.993482
567.567004,218,1962.200069
715.276674,277,1962.456626
110.790587,92,1962.565114
898.693497,350,1962.901804
93.179064,38,1962.958373
897.201122,359,1967.111963
505.864057,198,1967.294071
566.566548,224,1967.520326
413.483225,234,1967.766468
92.805052,40,1967.822229
505.034976,200,1968.020611
74.211904,69,1968.106776
897.977665,364,1968.456833
224.327195,156,1968.619844
1084.753876,421,1969.050838
898.175161,364,1975.204421
483.976899,272,1975.477703
232.628618,167,1975.662436
566.006853,220,1975.874754
900.195843,356,1976.229541
93.085872,38,1976.283231
566.389408,226,1976.503595
416.175193,255,1976.773145
1084.202454,442,1977.231292
264.437044,183,1977.42946
1082.971763,427,1981.735068
412.62185,235,1981.981769
232.281182,161,1982.155412
436.080748,270,1982.432065
91.330825,78,1982.530941
266.989348,177,1982.720167
568.025984,222,1982.941942
109.525366,64,1983.080386
99.374718,52,1983.147275
232.297926,155,1983.33004
415.335532,238,1989.238911
1083.935046,424,1989.681872
713.4567,279,1989.955663
415.438448,232,1990.21676
108.539608,66,1990.288278
414.858984,232,1990.537873
145.594019,106,1990.65504
506.636383,187,1990.845531
344.941515,206,1991.070428
714.973437,285,1991.36025
566.608345,220,1997.07721
-16.072256,1,1997.095783
898.685418,353,1997.428936
83.264631,47,1997.483715
899.351863,361,1997.830902
160.005258,113,1997.964296
715.205866,282,1998.239693
91.90581,43,1998.297593
898.37246,350,1998.649047
898.727468,354,1998.990563
124.286857,96,2002.874481
110.978942,89,2002.987295
332.958962,193,2003.19217
1086.122512,430,2003.638903
-16.078127,1,2003.662989
414.726036,256,2003.934309
267.10399,172,2004.122949
94.074463,38,2004.180581
-16.076714,1,2004.204677
414.748849,231,2004.449548
898.183631,366,2010.226357
377.804643,178,2010.497401
898.838582,369,2010.853512
320.134191,198,2011.056107
8.434869,31,2011.110152
83.787795,78,2011.207656
566.693256,231,2011.429649
1084.30355,449,2011.887346
9.248488,34,2011.937726
8.9591,37,2011.987322
566.831852,226,2015.944029
1083.61881,454,2016.445764
506.385291,204,2016.652948
900.71849,347,2016.986597
505.621996,199,2017.186909
414.555375,240,2017.441129
307.959622,198,2017.653316
714.763378,283,2017.928881
262.63722,175,2018.108979
268.109293,172,2018.307542
145.717463,106,2024.15545
255.454534,169,2024.344744
414.500431,234,2024.600543
414.396975,230,2024.847836
-8.032959,1,2024.874853
566.845554,231,2025.101537
73.875696,67,2025.192145
92.354858,38,2025.246525
261.71725,172,2025.44102
716.629048,276,2025.70755
9.261596,37,2031.311779
393.26286,222,2031.550493
92.492667,42,2031.606023
1082.126886,452,2032.053344
713.189467,281,2032.325748
413.432534,239,2032.579437
566.405126,225,2032.808046
566.323357,212,2033.019431
1083.06796,448,2033.568734
714.74507,276,2033.834505
505.299172,199,2037.659124
898.901046,351,2038.022231
1082.627978,447,2038.53441
345.57638,197,2038.746069
416.277242,229,2038.996057
898.685936,360,2039.345307
93.025073,39,2039.396582
1081.988397,444,2039.868632
566.898653,220,2040.086771
898.566161,361,2040.457455
567.875232,217,2046.278626
260.248896,178,2046.473809
232.121078,160,2046.664066
81.917914,54,2046.727323
713.956739,271,2047.003647
158.787155,116,2047.138796
897.895668,360,2047.510166
626.446675,331,2047.865974
504.70897,203,2048.054946
566.531295,221,2048.277656
92.733939,38,2052.077734
565.731794,234,2052.308995
566.355718,227,2052.53236
566.218197,227,2052.757383
897.196276,363,2053.113145
92.764225,38,2053.169647
118.32048,94,2053.280519
505.999521,193,2053.469424
714.664993,283,2053.759842
186.143196,138,2053.913894
93.056391,38,2059.437299
897.401181,361,2059.803128
-16.032568,1,2059.833209
92.173796,40,2059.890166
454.522346,255,2060.137766
1083.831651,454,2060.634531
82.836695,50,2060.699429
713.494435,274,2060.968033
505.099853,206,2061.167346
185.682074,147,2061.322546
505.469358,192,2067.067352
713.609671,272,2067.390962
81.677926,54,2067.458165
898.196645,345,2067.795211
414.356011,236,2068.04809
1082.457558,439,2068.505492
315.236983,187,2068.719316
1081.39715,446,2069.184992
506.761804,195,2069.377239
897.415933,368,2069.737232
102.573559,80,2073.705618
255.168179,172,2073.898531
1082.509316,435,2074.361938
504.936752,198,2074.548497
565.241717,224,2074.771572
565.178837,222,2074.996537
713.341635,283,2075.28112
712.997825,286,2075.562482
565.60582,221,2075.783523
714.226964,276,2076.060894
713.697584,275,2082.071656
330.629748,199,2082.291739
899.374072,364,2082.63859
713.934368,279,2082.918683
939.625456,371,2083.296374
355.85823,202,2083.511484
205.290849,141,2083.663052
895.239122,364,2084.027314
1081.836822,438,2084.483262
257.751781,174,2084.660166
1082.592985,432,2090.785472
83.568104,45,2090.84808
713.644484,286,2091.115454
507.820405,191,2091.292823
896.82046,358,2091.623739
410.740042,234,2091.861407
332.435421,196,2092.078108
564.630183,220,2092.294839
898.322632,356,2092.646673
149.899324,111,2092.836532
91.195451,45,2096.559714
177.519562,134,2096.691
505.265084,192,2096.880411
1084.3006,424,2097.321665
566.048042,224,2097.537963
232.52942,160,2097.710648
84.103362,77,2097.806479
259.164781,178,2097.988375
236.527054,159,2098.166577
567.546704,220,2098.387719
92.555698,42,2104.016172
-16.073151,1,2104.04455
1083.491604,436,2104.484077
1082.457746,427,2104.92118
713.781064,283,2105.197589
713.970186,278,2105.497076
1082.263489,440,2105.947692
894.768114,367,2106.307134
713.388313,281,2106.574016
330.294613,198,2106.802613
504.875407,207,2110.749436
149.083303,110,2110.873063
232.602149,161,2111.050373
232.21485,161,2111.2248
714.906947,276,2111.495501
564.617477,221,2111.714698
1083.431433,435,2112.173204
1084.07635,440,2112.64244
714.974991,278,2112.91961
897.694025,365,2113.275937
-16.059727,1,2118.813817
896.464036,354,2119.159146
714.124536,274,2119.428838
1083.702171,423,2119.894634
110.903138,92,2120.074018
714.631661,269,2120.346316
-16.070337,1,2120.370712
506.41469,189,2120.552066
1081.831651,445,2121.018296
109.286861,64,2121.105088
414.965225,235,2126.989722
713.583117,276,2127.252836
412.685442,237,2127.497956
1082.364208,449,2127.951868
504.902634,201,2128.15142
566.121014,223,2128.367574
1083.499896,426,2128.810278
102.650864,84,2128.917541
1082.244401,433,2129.362496
1084.89452,432,2129.809428
150.188601,115,2133.838515
938.130026,388,2134.228321
566.002719,226,2134.450182
150.136592,114,2134.578329
897.308968,355,2134.927936
897.105131,365,2135.317596
124.370411,99,2135.434702
1082.155872,442,2135.895344
331.515728,195,2136.114395
93.102795,36,2136.16415
91.44921,40,2141.732902
504.784152,198,2141.929438
567.443133,218,2142.143512
507.18065,199,2142.339654
505.762159,199,2142.530772
1080.85523,454,2143.015558
566.089765,226,2143.238481
897.53606,356,2143.604346
505.187291,200,2143.803974
1082.06707,435,2144.271617
896.627315,362,2148.559242
897.904233,349,2148.901522
714.332117,285,2149.182279
714.156393,276,2149.445376
302.393182,181,2149.634733
377.181571,218,2149.877715
1081.971259,439,2150.335031
7.153476,27,2150.382468
505.497297,194,2150.578195
296.964812,177,2150.762849
413.025479,239,2156.499225
506.368468,196,2156.690263
566.160851,221,2156.909894
414.344123,233,2157.162031
714.843897,282,2157.439234
92.841563,41,2157.492305
261.221845,169,2157.677116
1082.164191,451,2158.159291
233.006061,159,2158.330928
567.94051,225,2158.551889
714.754157,284,2164.564757
565.93113,224,2164.772629
897.375293,351,2165.104742
93.589583,38,2165.156129
141.955319,107,2165.28687
262.070859,177,2165.477374
303.732474,189,2165.672167
506.247749,195,2165.8612
715.055296,285,2166.13872
293.136658,197,2166.326899
1084.489432,419,2170.374571
1082.163763,450,2170.852909
506.942705,191,2171.039323
899.112778,350,2171.381304
506.003386,193,2171.56742
899.535263,349,2171.908962
566.61547,224,2172.131038
504.814674,195,2172.321615
505.112744,199,2172.514647
178.335162,141,2172.653959
713.893825,281,2178.643461
565.154672,222,2178.860955
92.876611,41,2178.921746
1082.250279,439,2179.375157
565.411291,229,2179.603791
713.899752,272,2179.873666
1084.567268,436,2180.43288
567.174308,223,2180.678371
232.276323,157,2180.860414
262.179212,173,2181.060955
565.455438,224,2185.15055
713.925425,278,2185.425562
255.597954,172,2185.616138
897.512346,361,2185.968318
1081.430835,446,2186.438413
715.163056,287,2186.715743
564.241869,231,2186.936938
212.74276,145,2187.096917
565.442462,223,2187.325563
565.91586,224,2187.554073
507.258342,195,2193.253722
566.367986,226,2193.477424
897.670757,365,2193.841133
566.13747,224,2194.062156
413.798505,238,2194.310331
-16.06337,1,2194.338386
897.66275,351,2194.689265
897.44291,356,2195.041951
567.273869,225,2195.263866
110.705228,88,2195.378288
713.005583,279,2201.228794
898.918756,360,2201.572786
413.286013,229,2201.814619
406.91735,253,2202.073803
565.403041,224,2202.295196
8.467946,36,2202.346403
567.385831,225,2202.564869
109.935329,90,2202.675796
232.296373,157,2202.851196
505.933598,197,2203.045108
896.938905,353,2207.238253
567.326054,226,2207.468454
896.899756,367,2207.836484
414.080146,239,2208.089087
1081.805641,445,2208.555199
81.542644,63,2208.629973
506.616755,198,2208.821862
564.352811,233,2209.053855
-6.388362,11,2209.087044
566.033842,218,2209.305445
897.341375,351,2215.0669
505.247569,203,2215.269396
506.012686,198,2215.46171
507.360784,194,2215.644103
233.233616,157,2215.88486
566.11784,226,2216.110504
896.9627,359,2216.466111
109.99824,63,2216.542032
92.490341,42,2216.594596
231.542183,160,2216.776823
898.096373,352,2220.886496
414.043047,235,2221.130485
504.004304,207,2221.337829
505.750641,200,2221.536045
383.600069,186,2221.737775
713.553873,286,2222.024106
565.514576,218,2222.239833
1083.335907,422,2222.71124
254.267125,175,2222.906476
117.629762,91,2223.012405
565.917922,215,2229.022646
82.727224,72,2229.127806
713.498126,281,2229.450923
266.38683,177,2229.675704
414.543402,238,2229.925973
565.564442,225,2230.145662
265.233194,180,2230.343558
71.307079,56,2230.418614
79.359297,60,2230.495236
92.769034,42,2230.555281
713.832132,285,2236.43285
355.646139,212,2236.666004
566.402947,224,2236.887745
566.928993,226,2237.110345
219.49754,148,2237.277831
506.412258,194,2237.462238
713.757475,285,2237.741043
297.8776,173,2237.927188
504.991624,195,2238.12093
713.420349,282,2238.397671
898.899082,345,2242.426587
565.399526,224,2242.648353
211.697666,135,2242.799153
1082.595001,440,2243.27331
1084.235805,430,2243.783093
506.200549,191,2243.971089
149.559845,109,2244.091786
715.009852,276,2244.364621
506.114406,194,2244.556243
565.974427,220,2244.770157
92.787618,41,2250.398593
1082.919977,446,2250.859706
714.236269,278,2251.144613
566.909039,223,2251.376706
414.854745,240,2251.636577
93.873251,41,2251.705292
414.627102,236,2251.977619
565.447442,227,2252.215995
110.259768,91,2252.340633
713.975095,287,2252.610852
565.53286,221,2258.428703
415.297396,253,2258.666637
1083.441816,425,2259.112304
897.24407,359,2259.461662
896.800927,359,2259.815001
255.692728,167,2260.006687
231.725521,161,2260.186099
899.233963,346,2260.52947
505.790762,193,2260.711798
566.662948,221,2260.927281
636.811663,332,2265.070729
236.828621,154,2265.243588
109.222823,63,2265.326357
897.045677,357,2265.66741
264.602084,192,2265.858744
714.53937,276,2266.14447
713.653194,278,2266.420369
1082.995803,437,2266.891141
504.703012,193,2267.090674
16.57018,43,2267.15048
714.870467,283,2272.942671
-16.06687,1,2272.967714
897.430662,359,2273.318723
15.372734,40,2273.385339
712.747388,282,2273.672506
567.461825,220,2273.885396
74.800455,70,2273.970084
1082.073608,442,2274.443596
565.576535,229,2274.666625
714.197333,274,2274.935974
939.193571,374,2279.003622
712.679658,280,2279.27568
150.453484,112,2279.402702
1081.431281,443,2279.910538
1081.575171,446,2280.39402
49.140179,71,2280.475505
565.913283,225,2280.701087
-8.048112,1,2280.720999
714.753032,275,2280.998703
-16.076183,1,2281.02437
23.653239,37,2286.5541
565.047065,231,2286.797446
-16.056717,1,2286.819816
18.498082,41,2286.878094
897.880458,361,2287.241293
-16.050625,1,2287.265809
1083.578426,435,2287.719019
565.455351,225,2287.940221
940.336146,377,2288.321222
565.623941,222,2288.555431
16.781881,42,2294.295765
280.766983,184,2294.473401
414.204701,233,2294.709836
414.195369,235,2294.948343
504.844894,194,2295.134565
233.436944,157,2295.307756
506.989349,197,2295.497946
897.214743,362,2295.871595
260.284451,172,2296.066372
714.810821,274,2296.336422
713.299913,284,2300.324476
899.052803,357,2300.675721
1082.263221,441,2301.141285
715.082523,277,2301.417231
50.255642,52,2301.49098
1083.309989,435,2301.966239
1081.095862,450,2302.447917
414.163448,235,2302.694546
567.350847,227,2302.932112
186.338807,141,2303.071327
714.326294,285,2309.153655
413.869772,239,2309.412097
156.730705,108,2309.532992
565.768606,225,2309.757878
352.31478,205,2309.976543
93.601874,41,2310.0318
420.543688,250,2310.29275
714.40604,271,2310.557125
716.200902,269,2310.829573
713.161124,283,2311.108408
118.74149,92,2315.022941
939.728461,387,2315.430389
413.644964,239,2315.681918
714.911452,275,2315.954112
505.034852,195,2316.144796
715.736193,270,2316.414892
175.66712,135,2316.548845
713.141016,281,2316.827438
566.395965,220,2317.047169
390.033161,224,2317.28484
260.965996,172,2322.944649
713.86227,274,2323.210929
1084.801038,434,2323.665013
897.575514,358,2324.03588
1082.631155,441,2324.501881
504.613813,195,2324.689392
330.684948,202,2324.914562
1082.755862,448,2325.374243
414.464876,241,2325.632008
505.201882,197,2325.815193
565.531061,223,2331.565357
564.958797,221,2331.793355
119.23793,96,2331.905478
1084.904995,438,2332.355356
376.08249,183,2332.550972
93.594986,43,2332.604758
1081.090176,440,2333.117
155.32032,111,2333.246561
897.430493,368,2333.646947
48.064538,56,2333.719328
505.093534,200,2337.84334
-5.921414,12,2337.869325
566.342716,221,2338.087593
235.718508,166,2338.269184
504.939696,202,2338.466262
896.838646,356,2338.820805
898.340025,354,2339.174968
564.498204,229,2339.395853
565.63891,230,2339.617986
184.305913,126,2339.779028
714.457386,286,2345.542991
713.810135,271,2345.811786
565.228838,229,2346.040406
897.161173,372,2346.407154
142.123354,107,2346.536439
414.648498,248,2346.783901
146.282612,111,2346.929023
896.894514,352,2347.273583
1081.991723,443,2347.732215
1083.428238,449,2348.217439
111.089173,92,2351.955453
716.197719,279,2352.234322
242.039624,148,2352.40502
899.536332,350,2352.760219
459.347895,267,2353.032586
565.254933,226,2353.252628
16.873283,39,2353.31244
145.110316,109,2353.434468
582.499818,309,2353.768777
566.582607,219,2353.992125
16.911715,37,2359.535397
147.086995,120,2359.654028
442.936712,272,2359.936337
1081.986404,445,2360.420762
261.911223,172,2360.607381
714.189193,273,2360.873403
95.029183,84,2361.031664
507.064807,197,2361.245031
155.454964,115,2361.390022
8.042835,35,2361.44267
415.381331,236,2367.372527
236.487236,161,2367.553126
16.822137,38,2367.601537
414.708302,238,2367.862093
92.766549,42,2367.925391
713.190592,285,2368.195128
564.651478,218,2368.40879
897.913753,339,2368.74183
330.523807,200,2368.954831
517.394552,276,2369.234287
898.35536,355,2373.43086
895.921435,364,2373.787639
504.545259,196,2373.976253
414.057943,240,2374.229687
414.802906,240,2374.481335
506.15187,197,2374.67252
91.830288,47,2374.735516
714.220624,282,2375.047745
897.905649,346,2375.386141
941.92456,378,2375.77494
565.396158,223,2381.727097
261.20492,171,2381.925585
503.389886,201,2382.117861
505.11812,195,2382.32937
939.863786,393,2382.72636
1082.136258,431,2383.176982
256.308237,170,2383.366656
566.194284,225,2383.575504
505.980196,194,2383.772076
506.100362,199,2383.956938
712.592739,288,2389.66912
896.336305,345,2390.001651
714.794839,281,2390.268967
265.854452,178,2390.461771
118.212471,99,2390.568182
565.872968,217,2390.780736
566.855158,228,2391.001486
897.174601,369,2391.365874
263.998029,168,2391.547312
-16.077522,1,2391.572834
1082.629937,442,2395.732179
1081.979659,434,2396.17528
712.76532,289,2396.533447
160.217258,115,2396.660077
110.637081,88,2396.76608
-8.041147,1,2396.792788
107.55433,66,2396.878555
713.77259,282,2397.164003
1082.747731,449,2397.638961
414.194494,234,2397.888754
218.881362,148,2403.57823
110.604295,89,2403.696115
505.626658,201,2403.888831
504.992917,198,2404.115596
565.391945,222,2404.326566
897.023558,360,2404.692781
415.418163,248,2404.95943
565.621768,231,2405.192637
412.152746,236,2405.443058
566.67479,225,2405.664912
566.490075,235,2409.842117
102.499433,82,2409.946378
505.429822,196,2410.135302
505.325453,199,2410.332525
117.006762,91,2410.442772
92.684958,43,2410.501236
5.513367,34,2410.550763
567.274498,226,2410.767511
144.857516,105,2410.893855
896.947622,362,2411.250875
110.814829,88,2417.094548
78.380233,69,2417.181919
107.834464,72,2417.265687
565.768859,223,2417.488694
565.363673,223,2417.706007
211.637609,142,2417.8653
413.171958,244,2418.132084
15.248357,37,2418.193449
505.523419,203,2418.390591
505.668317,196,2418.57738
109.302227,88,2424.519686
897.559276,348,2424.846794
1081.720675,450,2425.31027
106.663324,72,2425.388476
93.088788,46,2425.453134
1082.619891,427,2425.924476
297.74485,176,2426.115337
897.69298,362,2426.478533
1082.274165,437,2426.943511
117.315909,93,2427.059109
144.788002,111,2431.175361
153.459901,112,2431.307314
503.844424,204,2431.50431
463.000954,281,2431.788255
415.251989,240,2432.047454
504.768392,196,2432.249851
413.963884,235,2432.498353
505.836568,195,2432.687372
419.60637,257,2432.95463
1082.218505,432,2433.410974
939.679224,385,2439.371848
109.020527,71,2439.457641
716.845397,273,2439.723342
218.448583,152,2439.899578
110.964502,68,2439.989156
895.413802,359,2440.356916
344.397151,198,2440.577389
712.994553,290,2440.86987
565.279076,227,2441.089913
280.881839,182,2441.286329
566.427918,225,2445.305914
565.585912,218,2445.52241
1081.126659,449,2445.982285
74.997579,68,2446.070727
713.936803,274,2446.354621
15.606854,41,2446.411275
156.207561,112,2446.542376
895.335658,353,2446.906185
91.443254,46,2446.96576
92.651143,38,2447.021667
261.113872,177,2452.612418
565.541078,219,2452.838339
712.858822,281,2453.111827
896.453069,359,2453.473965
506.670825,191,2453.666129
896.511428,355,2454.036252
1080.673541,441,2454.489462
-8.068645,1,2454.576775
1081.402711,456,2455.054408
606.715427,330,2455.386892
81.174716,53,2460.986423
134.656561,101,2461.092403
1080.732721,452,2461.536349
896.025091,362,2461.905235
790.538938,398,2462.329695
896.207023,350,2462.668084
897.031737,366,2463.042417
415.700201,238,2463.299299
1082.684257,448,2463.75649
108.515433,61,2463.829688
413.666617,240,2468.041325
941.314757,374,2468.427734
413.511709,240,2468.684883
265.359229,185,2468.894868
607.551928,325,2469.22533
713.308119,275,2469.53494
344.166705,201,2469.753854
1081.700824,437,2470.220826
281.418534,178,2470.412385
67.260985,62,2470.490283
565.547016,225,2476.172345
897.894473,366,2476.526464
714.700872,274,2476.791983
419.956176,258,2477.057855
109.613268,85,2477.167705
1081.633047,449,2477.664225
566.906924,221,2477.881695
92.471967,45,2477.942057
160.537314,116,2478.072536
414.45981,232,2478.375154
413.903982,238,2482.522262
409.552737,246,2482.780157
897.736394,354,2483.125475
506.011907,201,2483.314205
505.11539,202,2483.516128
713.391584,284,2483.799842
281.786669,174,2483.984837
896.96716,354,2484.325628
82.84021,50,2484.394356
565.764218,217,2484.605701
67.618558,65,2490.089324
414.338184,234,2490.334338
124.137075,92,2490.453013
897.9495,348,2490.797823
413.366172,231,2491.044474
1082.51434,422,2491.475865
413.944687,239,2491.732231
713.214157,278,2492.006445
566.096374,224,2492.221724
15.444851,42,2492.282211
505.450776,190,2497.893454
566.702554,229,2498.109474
898.586752,358,2498.464223
355.822691,204,2498.697146
260.92121,172,2498.885043
263.004369,178,2499.103776
102.69842,84,2499.20915
1082.546779,438,2499.658448
1083.113334,427,2500.105837
414.126378,232,2500.355938
-8.063182,1,2504.344597
1083.301813,431,2504.882808
713.630455,278,2505.213741
233.511596,152,2505.413126
1082.837746,420,2505.915074
91.829986,40,2505.974324
333.756261,196,2506.18728
1084.994516,424,2506.692469
415.384738,230,2506.945021
567.70546,220,2507.156155
1081.339886,442,2513.114567
356.971202,202,2513.327401
414.465732,249,2513.583182
1082.042151,428,2514.027184
566.915534,215,2514.238695
712.670342,285,2514.524994
566.651488,215,2514.74299
896.905563,358,2515.092965
758.271819,318,2515.419534
332.838239,203,2515.636532
714.291565,273,2521.373682
109.705994,90,2521.484809
1082.350029,428,2521.903888
567.237036,226,2522.146272
120.469789,92,2522.261927
1081.030817,436,2522.732538
507.035929,195,2522.941199
416.154309,257,2523.205585
150.004837,110,2523.332494
713.264498,286,2523.616396
895.213727,358,2527.80587
896.659506,353,2528.221361
15.557118,36,2528.277039
896.183274,351,2528.689879
896.713468,360,2529.056405
406.713754,230,2529.292516
567.597841,219,2529.516883
152.359896,118,2529.64779
405.937047,247,2529.909853
-31.257671,91,2530.020524
421.320355,266,2535.89083
109.739822,87,2535.999827
159.602453,116,2536.138206
153.793619,110,2536.259769
1081.985382,437,2536.720117
1082.363686,441,2537.179965
504.940654,202,2537.382056
504.341974,196,2537.574729
431.370187,242,2537.835216
253.74087,168,2538.020118
190.126663,143,2541.8971
108.153606,66,2541.97645
1083.598249,448,2542.505362
15.106275,40,2542.568315
505.815446,198,2542.771622
398.991976,239,2543.033125
92.312601,40,2543.090591
896.825998,352,2543.436702
266.005252,181,2543.652902
232.722142,156,2543.826876
390.180561,237,2549.464817
712.560213,280,2549.74433
505.798444,195,2549.939226
612.719191,332,2550.272165
1082.577778,431,2550.720209
565.79384,219,2550.931738
253.832438,167,2551.12033
898.19206,346,2551.456726
155.565078,112,2551.586634
227.267096,170,2551.755507
429.373398,254,2557.533895
897.218713,351,2557.86342
1080.698329,446,2558.299819
939.521825,387,2558.687082
1080.884474,452,2559.152114
897.211353,354,2559.51218
407.048841,240,2559.77116
144.196638,105,2559.907508
434.839766,255,2560.168706
713.131963,276,2560.439513
199.589885,131,2564.39199
713.72591,280,2564.659748
265.92244,182,2564.857916
1082.518971,426,2565.313133
1082.012327,440,2565.767889
92.531636,49,2565.827429
102.620815,83,2565.933912
203.079163,141,2566.087611
107.861736,66,2566.226038
236.988649,164,2566.404305
464.207162,264,2572.194478
185.176304,137,2572.334922
239.604736,167,2572.519658
898.299945,351,2572.891763
91.951711,42,2572.957147
1081.520468,447,2573.423675
565.257786,224,2573.64234
940.1298,388,2574.043954
416.096407,234,2574.288218
1083.584666,429,2574.741554
714.432368,271,2578.536052
898.982494,355,2578.888547
507.001396,194,2579.078326
1081.380664,438,2579.549056
580.012485,318,2579.896406
504.863879,198,2580.088467
414.759983,241,2580.336282
109.939471,89,2580.45219
359.519437,217,2580.668569
-8.062273,1,2580.695497
1082.883956,431,2586.579614
567.251817,213,2586.797455
406.007949,248,2587.054275
414.204744,230,2587.296086
1082.041352,435,2587.780637
109.477962,89,2587.888238
712.659333,278,2588.159537
91.544754,41,2588.230736
81.163545,53,2588.303592
110.994146,90,2588.412343
506.309131,187,2594.099455
92.19134,46,2594.156386
1081.864949,450,2594.599712
19.785311,45,2594.659733
16.470174,41,2594.712523
81.448805,52,2594.780223
413.601263,240,2595.033394
713.201149,274,2595.300832
506.387588,192,2595.493742
566.431674,224,2595.71285
504.910567,199,2599.66552
715.123717,377,2600.065293
504.691327,199,2600.257498
712.434863,288,2600.533923
565.343075,226,2600.791745
92.970831,41,2600.846406
896.818155,356,2601.194693
81.567721,55,2601.32238
153.467175,114,2601.453211
1082.258757,427,2601.922626
265.594103,172,2607.508313
1083.320335,432,2607.954554
110.024412,88,2608.066981
566.796846,225,2608.287483
713.14372,286,2608.579897
90.648645,48,2608.640579
505.694574,193,2608.831742
219.690239,148,2609.000618
714.863048,270,2609.266269
897.074477,358,2609.619332
1080.988331,441,2614.071623
91.016279,47,2614.129066
123.994255,100,2614.250161
714.186525,276,2614.516962
49.240866,51,2614.592066
1081.540292,434,2615.047458
566.01115,224,2615.259358
896.952948,351,2615.605793
428.020965,255,2615.871782
257.234945,172,2616.048683
566.81284,225,2621.827862
712.08797,282,2622.115834
1081.389181,433,2622.591483
566.229969,228,2622.812286
896.612486,354,2623.171979
186.595293,141,2623.323065
895.241409,361,2623.689532
567.619128,220,2623.903356
244.279857,145,2624.060626
565.283138,221,2624.296073
1081.612027,443,2630.187229
232.106818,160,2630.368955
713.635062,279,2630.6413
90.071838,46,2630.70184
92.685633,40,2630.752033
565.716136,219,2630.973396
504.672494,198,2631.166143
895.831077,356,2631.509767
413.660381,238,2631.763759
110.762902,93,2631.866821
713.832251,283,2635.878047
1081.493439,446,2636.355144
895.23962,368,2636.716593
125.642545,98,2636.842901
567.689434,219,2637.057665
506.863687,202,2637.240294
9.236314,37,2637.304248
295.899674,177,2637.491858
429.408944,236,2637.737808
413.839826,239,2638.006027
155.190471,114,2643.635065
405.301372,254,2643.89657
896.246253,346,2644.241249
895.819449,346,2644.58673
896.599353,365,2644.945027
1080.01308,443,2645.395109
93.550967,42,2645.452956
149.94184,112,2645.585557
1079.858967,449,2646.044784
1082.048218,452,2646.521262
895.137738,360,2650.751131
414.268076,241,2651.004292
896.634139,364,2651.364016
565.724551,225,2651.584363
565.367721,223,2651.825944
92.082468,46,2651.885459
3.554978,26,2651.929296
92.384949,46,2651.994912
431.244811,239,2652.249034
565.003407,224,2652.46998
896.93745,354,2658.263706
896.91977,353,2658.623952
92.4057,41,2658.676714
895.504574,346,2659.020825
713.266055,278,2659.293156
895.008461,353,2659.627
330.632968,192,2659.844965
302.484921,186,2660.056833
93.643332,41,2660.111452
893.330033,362,2660.461272
-8.06986,1,2666.173252
895.521175,364,2666.53339
92.228282,47,2666.599114
896.278513,365,2666.949629
211.090335,142,2667.112806
566.717443,227,2667.331292
83.116496,56,2667.403641
565.039971,233,2667.631037
1080.089085,451,2668.109374
91.987102,44,2668.168039
566.085151,230,2671.99115
15.741543,36,2672.049238
413.832487,233,2672.291795
322.050021,201,2672.509708
430.498661,266,2672.79002
152.085904,109,2672.924759
218.107804,151,2673.089406
1.006784,22,2673.136301
415.785369,231,2673.388933
939.246461,391,2673.776653
197.777364,135,2679.423488
428.943799,266,2679.703875
1082.783887,432,2680.144672
565.793302,224,2680.375066
565.497265,225,2680.599112
265.794219,181,2680.79918
1080.730822,455,2681.263091
124.467957,94,2681.377822
711.730432,274,2681.645912
1081.298304,448,2682.100601
89.542733,50,2687.902776
711.843762,277,2688.179538
420.683305,242,2688.430755
567.227452,215,2688.633741
372.377699,213,2688.855225
155.295404,112,2689.002191
412.862637,234,2689.305678
474.613803,281,2689.600596
254.234245,165,2689.774828
93.002549,44,2689.83855
441.053403,267,2693.733632
236.271162,160,2693.917416
1082.282293,434,2694.374198
74.258303,71,2694.465802
420.987823,255,2694.732426
895.347167,369,2695.091315
341.83005,199,2695.303698
895.951009,354,2695.645629
565.947625,215,2695.863779
406.615606,243,2696.125197
938.303276,384,2702.062074
18.111733,42,2702.12096
419.722892,250,2702.394995
502.635187,198,2702.588788
333.289689,194,2702.788366
73.278529,66,2702.888205
1083.359706,424,2703.331033
92.512811,50,2703.393646
177.714825,133,2703.531255
111.084641,93,2703.643879
413.903488,236,2707.93386
412.02425,234,2708.179291
413.661316,227,2708.418019
93.783335,39,2708.475234
81.573702,82,2708.562456
464.594352,280,2708.856215
506.547712,197,2709.046871
1083.099011,431,2709.506077
1083.869042,450,2709.971666
894.120129,356,2710.321281
895.42845,367,2716.251638
1079.526495,435,2716.703026
896.022084,361,2717.052541
896.435003,351,2717.44782
565.559246,218,2717.666524
91.561598,44,2717.726999
114.048858,103,2717.834003
712.045191,280,2718.105551
142.600152,109,2718.230792
504.892687,196,2718.421974
81.921747,54,2724.051235
711.160193,282,2724.31851
567.149365,218,2724.523493
565.281795,226,2724.735176
565.960086,217,2724.946975
414.839691,255,2725.207882
111.170078,94,2725.317367
505.870912,200,2725.513284
464.342042,270,2725.816829
506.527005,192,2726.01009
711.489436,276,2729.937317
265.886922,180,2730.136803
328.687665,193,2730.349469
565.647105,221,2730.581886
92.658217,40,2730.637551
83.690113,78,2730.728888
506.500816,200,2730.932511
505.589734,202,2731.131566
6.609955,35,2731.182686
92.180368,42,2731.234066
211.161818,142,2737.037497
368.470102,224,2737.271137
505.004435,197,2737.468426
504.958897,205,2737.666189
566.329421,222,2737.886919
15.331383,40,2737.94023
344.23615,200,2738.159228
209.732099,139,2738.319777
413.849132,235,2738.563662
16.677529,38,2738.620473
260.20376,168,2742.670438
109.387215,91,2742.779846
413.502037,227,2743.026957
507.165625,281,2743.326715
506.308456,194,2743.526602
425.356133,257,2743.797052
711.562205,281,2744.080932
92.124223,45,2744.141823
260.722221,178,2744.334795
186.543634,133,2744.462573
713.050922,284,2750.404951
329.698447,200,2750.68021
81.509812,56,2750.748954
456.495446,263,2751.017519
895.127334,354,2751.367584
565.307891,220,2751.581353
426.900001,256,2751.849972
893.788234,367,2752.196975
83.389618,53,2752.268707
893.896912,363,2752.632698
118.077479,95,2758.34396
713.299893,281,2758.609738
354.08794,205,2758.821786
895.7713,352,2759.167643
412.240665,242,2759.41884
1081.631987,427,2759.872775
89.447181,45,2759.933189
412.152443,237,2760.175281
80.355156,55,2760.246781
566.455611,226,2760.46951
711.787005,287,2764.369821
895.729513,358,2764.716741
623.791599,342,2765.062476
81.718478,81,2765.153333
123.619985,97,2765.271991
420.004744,239,2765.533557
564.510997,223,2765.759237
323.458364,191,2765.975233
92.333397,43,2766.036613
895.757537,365,2766.402447
82.671893,60,2772.136586
711.423444,282,2772.415834
1079.925051,450,2772.878171
412.587635,238,2773.12435
212.996281,142,2773.283496
328.629056,188,2773.509203
1082.605888,422,2773.968476
1082.114709,425,2774.408163
186.758682,139,2774.548197
895.806677,364,2774.898658
1082.524403,445,2779.076825
754.713582,319,2779.408269
504.988626,191,2779.597177
711.925328,282,2779.873601
1078.505721,453,2780.342293
1080.465391,447,2780.815795
142.576894,106,2780.946383
1081.110132,441,2781.402967
893.644024,363,2781.75528
564.888989,219,2781.976294
82.473339,50,2787.44797
503.501507,207,2787.651604
413.85778,243,2787.904174
414.207058,240,2788.156031
712.17784,275,2788.43142
564.646305,231,2788.658024
15.32953,38,2788.711848
712.921158,268,2788.981189
109.247812,92,2789.090894
566.407628,217,2789.31281
413.124395,238,2795.025166
1080.326301,440,2795.480121
102.047862,86,2795.583565
209.677157,153,2795.750081
421.013823,247,2796.023979
117.006916,97,2796.13819
566.776292,218,2796.350172
505.382567,193,2796.540762
16.704447,41,2796.596618
220.109962,152,2796.761192
1081.608376,425,2800.925338
91.758184,41,2800.985959
417.727425,246,2801.244924
894.906722,350,2801.611445
566.165375,222,2801.850542
895.921857,353,2802.194444
414.517551,231,2802.439322
155.167117,115,2802.569673
1080.674862,449,2803.099534
452.954885,256,2803.351561
82.308471,53,2808.875378
287.089985,169,2809.055974
81.323691,56,2809.130933
279.017279,184,2809.318446
262.434057,173,2809.522984
469.493862,281,2809.807131
216.867892,147,2809.96913
567.253169,224,2810.191608
566.036058,226,2810.408147
-16.048115,1,2810.441069
711.350016,279,2816.371801
211.297849,145,2816.52755
896.784175,356,2816.858032
504.480087,194,2817.041308
713.890536,285,2817.309999
564.793785,225,2817.524706
566.658668,223,2817.737753
330.161401,198,2817.955058
280.067807,184,2818.145173
713.170039,277,2818.416589
504.60334,189,2822.263503
894.974237,354,2822.615935
896.632571,364,2822.972322
756.773068,318,2823.298611
260.873615,176,2823.490387
505.038414,196,2823.68473
18.330719,40,2823.744082
712.205206,284,2824.038207
3.191269,27,2824.084116
81.670104,54,2824.15084
895.710107,345,2829.854021
1081.604675,428,2830.305441
354.95315,210,2830.53299
81.916392,53,2830.602338
192.608298,135,2830.746069
896.202967,352,2831.104802
431.294094,238,2831.358073
142.613927,112,2831.48598
15.750223,38,2831.540113
266.186885,175,2831.729726
564.11039,216,2835.61694
1080.466244,437,2836.086809
1080.029766,448,2836.555328
261.123564,174,2836.738119
895.726023,359,2837.172522
1082.474131,432,2837.627291
713.855768,276,2837.909772
418.950118,253,2838.172734
4.596968,28,2838.217267
505.564819,193,2838.402224
212.205877,149,2844.175303
1078.88272,446,2844.671236
415.183903,244,2844.951459
1080.231218,440,2845.396694
1080.982242,436,2845.852768
713.196566,281,2846.124299
15.607273,36,2846.177111
1081.038068,435,2846.654651
1078.993615,447,2847.12426
896.523775,345,2847.475681
565.499772,224,2853.046098
449.693775,259,2853.315893
895.860813,352,2853.628641
91.42362,44,2853.693654
1079.80415,445,2854.171585
156.524893,120,2854.325312
895.790732,359,2854.685381
1079.257989,449,2855.160026
334.097879,192,2855.364068
81.249566,57,2855.443648
134.367263,104,2859.282171
219.133008,156,2859.453688
1079.994247,433,2859.985436
91.961008,41,2860.045755
1079.136064,447,2860.503407
19.972,43,2860.564227
16.761983,36,2860.61844
97.770138,37,2860.669953
91.526016,43,2860.729405
564.168472,227,2860.955508
565.690712,222,2866.58
160.202855,115,2866.712862
712.053372,283,2866.994595
896.71803,353,2867.340465
109.242405,95,2867.451506
81.356804,75,2867.530747
503.861441,199,2867.744769
440.980716,269,2868.024488
713.687356,287,2868.320639
116.831006,97,2868.434409
714.765886,268,2872.679737
342.388203,200,2872.931685
712.398207,287,2873.267414
-16.068373,1,2873.291735
92.150501,43,2873.358145
713.605743,282,2873.683486
895.781714,362,2874.115552
712.88546,277,2874.400121
567.102657,218,2874.620598
566.063253,223,2874.848926
66.205146,65,2880.289998
711.961427,277,2880.548203
940.150445,371,2880.940098
566.785156,214,2881.153555
503.704405,198,2881.349181
712.268741,281,2881.629289
118.318476,97,2881.742599
894.775335,363,2882.095495
506.265582,195,2882.290051
83.748524,78,2882.380731
434.016415,263,2888.080169
73.127389,64,2888.156487
939.398078,374,2888.52793
566.520917,225,2888.745676
1080.291279,431,2889.195895
714.811193,267,2889.461939
711.528321,286,2889.735509
565.481136,222,2889.96208
894.726411,365,2890.314441
109.286014,94,2890.418732
82.202702,81,2894.219779
565.76279,221,2894.439952
506.55537,200,2894.628083
108.71524,93,2894.744771
117.829618,95,2894.858891
895.602273,359,2895.205158
505.603282,192,2895.399615
714.474215,274,2895.673243
1079.882679,437,2896.130325
117.925311,100,2896.250744
897.529239,356,2901.939009
-8.06315,1,2901.964591
565.377908,223,2902.184502
711.409971,284,2902.466772
896.549402,354,2902.815148
712.515654,283,2903.093443
91.285707,44,2903.154233
1080.301466,450,2903.623771
894.678461,366,2903.980805
710.641629,285,2904.262799
713.08723,277,2908.165852
567.115943,216,2908.383092
895.22499,359,2908.741351
82.080913,56,2908.810479
1080.800121,456,2909.278391
1078.857639,444,2909.735676
712.548276,274,2910.013412
505.703453,191,2910.200497
80.728806,57,2910.272995
266.214339,175,2910.466675
893.80664,359,2916.42484
82.729873,48,2916.488717
90.132782,80,2916.583566
243.726462,151,2916.750462
81.158622,60,2916.824414
82.274999,53,2916.891121
896.86171,354,2917.244605
440.475072,269,2917.524003
405.900488,240,2917.773993
503.656899,195,2917.968556
1079.489928,452,2923.950377
1079.07318,448,2924.476381
185.769628,140,2924.615711
16.247156,43,2924.674124
712.456988,270,2924.954314
516.957022,287,2925.241358
1079.20558,449,2925.696375
390.608157,217,2925.938497
82.735461,53,2925.998844
83.371638,77,2926.090292
1080.210036,448,2930.351497
712.361215,275,2930.645139
505.875224,191,2930.826828
143.714217,112,2930.966914
413.051128,239,2931.220402
1079.5102,440,2931.694759
412.737656,235,2931.949234
713.401888,270,2932.215306
939.39336,378,2932.606898
337.046337,206,2932.80812
15.289349,41,2938.352748
1079.883825,437,2938.813219
92.30278,44,2938.875359
895.360219,367,2939.24233
116.269242,90,2939.344701
505.529852,192,2939.541676
123.865607,97,2939.654749
430.650535,236,2939.889254
504.384009,192,2940.07444
896.691914,368,2940.454218
1082.378571,430,2946.533526
505.203531,194,2946.715116
-16.05995,1,2946.738103
566.495073,221,2946.945569
66.141844,67,2947.03154
93.135183,40,2947.085249
1079.850102,442,2947.569819
-16.056213,1,2947.593913
95.217259,81,2947.692379
712.158814,279,2947.965512
410.868337,232,2951.806541
938.243399,385,2952.197001
81.418279,57,2952.267684
712.173299,282,2952.538343
567.298544,214,2952.753849
896.775158,344,2953.091454
110.189274,96,2953.192301
184.66732,136,2953.325692
712.341475,280,2953.658185
412.731727,234,2953.914281
710.927959,271,2959.788931
425.701747,261,2960.061088
312.112624,186,2960.258874
6.098768,31,2960.3147
504.386392,201,2960.508949
505.456322,200,2960.70914
407.357078,246,2960.968902
80.88552,59,2961.043116
415.654495,246,2961.300175
567.130494,219,2961.514098
895.484706,354,2965.509604
413.226264,228,2965.75065
114.191224,94,2965.865408
414.282281,228,2966.119374
80.915891,59,2966.192041
567.366558,220,2966.406986
711.223511,285,2966.678838
74.21179,70,2966.771993
1080.006683,442,2967.240983
504.068021,194,2967.43472
419.181769,258,2973.188352
564.887448,215,2973.41338
801.545545,405,2973.83455
285.354292,175,2974.019807
85.1449,75,2974.116579
369.5959,215,2974.338047
894.83095,350,2974.697053
756.345687,315,2975.045425
895.435578,356,2975.395821
419.842468,260,2975.66577
566.44931,229,2981.404682
713.036416,286,2981.677963
1081.564275,430,2982.115292
565.542533,222,2982.336805
110.841358,89,2982.455974
895.242032,348,2982.808317
564.071417,225,2983.028195
564.728553,227,2983.255488
895.878465,357,2983.66819
713.47659,271,2983.943002
337.141864,213,2988.178363
420.985314,251,2988.4331
155.251527,110,2988.566829
81.333623,55,2988.630853
118.798776,96,2988.754744
231.493485,155,2988.929207
607.432961,328,2989.256355
429.111478,236,2989.523245
505.848557,275,2989.795606
711.725895,273,2990.06099
15.171484,44,2995.62067
895.596776,364,2995.983365
330.0612,198,2996.195434
-8.058405,1,2996.219336
564.91317,220,2996.434306
1081.328831,427,2996.916073
505.399206,193,2997.104461
389.541423,171,2997.300647
1081.142,428,2997.75085
565.019655,220,2997.97399
895.522847,358,3002.162964
-8.071377,1,3002.191831
713.127987,276,3002.506498
260.912566,170,3002.708803
110.541576,97,3002.824005
117.814286,97,3002.935126
329.982707,191,3003.154211
566.81786,222,3003.37637
938.733305,378,3003.850118
260.043768,174,3004.038451
266.167807,170,3009.705499
895.666027,361,3010.066498
79.896487,66,3010.149424
316.595816,180,3010.362596
91.977931,44,3010.423422
-16.05986,1,3010.44983
896.376248,349,3010.795099
504.572591,204,3010.99481
564.382468,228,3011.222817
506.742196,189,3011.406133
711.049361,289,3017.43493
406.537761,244,3017.698081
643.321361,338,3018.041824
1079.885936,451,3018.508573
566.880784,223,3018.7372
1082.860967,432,3019.178133
7.35737,32,3019.222402
712.340111,276,3019.496445
328.679979,191,3019.710968
711.900488,278,3019.995519
712.492895,279,3023.905891
937.656298,390,3024.297101
896.501266,355,3024.642506
119.672988,92,3024.762374
566.236759,219,3024.976768
405.86419,251,3025.236222
404.539278,230,3025.478399
407.42661,255,3025.744946
15.19041,42,3025.800944
894.778606,364,3026.161655
894.451857,370,3032.084888
564.938367,218,3032.302454
713.045386,285,3032.578473
565.316444,218,3032.78811
239.411817,156,3032.954006
756.159364,307,3033.265522
81.899798,57,3033.332452
81.1583,60,3033.410952
218.264933,154,3033.585559
1079.007066,447,3034.049515
1081.676996,453,3038.291121
517.001355,275,3038.563731
110.868643,92,3038.681718
505.870158,199,3038.872017
406.466496,245,3039.125811
117.34328,97,3039.242676
566.067433,211,3039.471745
15.811322,33,3039.519204
109.662968,90,3039.624081
898.028234,356,3039.988903
266.916065,176,3045.810777
564.894383,235,3046.043938
413.470262,235,3046.295861
651.049268,348,3046.649887
1084.072328,431,3047.09027
1080.863998,422,3047.544655
714.125987,284,3047.823392
428.418061,248,3048.089629
91.45661,51,3048.156253
185.629957,144,3048.300456
212.161558,150,3054.159422
504.325323,194,3054.340634
427.373019,249,3054.59801
91.274763,44,3054.661298
894.525889,362,3055.024531
503.904334,201,3055.229801
896.037447,363,3055.595806
398.042981,249,3055.855843
91.060145,43,3055.922256
504.738659,207,3056.133246
566.124001,222,3060.246509
97.120866,90,3060.34577
712.479595,272,3060.615973
897.708956,355,3060.96926
110.288662,96,3061.08296
91.764482,40,3061.135549
503.890663,203,3061.344473
566.093522,218,3061.564307
421.113617,262,3061.842596
15.502111,39,3061.894282
92.283549,43,3067.481574
109.934126,93,3067.645972
712.523101,287,3067.940156
505.651748,196,3068.142245
211.140034,149,3068.302332
1079.410679,451,3068.760064
503.954273,204,3068.958164
896.116005,363,3069.325572
81.215152,57,3069.399003
82.016505,56,3069.465511
757.956556,306,3075.480153
209.519025,148,3075.636856
566.093249,216,3075.843797
713.257079,279,3076.108795
895.943756,356,3076.438309
1083.133856,430,3076.879508
711.789384,288,3077.17103
565.748826,225,3077.394868
566.448978,218,3077.607995
1081.641648,451,3078.069649
713.272396,283,3082.128194
894.366846,354,3082.484183
566.546261,226,3082.714284
566.267808,233,3082.935132
896.681877,368,3083.301713
938.925818,386,3083.692169
254.473336,172,3083.895315
1079.634629,435,3084.355443
-8.057173,1,3084.380568
896.568207,363,3084.728361
297.411532,178,3090.384813
567.54687,219,3090.627485
445.721887,275,3090.899739
81.030805,59,3090.979988
565.968248,223,3091.197493
110.108819,95,3091.312162
566.814161,221,3091.533379
714.718817,282,3091.819798
82.532237,56,3091.895941
504.960551,197,3092.083897
1082.015525,454,3096.570246
198.321114,138,3096.727725
895.781865,352,3097.081956
1079.863887,445,3097.549123
413.379551,234,3097.805537
505.621161,204,3098.003377
712.85275,276,3098.294457
895.036747,360,3098.653225
565.926668,224,3098.866361
345.274805,208,3099.100174
507.085658,189,3104.793216
101.731987,91,3104.915212
895.298527,365,3105.276781
177.184213,131,3105.409153
420.304726,259,3105.675332
755.116086,317,3106.008779
505.348271,195,3106.20576
428.81401,245,3106.466164
297.49675,180,3106.664145
564.634241,226,3106.888799
457.671545,265,3112.68675
105.219236,95,3112.78448
176.375002,142,3112.925212
-16.065474,1,3112.950812
894.490626,366,3113.290748
483.659246,285,3113.573689
567.153885,218,3113.789454
267.180081,172,3113.975748
411.337506,238,3114.228019
413.874914,237,3114.474062
712.640895,280,3118.423406
712.729507,276,3118.706326
420.170926,254,3118.974901
260.64666,179,3119.164504
503.789029,206,3119.358107
504.799922,200,3119.559666
247.000432,167,3119.725637
713.626065,284,3120.002445
90.817465,55,3120.073474
81.329424,58,3120.148387
354.984689,204,3126.130629
894.174386,363,3126.49392
711.447144,285,3126.778888
92.693116,39,3126.842201
506.3886,190,3127.026266
218.566551,163,3127.200891
504.709844,197,3127.389005
151.997505,120,3127.531536
287.039381,172,3127.71086
185.835007,142,3127.855672
117.098815,99,3131.708809
1081.808483,455,3132.192469
896.799009,348,3132.533426
336.881234,211,3132.745493
451.578782,258,3132.997694
1081.757784,426,3133.437725
504.469902,197,3133.629983
893.994857,356,3133.972562
411.675108,238,3134.229665
406.933332,247,3134.507059
565.243877,228,3140.316524
16.351256,42,3140.382395
505.609735,203,3140.581729
565.615162,230,3140.803667
1079.337799,450,3141.287822
504.335174,194,3141.480432
713.054671,278,3141.769666
237.543391,159,3141.953327
566.401899,224,3142.163713
272.123562,166,3142.366695
711.299144,289,3148.094235
254.670492,166,3148.271863
400.727547,223,3148.492274
119.27891,93,3148.604313
218.628112,159,3148.766551
413.353236,238,3149.02178
517.153938,279,3149.303697
713.335151,275,3149.577813
712.509407,283,3149.855342
566.039261,221,3150.072726
895.932742,358,3154.046897
754.170608,329,3154.379898
636.027788,338,3154.735394
503.949801,196,3154.922541
895.955432,363,3155.277246
756.096124,327,3155.628639
1078.545498,447,3156.081757
119.708755,93,3156.197136
81.2258,60,3156.267685
713.186878,280,3156.545251
895.97555,349,3162.208013
565.014344,228,3162.50509
896.832765,349,3162.85274
1080.686926,440,3163.322145
412.738292,231,3163.581697
1080.556772,449,3164.042747
565.003747,224,3164.263893
210.752363,154,3164.439185
564.723519,223,3164.658223
710.404214,289,3164.93294
713.513218,275,3168.899866
503.47238,206,3169.111711
897.222991,353,3169.478204
1080.881396,438,3169.930127
116.057009,103,3170.048339
413.373939,237,3170.293324
469.251162,286,3170.59628
106.777415,79,3170.692004
713.454448,286,3170.971961
463.253125,276,3171.258984
1079.505605,440,3177.139838
564.711999,230,3177.37381
566.741055,220,3177.590512
110.337106,96,3177.706868
1081.090501,438,3178.185578
1081.336901,426,3178.638536
84.686172,85,3178.72878
125.143759,104,3178.847624
710.569307,282,3179.147608
254.534006,168,3179.329899
504.42273,209,3184.851047
894.573826,343,3185.178919
938.300584,371,3185.562951
1079.292164,442,3186.007952
1079.70381,446,3186.527473
565.55389,217,3186.744093
711.763138,275,3187.029375
1080.410584,426,3187.466799
896.762273,355,3187.818566
412.602725,235,3188.061216
261.254024,169,3192.10322
940.159902,380,3192.480254
504.553105,201,3192.678063
1079.655597,452,3193.146769
118.116716,93,3193.260106
103.159476,94,3193.36803
117.970944,94,3193.486846
566.519961,222,3193.717118
266.41724,167,3193.901697
1078.327775,449,3194.366239
505.993206,198,3200.115779
90.219795,50,3200.182232
566.895161,229,3200.399498
896.275252,351,3200.744192
712.787731,278,3201.020292
425.567605,273,3201.30849
896.655275,347,3201.652396
711.691674,282,3201.92727
567.207346,225,3202.154191
185.976985,145,3202.315392
437.142705,245,3206.289181
474.381275,288,3206.588593
398.049952,245,3206.853853
893.620277,357,3207.21743
565.79186,219,3207.437713
109.131037,98,3207.554797
336.682187,230,3207.792256
246.148863,147,3207.954441
567.077276,225,3208.174368
197.555473,147,3208.33373
91.536524,41,3213.664342
91.826155,40,3213.72756
185.762102,142,3213.875493
81.950651,54,3213.943829
565.201133,222,3214.160814
1080.850737,444,3214.638675
714.466861,281,3214.934138
109.312254,92,3215.047213
155.327326,123,3215.182748
265.986414,168,3215.365238
894.626026,362,3221.353683
15.207397,34,3221.405219
92.091709,42,3221.462556
116.880727,89,3221.568837
712.435581,285,3221.84477
565.533075,223,3222.071744
713.205565,274,3222.334691
710.660159,284,3222.614361
564.537669,222,3222.826851
567.666824,221,3223.051902
264.728288,168,3227.085241
438.966079,278,3227.379357
1080.095065,426,3227.817431
503.779247,209,3228.017035
-8.071829,1,3228.047468
89.448293,83,3228.149355
565.399577,228,3228.3688
565.240408,233,3228.597267
753.775298,333,3228.936895
566.490115,224,3229.163188
92.969221,44,3234.672416
-16.064484,1,3234.700104
92.442736,42,3234.755619
232.388809,156,3234.928198
566.726765,217,3235.137829
505.502683,200,3235.328554
318.177592,187,3235.522293
91.513463,44,3235.584496
15.094367,37,3235.640766
317.572275,190,3235.838245
506.121003,202,3241.498478
755.060743,325,3241.823105
505.16001,203,3242.0122
712.522996,283,3242.283501
939.310799,386,3242.66116
564.575021,228,3242.881957
565.495845,221,3243.15512
1081.449828,433,3243.643661
1079.851661,456,3244.111618
217.664649,151,3244.276309
1079.918354,439,3248.534523
413.879903,250,3248.7927
505.160168,196,3248.982374
756.335551,320,3249.306967
413.075313,235,3249.569441
204.509493,150,3249.732021
412.686981,238,3249.984737
427.679564,257,3250.249818
92.67198,41,3250.305152
896.96339,361,3250.672016
405.160698,246,3256.473326
91.998016,48,3256.537014
464.162092,278,3256.821198
505.215529,200,3257.018572
154.210354,124,3257.164807
210.830179,163,3257.335244
92.761593,40,3257.393617
504.992611,201,3257.57696
123.650576,103,3257.710582
711.412041,283,3257.994819
184.671141,142,3261.784202
413.775616,247,3262.04515
894.753863,350,3262.396213
202.646861,155,3262.595815
1081.151927,431,3263.058398
91.083435,42,3263.117851
109.243277,105,3263.237849
504.996813,194,3263.441778
896.847476,357,3263.815384
429.185723,252,3264.081039
755.447386,329,3269.916381
1079.148879,435,3270.427039
1079.548244,444,3270.888897
91.499364,45,3270.949317
894.968269,359,3271.295845
155.14892,121,3271.43821
712.251358,282,3271.719365
755.05111,321,3272.047086
505.958507,205,3272.262869
1080.677628,432,3272.717831
116.503309,100,3278.440212
712.363276,275,3278.70511
405.878717,246,3278.951381
92.795684,40,3279.012217
712.124437,278,3279.284922
894.810959,353,3279.628094
91.625349,37,3279.677476
-8.072133,1,3279.709549
412.143339,234,3279.968428
566.619578,222,3280.188322
506.261384,193,3284.009621
1082.858662,425,3284.453195
565.580059,222,3284.672674
119.56704,95,3284.794061
92.862941,43,3284.850059
566.420875,218,3285.070084
565.790067,219,3285.288541
36.12541,82,3285.380901
894.887194,363,3285.736628
92.038008,38,3285.789806
414.794084,238,3291.792586
896.4608,350,3292.171742
91.080861,44,3292.232265
503.834227,198,3292.424342
754.302404,338,3292.768999
504.725169,202,3292.971444
565.418183,222,3293.187987
754.924138,312,3293.515821
1079.018266,452,3294.00476
505.470541,204,3294.198555
504.335982,203,3298.086293
71.929495,69,3298.177285
406.2647,239,3298.472832
93.077955,38,3298.534539
413.526607,237,3298.787581
893.974806,364,3299.1518
896.026709,349,3299.500702
449.751227,266,3299.781446
398.00515,242,3300.091774
503.443054,285,3300.370474
893.507068,365,3306.173686
506.043668,196,3306.36846
894.073259,360,3306.714077
74.557689,66,3306.806752
503.623829,206,3307.013401
411.456014,233,3307.260288
448.345629,268,3307.537864
441.799295,252,3307.809515
892.920594,365,3308.1901
1081.944866,429,3308.635551
438.752238,259,3314.416339
566.488489,225,3314.628036
412.435403,232,3314.869063
-16.073469,1,3314.894377
440.774893,261,3315.174414
216.925578,151,3315.328081
412.166244,239,3315.585357
8.532967,29,3315.628584
863.681261,435,3316.085249
712.00392,284,3316.370946
504.036509,197,3320.10714
413.558695,229,3320.375768
503.575566,195,3320.564774
1080.085604,433,3321.009583
152.532903,120,3321.142985
894.565435,358,3321.490227
421.940859,245,3321.752468
566.717046,215,3321.954513
414.214796,229,3322.205742
565.28111,218,3322.420262
504.98275,205,3328.212584
505.76671,195,3328.401984
712.732369,280,3328.675517
447.18008,262,3328.945557
893.673356,361,3329.30627
504.730599,199,3329.497687
505.059253,195,3329.697609
93.193414,38,3329.749534
440.076235,266,3330.037295
565.674429,219,3330.262996
210.456719,149,3334.155198
1081.085751,436,3334.608834
712.447044,272,3334.881071
459.180423,269,3335.180662
895.171058,341,3335.515512
412.010574,238,3335.773853
565.379345,228,3335.997796
406.341336,242,3336.260874
81.348996,64,3336.340137
504.099863,210,3336.546241
504.345277,199,3341.993808
405.102096,251,3342.2533
892.996358,364,3342.615696
242.678402,154,3342.790354
264.320702,173,3342.970279
896.002432,347,3343.323853
893.869032,366,3343.685423
894.980589,357,3344.045222
504.466993,199,3344.244486
713.030159,272,3344.53574
896.220495,354,3350.339939
22.34103,43,3350.406585
258.39228,168,3350.591945
1082.308241,426,3351.028499
296.186359,171,3351.206679
412.51786,230,3351.451384
82.535114,57,3351.522781
755.05965,322,3351.849388
505.329422,192,3352.038317
231.096355,162,3352.214706
266.389871,176,3356.592294
91.430042,39,3356.655985
898.162239,344,3357.014517
82.034049,62,3357.084558
461.573929,283,3357.380475
412.835761,238,3357.693444
108.550487,85,3357.802584
894.818308,354,3358.150186
895.680839,355,3358.508001
1078.868587,450,3358.969717
439.222486,272,3364.949664
895.057715,358,3365.306086
566.054894,222,3365.527472
506.061402,203,3365.717429
266.841372,177,3365.917482
565.489052,228,3366.144084
566.115081,229,3366.371406
7.842306,33,3366.428216
505.211499,203,3366.62335
505.375506,200,3366.824388
626.542896,342,3372.607572
1079.127362,450,3373.058583
623.880535,327,3373.375571
1078.480656,455,3373.827563
714.973829,268,3374.094953
895.713603,361,3374.468825
412.84312,241,3374.718511
82.498561,55,3374.787603
155.363848,121,3374.92886
566.696063,229,3375.155441
784.111348,405,3379.331315
466.184545,296,3379.636792
565.86415,227,3379.865404
755.10269,321,3380.184604
536.945361,277,3380.547228
938.722796,377,3380.936359
565.526022,225,3381.159961
1080.317657,438,3381.619655
295.863641,185,3381.818727
15.143653,37,3381.875358
151.807792,119,3387.586401
710.923571,286,3387.860004
937.377001,381,3388.254701
101.978932,81,3388.354797
92.449699,38,3388.411656
896.687125,353,3388.755887
-8.072448,1,3388.784987
894.966475,364,3389.143827
566.525749,213,3389.354037
313.074498,189,3389.55123
475.407568,288,3393.649738
343.161654,199,3393.877752
1078.301125,446,3394.340759
80.948041,55,3394.419407
894.139208,355,3394.768044
252.523516,169,3394.951376
92.835697,41,3395.008427
566.051361,221,3395.228275
712.483721,274,3395.494451
91.789713,45,3395.557391
564.956128,225,3401.338923
894.149013,364,3401.700165
564.378018,228,3401.921168
492.816607,273,3402.188419
506.8993,197,3402.388532
564.71391,217,3402.598783
117.732361,102,3402.712199
939.739663,364,3403.080924
383.309468,221,3403.321218
565.577188,227,3403.542908
283.769856,170,3409.333619
893.976768,351,3409.666829
895.167129,348,3409.990242
713.437237,273,3410.244622
413.956073,252,3410.50727
506.467019,196,3410.697307
91.61029,45,3410.756526
755.220604,319,3411.076707
712.902977,274,3411.362822
505.918693,206,3411.57626
711.173876,276,3415.643627
412.111854,239,3415.888197
1080.076554,429,3416.400947
506.798691,195,3416.595962
414.582224,232,3416.838192
565.596234,230,3417.063633
186.172508,140,3417.205127
101.762629,90,3417.311397
149.478917,123,3417.448951
412.288353,236,3417.703088
404.76092,254,3423.524843
117.936582,92,3423.638188
93.504438,42,3423.696192
755.905095,325,3424.035857
506.46752,193,3424.2281
447.899627,277,3424.521168
624.940851,337,3424.862891
152.048717,119,3424.992535
566.667311,224,3425.216536
1078.542135,438,3425.675338
184.556328,146,3429.53496
411.318716,238,3429.812374
-8.065445,1,3429.836223
567.552092,218,3430.046067
893.862711,362,3430.410963
756.49061,317,3430.76292
895.192271,364,3431.136535
564.845485,231,3431.363316
254.790188,169,3431.551807
92.411336,42,3431.611349
505.838182,200,3437.163384
566.039338,226,3437.384438
567.101421,221,3437.605575
185.664428,146,3437.754783
1080.139684,434,3438.213654
254.694456,164,3438.392757
565.404779,221,3438.67216
1080.158885,423,3439.103951
504.417722,199,3439.302648
292.401743,177,3439.497688
413.108389,233,3445.408306
710.936282,279,3445.674642
411.936287,233,3445.92168
564.853072,231,3446.149017
711.53638,280,3446.421436
427.496416,257,3446.6942
566.487368,222,3446.920293
117.256925,102,3447.041899
6.850564,32,3447.093369
503.029674,196,3447.283431
895.832712,362,3451.401679
271.808739,174,3451.598553
713.882082,280,3451.874258
91.875263,42,3451.932508
259.571566,173,3452.116907
74.974273,66,3452.185017
712.91028,282,3452.467356
413.886549,233,3452.715926
412.609783,238,3452.972104
-8.056268,1,3452.998182
-16.050846,1,3458.576311
565.94341,226,3458.803953
713.121907,284,3459.08363
894.356831,361,3459.476348
91.507302,41,3459.536845
411.77927,234,3459.790882
266.950847,173,3459.975481
412.868799,237,3460.232957
44.744281,600,3460.804809
504.843806,195,3460.989858
712.309406,277,3464.945771
142.329767,116,3465.064268
370.743135,215,3465.29055
505.265887,200,3465.490193
-8.065602,1,3465.514832
1081.705221,430,3466.015558
92.032057,37,3466.070114
333.814792,198,3466.282501
92.383988,42,3466.33517
92.844011,38,3466.392637
504.669662,192,3472.191469
90.903428,46,3472.253635
294.955327,180,3472.461197
412.511125,244,3472.719435
218.971746,155,3472.883258
-8.039525,1,3472.909349
156.564173,119,3473.043645
203.681921,152,3473.216489
92.62339,41,3473.274515
-16.072723,1,3473.30055
712.357157,288,3479.124966
896.360952,354,3479.498861
1080.285063,434,3479.943092
712.368302,280,3480.219705
504.591595,202,3480.423879
218.241152,164,3480.597748
411.303098,234,3480.845904
938.600734,376,3481.221797
566.133121,229,3481.451442
210.854281,161,3481.624496
504.175473,195,3485.453959
110.787491,99,3485.563646
130.111731,113,3485.696856
504.513349,198,3485.891628
92.625169,42,3485.95028
504.113407,204,3486.14867
91.353145,42,3486.195883
342.877784,195,3486.414428
505.723389,195,3486.604461
566.848763,221,3486.831957
1079.879569,447,3493.016312
1078.567693,439,3493.57992
7.010277,32,3493.627577
410.078794,241,3493.991329
506.106833,189,3494.217957
154.578978,120,3494.356549
94.086465,38,3494.429673
895.018032,365,3494.807187
81.688197,52,3494.87192
893.858438,363,3495.238113
939.274145,378,3501.151434
177.582649,136,3501.278309
412.854215,235,3501.527914
1080.047152,425,3501.950967
564.106827,219,3502.155787
449.284747,258,3502.425566
565.455709,224,3502.655095
895.446668,355,3503.007895
413.215436,237,3503.25476
893.792556,363,3503.614069
505.878094,268,3507.520154
92.572559,44,3507.58071
503.626024,199,3507.786961
712.21711,282,3508.064868
713.359434,275,3508.343384
1078.043483,447,3508.822077
756.484531,314,3509.154038
406.697701,246,3509.406557
1081.881739,431,3509.854567
119.275391,90,3509.966957
1077.074866,453,3515.994175
712.387825,277,3516.288426
1079.112117,450,3516.75134
936.921731,394,3517.1508
754.521723,321,3517.471251
412.774929,237,3517.736626
410.874865,241,3517.988669
117.527928,100,3518.107581
895.359626,361,3518.460065
-8.081091,1,3518.488144
894.023199,370,3522.598946
440.040129,261,3522.871856
91.228478,43,3522.930583
1080.014237,427,3523.383555
626.113349,340,3523.725355
149.050955,117,3523.86213
1079.736597,431,3524.362724
505.098638,195,3524.558116
504.262435,196,3524.747877
412.164909,232,3524.997885
712.223493,278,3530.92432
712.686648,282,3531.204854
505.539227,196,3531.388827
505.476908,194,3531.583526
504.992583,201,3531.779494
92.363332,40,3531.835121
505.027981,193,3532.022513
-16.059778,1,3532.050884
411.481261,233,3532.294979
48.729859,64,3532.372292
505.523447,200,3538.012592
1079.47,433,3538.440114
711.092113,287,3538.706736
355.364873,210,3538.927323
67.026257,70,3539.018099
1079.364772,437,3539.466881
895.692767,348,3539.805579
757.211833,316,3540.127585
92.006573,43,3540.187829
265.783799,176,3540.380697
565.116375,226,3544.242083
-8.057549,1,3544.272221
109.015077,98,3544.388169
713.403917,282,3544.655288
938.714342,371,3545.039109
713.382127,269,3545.29787
92.056421,41,3545.354777
894.682926,363,3545.711739
412.387881,239,3545.962423
92.715991,39,3546.020535
152.412773,119,3551.522136
412.696622,240,3551.768771
1080.750913,438,3552.221949
1080.287899,449,3552.683575
565.897713,214,3552.888104
110.031905,99,3553.013242
429.645962,245,3553.27843
92.283613,43,3553.330038
756.862649,311,3553.656989
454.435147,274,3554.007328
242.432568,147,3557.73679
91.980753,40,3557.798085
564.675903,230,3558.0281
937.400937,390,3558.411762
1081.680478,429,3558.852201
378.627463,180,3559.096689
895.10723,362,3559.471084
54.263065,69,3559.564281
1078.593442,434,3560.034744
8.300822,31,3560.077761
1079.730589,434,3566.06251
218.141989,163,3566.236502
711.778026,279,3566.509391
711.496222,283,3566.793089
410.107364,234,3567.031696
608.299001,330,3567.389643
124.642451,109,3567.512982
1081.367422,434,3567.959006
503.444618,196,3568.148946
91.040534,47,3568.209158
-16.054831,1,3574.042132
505.26947,191,3574.226359
893.956006,360,3574.565011
895.269995,355,3574.958332
505.728667,195,3575.150089
755.310346,314,3575.467977
80.955141,61,3575.541191
89.613341,84,3575.647507
566.456277,217,3575.869792
92.721474,41,3575.926201
89.504351,48,3579.699682
82.038373,54,3579.777694
1079.211658,439,3580.317689
709.673892,285,3580.613698
566.161013,224,3580.833715
894.531408,350,3581.181297
713.67617,271,3581.481311
412.592443,241,3581.749597
94.320787,88,3581.889335
711.427361,274,3582.166507
80.6562,66,3587.713438
505.904204,198,3587.920058
92.27105,43,3587.97805
428.170764,247,3588.313192
1078.992613,452,3588.78839
566.677861,215,3589.00362
195.660313,148,3589.136483
231.135377,162,3589.342657
1082.76049,436,3589.80336
566.498991,222,3590.026842
1080.483677,426,3594.259767
-16.041899,1,3594.280699
265.73652,170,3594.468355
711.421526,285,3594.760407
109.514134,96,3594.86916
412.291171,230,3595.117495
83.409967,81,3595.214697
754.839162,322,3595.547162
893.657484,356,3595.892598
565.504204,231,3596.146412
504.725046,272,3601.77303
148.952394,112,3601.907828
564.909845,223,3602.124196
440.879804,250,3602.379619
109.691053,91,3602.491431
1079.932465,434,3602.94604
433.316924,261,3603.214379
119.916951,96,3603.340455
505.875358,193,3603.52919
712.100538,269,3603.806273
331.108364,203,3609.432669
92.448494,44,3609.485999
155.810762,124,3609.625039
711.648442,271,3609.877993
505.337734,200,3610.069947
712.700429,268,3610.333717
894.070896,353,3610.671667
895.568687,356,3611.036134
1078.503234,437,3611.54901
894.400974,357,3611.903401
712.809961,276,3615.899403
125.109137,100,3616.020193
247.429321,169,3616.201372
338.067875,220,3616.428872
566.222993,221,3616.648354
65.975313,68,3616.728952
503.828108,206,3616.933412
565.278852,230,3617.15871
935.969669,394,3617.558592
426.429433,264,3617.831065
895.095707,361,3623.748339
266.046046,170,3623.93037
566.359492,226,3624.155227
415.27714,254,3624.430374
504.614041,198,3624.620697
1077.597652,443,3625.07625
117.447517,102,3625.202945
92.018282,45,3625.260857
712.390149,275,3625.536416
564.338838,229,3625.769422
785.692196,403,3631.877949
712.057411,275,3632.136916
91.671158,41,3632.192496
712.531497,280,3632.458479
226.241976,167,3632.616164
92.34918,39,3632.670515
504.001608,199,3632.857921
412.638459,233,3633.102879
82.998912,55,3633.169637
895.122633,347,3633.502538
711.992181,278,3637.521919
1081.483929,440,3637.997283
502.497368,209,3638.196002
-16.047548,1,3638.231247
91.110514,50,3638.296078
504.962835,190,3638.483195
754.55671,322,3638.856136
894.419252,359,3639.208065
6.152882,31,3639.260939
565.930744,217,3639.48305
504.208339,204,3645.185571
711.72642,285,3645.461794
711.649429,285,3645.73961
1078.986195,446,3646.211644
119.488819,92,3646.323606
113.453886,100,3646.428642
89.117514,62,3646.505034
893.950353,368,3646.89227
506.211957,191,3647.075297
565.380738,224,3647.294282
211.449987,150,3650.951485
210.641973,148,3651.113836
412.025796,239,3651.368686
712.013284,271,3651.639798
565.716326,228,3651.850775
503.650611,197,3652.048714
754.326825,321,3652.376258
155.318969,117,3652.509173
1078.980694,446,3652.962204
89.408001,58,3653.052992
712.656823,283,3658.807484
503.777533,207,3659.008143
504.062624,208,3659.21348
232.755996,164,3659.399505
503.628629,196,3659.591608
893.580854,362,3659.959308
152.16986,121,3660.08791
446.727058,272,3660.412
419.8896,239,3660.664963
82.31769,78,3660.752308
896.735322,355,3666.741215
895.099429,369,3667.08005
-8.074196,1,3667.109664
938.51408,374,3667.470558
1080.355527,440,3667.926265
81.140569,52,3667.992812
505.544495,199,3668.176775
565.134936,229,3668.419869
504.046768,210,3668.625575
92.443063,44,3668.685429
757.340148,310,3672.659426
566.646519,218,3672.885346
713.222196,283,3673.165593
504.591861,205,3673.371885
342.92141,195,3673.618945
565.752717,220,3673.900114
89.669481,53,3673.972924
217.929581,155,3674.137836
894.742613,362,3674.499876
711.720341,290,3674.804407
893.354619,368,3680.597687
1080.325909,422,3681.042004
419.717464,236,3681.30377
565.87497,226,3681.523729
151.919818,124,3681.670124
91.818923,42,3681.72769
504.161639,194,3681.923128
-16.069605,1,3681.948438
411.392773,233,3682.238535
504.799273,194,3682.426517
120.027339,93,3686.185437
1079.852005,442,3686.651201
893.492215,377,3687.0372
433.789541,266,3687.331572
92.757888,40,3687.389865
713.300271,273,3687.662592
565.144546,223,3687.883537
123.278803,106,3688.002658
607.190146,316,3688.327021
894.439338,344,3688.667115
712.116905,279,3694.448603
313.279962,188,3694.647827
231.899062,161,3694.829582
1080.082865,451,3695.308031
414.903324,246,3695.563806
1079.183697,433,3696.024233
1078.098078,451,3696.483337
123.893033,105,3696.606096
-8.077065,1,3696.686217
216.544393,158,3696.857485
405.253644,246,3702.57538
566.063394,224,3702.797537
503.07163,202,3702.986374
419.434022,257,3703.25853
1078.80227,445,3703.737012
288.894031,170,3703.915037
411.349037,241,3704.1718
504.300641,192,3704.349949
504.850754,194,3704.543099
713.820286,286,3704.815507
218.090449,155,3708.555166
895.298748,368,3708.918342
713.167561,273,3709.19898
755.610594,318,3709.525555
754.818801,322,3709.854898
210.966288,147,3710.018261
91.78422,39,3710.071299
91.239551,44,3710.135345
98.127159,55,3710.20776
419.168156,261,3710.47861
93.219068,36,3715.962001
343.3638,201,3716.176134
119.838693,94,3716.290269
412.059194,234,3716.532166
413.349121,239,3716.791319
566.314283,227,3717.011498
712.971358,281,3717.286422
756.708224,318,3717.617761
893.940675,364,3717.973542
110.411404,95,3718.089936
503.577285,207,3722.103767
430.678487,246,3722.365491
712.709529,275,3722.631966
712.129477,280,3722.916371
82.743633,56,3722.989
92.381032,42,3723.049352
1081.28798,433,3723.582814
412.042335,238,3723.831683
92.068888,39,3723.88888
92.581164,38,3723.943325
893.684374,355,3729.61547
712.698784,284,3729.894677
895.057241,344,3730.24082
259.328485,176,3730.436076
894.965831,355,3730.77518
82.249016,56,3730.85397
566.032386,217,3731.073257
92.27716,37,3731.12294
504.924141,197,3731.319027
564.442513,227,3731.547201
756.440498,316,3737.764566
1082.202363,428,3738.215541
577.854185,304,3738.551126
93.089524,37,3738.601426
1079.238541,438,3739.074917
1081.865047,451,3739.540045
342.303664,199,3739.769356
1079.249671,442,3740.229422
414.640957,256,3740.498755
504.326959,197,3740.688088
235.524651,155,3744.400686
712.472554,282,3744.692337
346.006134,202,3744.915854
504.286552,202,3745.111418
1081.261713,438,3745.582411
504.028806,190,3745.766655
565.061353,224,3745.982925
184.843465,144,3746.125003
714.07336,277,3746.394931
1079.381966,453,3746.866603
565.486334,226,3752.487976
1078.156479,449,3753.003026
565.129721,220,3753.229158
894.645201,364,3753.589317
318.07117,193,3753.787813
1082.146779,438,3754.303829
407.142317,250,3754.571047
255.363013,175,3754.755274
938.574098,384,3755.149609
82.185827,56,3755.226151
756.712036,320,3759.278776
413.383276,250,3759.536606
565.372892,225,3759.754077
148.369866,118,3759.895513
564.961252,228,3760.11731
895.04317,363,3760.502877
217.169135,161,3760.680231
82.653015,49,3760.746794
609.050788,330,3761.085941
896.260706,357,3761.443599
567.540387,223,3767.165639
896.749485,359,3767.521598
715.141456,271,3767.79788
92.419185,39,3767.846173
414.646143,252,3768.141279
98.53787,51,3768.207879
504.755899,203,3768.415736
211.415116,160,3768.592141
1079.486735,447,3769.053574
713.294362,287,3769.338851
460.786469,281,3775.056707
412.375811,237,3775.306024
184.567851,144,3775.45736
711.317335,286,3775.740552
502.425636,208,3775.941422
186.62145,140,3776.088015
895.677085,350,3776.425365
712.381179,277,3776.703113
565.90203,230,3776.927445
712.283862,287,3777.213375
711.682454,285,3781.155227
1078.637422,449,3781.635886
712.23937,287,3781.915806
81.055317,55,3781.987544
504.229535,197,3782.172939
412.445088,237,3782.423543
503.525496,201,3782.619588
711.099616,286,3782.896923
713.201207,281,3783.1814
937.502333,384,3783.625405
504.682442,195,3789.247592
713.49037,268,3789.516658
92.367315,42,3789.574952
505.350749,205,3789.77388
896.316766,355,3790.137501
892.59863,361,3790.482262
566.072261,220,3790.703572
271.965652,180,3790.8957
266.376846,158,3791.10587
420.350877,247,3791.371863
1078.501061,453,3797.260655
93.104306,37,3797.310758
755.180653,318,3797.613267
715.161673,275,3797.887502
894.79036,358,3798.246766
1078.476606,443,3798.703649
91.758728,44,3798.763818
1080.111421,429,3799.199128
435.97058,258,3799.471994
565.375266,225,3799.695164
-16.061153,1,3803.460406
504.43291,194,3803.691026
1080.32368,448,3804.268672
566.300912,226,3804.497208
713.029633,283,3804.775596
216.956346,152,3804.936936
565.407198,217,3805.152418
-16.069921,1,3805.176904
411.413834,231,3805.418817
712.665503,283,3805.700661
463.859406,254,3811.333164
92.58878,41,3811.388343
503.853246,198,3811.578153
754.302473,318,3811.898164
938.753214,371,3812.273083
711.61705,280,3812.545006
110.806957,93,3812.714335
93.297269,37,3812.765995
712.600266,284,3813.048717
81.777858,55,3813.118648
410.74349,239,3816.901599
893.571225,369,3817.275637
565.858459,223,3817.503722
896.339473,350,3817.853763
261.798447,176,3818.046933
711.798087,271,3818.332051
116.502332,91,3818.439991
91.258344,41,3818.501564
504.488252,198,3818.690968
1079.458737,439,3819.135972
184.650512,142,3824.684745
475.675162,291,3824.978214
-16.057693,1,3825.003336
896.087483,351,3825.348089
894.370183,355,3825.69326
94.362655,41,3825.759588
1082.071396,442,3826.221981
505.246527,192,3826.412882
431.102448,238,3826.661733
896.32358,354,3827.018613
896.847847,345,3832.787278
1078.162793,451,3833.250802
243.577834,150,3833.405335
711.458095,282,3833.682666
566.856406,230,3833.910479
91.596268,42,3833.965903
92.928485,36,3834.018762
712.670277,281,3834.32156
1082.644012,428,3834.794791
413.036314,230,3835.037656
456.55548,274,3838.984035
256.592484,162,3839.165331
1081.007835,432,3839.630573
93.736017,37,3839.680813
1081.070827,428,3840.135104
565.860669,222,3840.359674
93.041161,36,3840.418862
434.680026,259,3840.693719
1082.045055,426,3841.145462
411.740226,235,3841.418377
566.206652,216,3847.09153
-16.052252,1,3847.171279
504.774711,200,3847.356291
1078.56083,447,3847.867175
411.83328,241,3848.125017
-16.05905,1,3848.151378
895.525879,358,3848.507039
290.050581,172,3848.687845
565.729639,214,3848.900676
713.519454,288,3849.1803
149.025671,114,3853.209375
503.924236,201,3853.406692
1079.457442,436,3853.878867
566.469395,220,3854.103152
756.556422,312,3854.425584
505.170005,199,3854.625669
713.396828,280,3854.89582
938.373975,379,3855.276613
185.29037,140,3855.428766
503.827356,206,3855.626852
1079.645592,426,3861.63948
713.531337,270,3861.910649
92.598566,41,3861.962914
1080.960739,427,3862.420203
756.059885,322,3862.748282
504.832632,199,3862.941714
1080.728365,438,3863.395364
895.955341,371,3863.750264
503.802648,201,3863.949541
203.098179,141,3864.097625
714.599775,273,3869.879394
93.150723,35,3869.936813
92.688432,39,3869.990245
566.360959,229,3870.223467
93.076688,40,3870.274381
504.028911,200,3870.489952
505.03513,204,3870.718474
218.991777,147,3870.891963
897.223985,361,3871.242025
566.960503,223,3871.527696
757.196989,310,3875.976385
260.976728,171,3876.199019
1079.782174,431,3876.667594
714.65986,273,3876.935044
938.349106,377,3877.318261
91.825278,38,3877.377394
895.921487,346,3877.713951
92.776531,39,3877.767157
503.578299,200,3877.964411
93.246385,40,3878.01562
566.224596,223,3883.660355
92.744614,42,3883.722477
714.545575,276,3883.991391
413.565261,231,3884.238344
939.450916,374,3884.618116
939.959475,382,3885.004297
144.531258,117,3885.137375
755.934475,325,3885.465235
566.926866,216,3885.678134
413.056721,240,3885.935804
414.679544,246,3889.849059
564.819478,223,3890.064429
714.052738,281,3890.347167
896.485298,350,3890.687599
894.316137,350,3891.041135
896.385927,351,3891.38611
93.353176,39,3891.445922
504.866282,200,3891.647023
505.516414,201,3891.829963
895.85506,348,3892.183586
66.40334,71,3897.692761
894.848234,357,3898.037678
92.537068,38,3898.091696
938.260412,374,3898.468814
92.804966,39,3898.522073
566.987106,225,3898.763363
-16.061012,1,3898.784091
565.991228,220,3899.065527
713.161421,286,3899.348647
90.181189,45,3899.414367
412.166721,234,3905.161821
415.157944,235,3905.410655
894.748903,354,3905.751626
505.754285,192,3905.943621
895.312752,361,3906.302644
566.778629,223,3906.52669
155.544042,117,3906.668521
505.819764,193,3906.86286
896.227338,352,3907.200275
1078.41309,447,3907.658479
712.862732,276,3911.526757
92.952509,37,3911.585902
116.999541,98,3911.706283
712.897803,278,3911.986382
756.156613,314,3912.302527
503.465877,195,3912.493403
711.789451,283,3912.766457
-8.074534,1,3912.79698
93.016068,37,3912.85111
1079.319715,441,3913.301304
505.45148,194,3919.149775
938.848004,389,3919.569356
92.266966,42,3919.631786
895.492648,370,3920.004938
896.016379,353,3920.360171
712.539645,277,3920.630286
1078.268009,453,3921.087922
503.940376,194,3921.280631
711.78892,280,3921.560723
504.030029,192,3921.762649
895.274174,350,3927.964946
567.033663,217,3928.167606
566.047843,222,3928.377064
565.038602,217,3928.581388
-16.050892,1,3928.6072
564.7319,220,3928.823402
155.588028,116,3928.946769
1079.492063,450,3929.426933
754.718284,322,3929.76352
893.835353,363,3930.131156
711.941919,286,3934.02131
1080.171961,445,3934.487751
412.652179,233,3934.733201
895.05026,347,3935.097047
429.874247,242,3935.348654
564.273713,220,3935.558509
116.358827,100,3935.669165
711.90711,278,3935.958175
567.359803,217,3936.162595
91.721784,41,3936.232556
118.238876,95,3941.778241
566.350015,227,3942.000276
894.16727,360,3942.352397
1081.36457,437,3942.805491
643.669514,331,3943.143172
92.751432,39,3943.188082
93.317356,37,3943.250592
564.31456,222,3943.455438
757.51005,306,3943.775528
937.68047,389,3944.175576
756.949694,320,3948.141204
505.829324,204,3948.350262
506.276207,268,3948.616139
425.91239,262,3948.909307
155.181811,122,3949.038657
429.430221,233,3949.282436
565.571692,222,3949.503521
227.570993,165,3949.723277
-8.031916,1,3949.745874
894.490826,355,3950.090207
713.903333,277,3955.944311
1082.520009,422,3956.38166
265.593989,172,3956.574471
504.038389,194,3956.764177
1080.106955,432,3957.238149
504.436496,193,3957.424647
711.161907,278,3957.697291
505.739743,193,3957.892056
505.208486,210,3958.096029
564.166151,222,3958.315984
503.473699,206,3964.262435
420.445337,258,3964.513568
447.624461,265,3964.769369
895.191797,351,3965.115263
430.110615,246,3965.387031
257.102485,171,3965.556179
713.782487,270,3965.829401
92.503823,40,3965.886506
420.229565,234,3966.132287
894.529501,367,3966.494459
505.666642,191,3970.223842
566.949663,224,3970.448794
937.52655,384,3970.843472
-16.068665,1,3970.868533
712.470234,281,3971.145955
91.749229,41,3971.208251
625.420037,338,3971.545652
455.561428,269,3971.834607
711.983768,283,3972.1114
895.142396,347,3972.461685
894.899228,370,3978.343753
504.460223,202,3978.536529
564.540837,227,3978.754193
1080.527071,439,3979.230955
893.96598,364,3979.587255
565.110418,223,3979.808902
429.97193,240,3980.056891
476.017974,282,3980.345757
467.181237,281,3980.658723
464.772362,286,3981.044216
504.193835,197,3985.019671
504.275016,194,3985.209367
711.867275,280,3985.487108
895.49073,365,3985.837107
504.153821,200,3986.037322
92.370641,40,3986.099358
711.342491,281,3986.384419
565.967036,231,3986.6101
712.771719,275,3986.889525
894.775749,356,3987.245733
91.748565,39,3992.640342
145.987218,109,3992.761475
1080.086308,429,3993.21595
1078.916213,443,3993.683043
415.43141,250,3993.951968
295.729841,177,3994.139458
155.378874,112,3994.271711
92.635886,38,3994.325101
624.555821,331,3994.669343
755.050771,323,3994.994975
1079.327083,434,4000.905596
714.614861,280,4001.189906
755.799389,319,4001.517194
712.45952,287,4001.810786
713.998103,283,4002.088584
5.85458,27,4002.134682
411.945428,240,4002.382972
244.31485,164,4002.549076
566.52461,218,4002.777007
895.402681,359,4003.124221
894.619671,363,4007.168983
1079.580654,439,4007.633863
895.854744,343,4008.000315
712.392294,274,4008.268816
627.70061,333,4008.623689
1081.625624,448,4009.099884
565.472592,217,4009.376897
97.459453,91,4009.482908
566.232472,224,4009.700394
432.268117,249,4009.97025
419.815057,247,4015.658393
563.771662,222,4015.877493
93.748821,39,4015.938219
505.957549,195,4016.128186
896.1942,350,4016.472067
938.226349,374,4016.850454
1081.432402,425,4017.330812
1080.465763,439,4017.78696
-16.073822,1,4017.812618
564.906254,226,4018.03823
898.196953,351,4022.032273
1079.862055,434,4022.492953
755.858177,324,4022.826128
1081.424168,431,4023.270192
421.485717,237,4023.517259
563.903268,222,4023.740806
83.648675,51,4023.811364
93.023644,35,4023.863755
566.10993,222,4024.100105
755.543898,306,4024.412205
188.115084,144,4029.943121
712.033536,277,4030.213132
1080.316084,440,4030.698273
504.067805,197,4030.893847
939.278573,377,4031.272685
413.408431,238,4031.524241
295.327197,182,4031.725206
505.147405,200,4031.923886
245.044129,152,4032.090126
405.475573,228,4032.328658
82.416389,48,4037.786117
474.191898,287,4038.075535
895.169289,356,4038.485108
504.449901,197,4038.667568
753.891024,322,4039.001146
279.66383,184,4039.205606
505.042682,198,4039.398067
92.776848,41,4039.458764
110.068606,96,4039.569656
625.630206,329,4039.917676
265.828589,173,4043.79885
1077.979209,448,4044.260581
895.62643,353,4044.596038
566.809151,223,4044.824676
896.864604,356,4045.163054
755.659841,330,4045.504836
712.478296,273,4045.782844
504.913678,196,4045.970608
712.957196,276,4046.255893
756.936637,318,4046.608527
504.329211,202,4052.354167
445.085104,278,4052.64595
472.373106,294,4052.945029
565.598686,222,4053.166644
712.352626,284,4053.446855
504.457344,192,4053.641654
565.300885,225,4053.859826
567.273062,218,4054.076575
618.930863,334,4054.429251
563.965316,225,4054.657471
1082.460962,428,4060.566554
565.942189,223,4060.790086
566.467287,223,4060.999501
1078.175478,453,4061.459641
756.585742,313,4061.764797
295.721503,180,4061.959861
1080.10876,433,4062.411126
895.137896,363,4062.764792
92.452381,42,4062.827765
894.411956,360,4063.180138
504.384013,200,4067.167844
252.259337,160,4067.358627
-16.069382,1,4067.387252
150.040723,113,4067.513259
1078.313387,456,4067.976712
117.451339,105,4068.089665
152.958648,112,4068.2199
430.178528,248,4068.489613
757.035134,321,4068.818645
504.166925,193,4069.009267
232.671878,152,4074.605751
755.851788,327,4074.93574
-8.057146,1,4074.961376
184.720054,143,4075.092104
1079.702029,436,4075.549309
939.437964,381,4075.939149
713.043041,277,4076.221419
712.696632,278,4076.500168
260.071654,167,4076.681478
1078.416195,425,4077.120223
504.444361,198,4081.073609
92.319998,43,4081.130312
565.316402,220,4081.346368
504.8906,194,4081.534073
505.626085,199,4081.73045
204.558371,145,4081.882689
1079.577648,435,4082.356096
564.002515,227,4082.582131
116.797119,98,4082.698138
712.47685,283,4082.968112
155.575989,117,4088.483943
713.077046,277,4088.782859
506.033178,191,4088.97223
455.373508,276,4089.270722
220.435824,151,4089.439708
504.504389,199,4089.639668
102.109074,83,4089.746607
566.413288,222,4089.971913
91.816439,42,4090.03034
92.532243,43,4090.087898
276.699903,181,4095.916088
713.353738,274,4096.175515
893.962814,357,4096.508784
-16.043533,1,4096.532909
1079.923052,446,4096.992401
218.31991,155,4097.168099
711.40682,273,4097.451333
895.612349,359,4097.807555
757.099945,315,4098.140545
82.487574,51,4098.206283
98.649047,94,4102.278635
288.211563,174,4102.470594
755.878728,319,4102.825771
893.865259,370,4103.181579
1077.983513,437,4103.637836
756.731842,302,4103.946764
713.162956,278,4104.225089
504.119576,198,4104.416641
212.474039,144,4104.570496
893.028964,369,4104.935027
565.609214,229,4110.601001
411.90943,234,4110.869814
1078.576641,441,4111.325665
896.668673,348,4111.665181
1077.239206,449,4112.130054
503.911801,199,4112.333987
91.434622,43,4112.392237
476.027161,286,4112.680491
893.890945,359,4113.057296
504.201265,192,4113.245853
83.280859,49,4117.244952
71.084231,59,4117.319131
93.204574,38,4117.376544
505.618258,189,4117.565283
505.627652,190,4117.751409
895.582193,351,4118.10571
337.379457,209,4118.321647
211.11803,152,4118.48783
895.120076,354,4118.850098
91.943979,39,4118.899498
939.57588,375,4124.723712
895.494938,359,4125.075909
895.08914,350,4125.409473
565.240809,221,4125.636636
504.681614,198,4125.832487
503.806097,205,4126.025519
412.714941,237,4126.275563
894.234136,365,4126.638102
211.759813,140,4126.788882
711.412283,275,4127.054832
209.835572,150,4132.582642
1079.00702,439,4133.046194
712.531315,282,4133.31264
1079.026977,453,4133.795981
756.551927,320,4134.122825
92.468651,39,4134.177538
894.673719,351,4134.522236
895.750106,362,4134.873163
710.541179,285,4135.17097
505.765633,281,4135.459942
937.100861,384,4139.591536
895.36184,351,4139.952648
565.036284,222,4140.169258
564.257864,228,4140.423599
504.52188,186,4140.608164
503.38625,200,4140.803034
92.096463,37,4140.860274
91.334511,38,4140.914371
555.121266,301,4141.23538
504.801054,201,4141.435014
505.288478,196,4147.178867
404.371374,233,4147.436282
412.885018,229,4147.678152
-16.047518,1,4147.703967
711.845654,284,4147.996338
756.124509,315,4148.322422
756.897106,309,4148.643592
565.663175,215,4148.859134
713.741171,273,4149.128707
91.143512,43,4149.184042
894.336725,363,4153.132994
713.750613,272,4153.456143
895.429006,349,4153.800186
893.822402,353,4154.139935
353.63816,209,4154.366623
894.638346,347,4154.70579
90.991266,43,4154.763731
565.19137,220,4154.975338
91.487589,42,4155.038408
1079.123244,427,4155.495251
895.003623,367,4161.630816
219.183603,143,4161.788295
504.878751,199,4161.979404
893.646445,360,4162.33362
330.388559,194,4162.547005
218.313255,144,4162.700263
894.059703,358,4163.05492
564.144677,221,4163.286565
412.165714,229,4163.559705
756.267847,315,4163.877997
231.466512,159,4169.619814
893.680461,364,4169.990786
564.927225,216,4170.202921
894.950518,355,4170.556202
711.400225,275,4170.818971
154.939345,115,4170.957036
91.677639,43,4171.017684
154.999976,114,4171.144258
711.523335,288,4171.419436
1078.135044,432,4171.886903
712.420371,277,4175.780723
715.557783,276,4176.050782
503.859253,201,4176.242567
565.840953,221,4176.470037
117.436267,92,4176.584518
894.047573,365,4176.952344
153.208762,113,4177.084341
504.898734,193,4177.266011
711.333561,281,4177.556216
711.873425,275,4177.824824
757.569979,318,4183.620832
711.833147,286,4183.908474
472.573882,289,4184.197042
564.991773,223,4184.445613
504.410263,192,4184.632432
504.938927,205,4184.842568
938.070959,385,4185.301512
504.109191,200,4185.5023
757.518371,309,4185.815894
894.100427,346,4186.158384
564.660427,220,4191.72368
-16.083104,1,4191.756536
1079.048507,446,4192.19374
310.873103,197,4192.384553
937.840143,371,4192.749184
504.020013,192,4192.928578
892.531681,358,4193.280787
710.68758,281,4193.563318
1078.034561,428,4194.011402
117.196681,94,4194.119331
1078.859197,435,4198.213838
413.528196,235,4198.470037
505.035062,193,4198.670519
893.852253,361,4199.021014
894.096402,366,4199.377829
1077.712247,441,4199.830157
92.127703,44,4199.889151
131.090271,105,4200.028239
185.481249,141,4200.168484
-16.067255,1,4200.195588
412.959411,238,4205.887554
-16.081829,1,4205.912663
563.848758,227,4206.133734
1077.991676,438,4206.586008
428.656933,244,4206.869479
-8.052911,1,4206.894313
713.271005,274,4207.185234
91.575525,39,4207.243072
232.912484,153,4207.41682
893.557319,356,4207.783899
1078.391855,451,4212.021476
713.06197,281,4212.319716
711.872772,273,4212.591234
317.900155,185,4212.785592
755.67281,316,4213.109499
503.665199,192,4213.302194
502.847716,204,4213.48999
894.957366,361,4213.868323
1077.482856,452,4214.351892
798.314197,389,4214.773804
92.848804,36,4220.225165
892.906034,355,4220.570069
711.262995,273,4220.838156
474.628917,292,4221.156559
938.881926,371,4221.540241
82.381828,47,4221.600814
754.630331,325,4221.928782
891.299898,372,4222.284906
1078.682588,441,4222.745939
894.174052,355,4223.110214
755.71391,310,4228.771482
80.155863,59,4228.837091
894.02295,362,4229.170534
1078.328837,443,4229.617784
895.285188,360,4229.969847
757.594374,315,4230.302177
756.089915,318,4230.619417
713.467582,271,4230.884325
33.222149,43,4230.94989
503.234735,196,4231.139849
504.6623,198,4234.925559
564.632933,217,4235.143736
203.221649,139,4235.303391
81.149315,53,4235.366606
712.533062,277,4235.640625
937.516272,384,4236.031664
1078.406533,431,4236.544141
937.611523,376,4236.922597
92.793254,36,4236.979498
641.005743,337,4237.319868
712.886667,274,4242.948821
506.097055,269,4243.219749
413.407371,241,4243.481816
711.85959,272,4243.747641
713.778398,274,4244.01977
710.853846,282,4244.31769
458.50214,257,4244.585424
564.723409,221,4244.799028
755.179715,314,4245.122814
287.330851,169,4245.299953
710.617957,287,4249.276526
1079.21466,445,4249.793461
475.473648,269,4250.077659
711.968692,283,4250.366804
226.037143,153,4250.527589
713.447763,283,4250.849406
1078.227396,441,4251.304942
427.810224,252,4251.568939
153.178549,114,4251.703769
426.78316,250,4251.969172
712.442251,275,4257.855177
153.222866,116,4257.986354
755.651754,305,4258.300733
565.844879,220,4258.514011
92.273587,38,4258.573167
504.44461,198,4258.764611
894.880426,361,4259.1221
892.530745,361,4259.472487
712.864619,271,4259.746115
92.879077,38,4259.803804
419.73022,237,4265.355357
712.327486,277,4265.612586
564.590998,217,4265.819755
149.615773,113,4265.944556
566.261442,222,4266.172649
754.892158,318,4266.492321
564.645175,223,4266.707824
99.420664,52,4266.779504
152.374939,122,4266.908469
503.79766,277,4267.202824
340.743649,218,4270.976948
756.892057,308,4271.346349
566.927737,218,4271.56207
1077.476461,445,4272.019151
92.488475,42,4272.080463
806.868901,403,4272.500191
1078.383331,436,4272.959403
1079.555327,431,4273.410389
894.13359,365,4273.761176
936.096317,387,4274.155863
505.765294,190,4279.891161
712.079818,282,4280.176032
756.996641,325,4280.51485
893.906704,367,4280.869001
757.349406,309,4281.182501
893.366366,354,4281.531393
711.948466,276,4281.803028
54.361389,68,4281.878704
712.051935,279,4282.148734
893.693109,358,4282.505934
80.571363,60,4286.316605
566.550286,223,4286.570669
937.034858,385,4286.950848
894.32396,363,4287.307137
1078.276038,433,4287.771474
289.091018,172,4287.967554
711.317606,279,4288.260208
503.31876,198,4288.450244
712.321088,275,4288.721758
714.174823,267,4288.986491
565.619779,221,4294.612589
411.882407,232,4294.856221
711.434979,275,4295.128896
757.014784,314,4295.46194
92.328986,38,4295.519291
397.853723,233,4295.763705
144.418142,112,4295.895369
755.965546,323,4296.228166
754.975343,317,4296.613485
504.622904,203,4296.813202
757.779924,317,4302.686679
100.602557,85,4302.788474
412.769378,231,4303.034098
93.405563,38,4303.091133
1078.229734,457,4303.557968
470.874794,289,4303.860517
402.965706,228,4304.105535
713.20543,285,4304.391257
713.620402,281,4304.664681
936.043255,379,4305.050547
91.418194,40,4308.593041
218.439742,151,4308.755846
504.769665,191,4308.94873
896.71449,349,4309.289085
895.736784,350,4309.644814
1078.362833,439,4310.105016
897.025095,353,4310.478491
711.708331,287,4310.771998
504.46301,196,4310.968226
565.789781,221,4311.225428
713.275433,275,4316.963362
432.612915,266,4317.23255
152.201194,110,4317.360207
713.342102,273,4317.629491
711.066525,282,4317.908365
718.281137,378,4318.29701
566.430941,226,4318.520611
286.733177,172,4318.704947
563.74866,225,4318.928448
91.2341,45,4318.988302
505.074436,201,4323.199755
93.225993,37,4323.260527
712.534706,276,4323.532508
84.043103,52,4323.605742
565.797193,211,4323.815421
93.126197,35,4323.878587
713.05225,282,4324.152644
8.293748,32,4324.20269
756.286579,323,4324.539908
565.216955,227,4324.76216
91.755295,38,4330.150917
893.710036,368,4330.526082
504.611297,192,4330.715339
712.892029,272,4330.993904
894.566671,349,4331.337368
712.569506,272,4331.612813
565.088555,219,4331.846126
712.733391,289,4332.118788
564.074082,229,4332.348239
412.738902,229,4332.583357
504.798772,199,4338.206921
755.924629,301,4338.573207
90.929095,46,4338.637093
503.964416,199,4338.831657
503.363395,209,4339.040063
940.175885,383,4339.435881
894.928303,350,4339.808088
756.380937,313,4340.135436
183.936778,143,4340.275485
504.596528,192,4340.469877
91.570659,40,4344.180077
566.049904,227,4344.399853
443.608012,270,4344.680282
565.175635,220,4344.896225
936.588521,383,4345.289183
504.818383,196,4345.477398
-16.082582,1,4345.500406
23.572551,37,4345.56161
895.021752,350,4345.904608
757.503553,305,4346.225828
